Symptom_1,Symptom_2,Symptom_3,Symptom_4,Symptom_5,Symptom_6,Symptom_7,Symptom_8,Symptom_9,Symptom_10,Symptom_11,Symptom_12,Symptom_13,Symptom_14,Symptom_15,Disease
difficulte_a_avaler,fievre,ganglions_gonfles,mal_gorge,maux_de_tete,,,,,,,,,,,angine
douleur_thoracique,essoufflement,expectorations,fievre,sifflement_respiratoire,toux,,,,,,,,,,bronchite
douleur_abdominale_droite,fatigue,fievre,jaunisse,nausees,perte_appetit,urine_foncee,vomissements,,,,,,,,hepatite
douleur_dos,fatigue,irradiation_jambe,limitation_mouvement,raideur_dos,spasmes_musculaires,,,,,,,,,,lombalgie
exophtalmie,fatigue,insomnie,nervosité,perte_de_poids,tremblements,,,,,,,,,,hyperthyroidie
confusion,maux_de_tete_intense,nausees,photophobie,raideur_nuque,vomissements,,,,,,,,,,meningite
douleur_thoracique,essoufflement,expectorations,fatigue,fievre,sifflement_respiratoire,toux,,,,,,,,,bronchite
constipation,douleur_au_mouvement,fievre,nausees,vomissements,,,,,,,,,,,appendicite
anxiete,essoufflement,sifflement_respiratoire,toux_seche,,,,,,,,,,,,asthme
douleur_thoracique,essoufflement,expectorations,fievre,toux,,,,,,,,,,,bronchite
chaleur_articulaire,douleurs_articulaires,fievre,gonflement_articulations,limitation_mouvement,perte_appetit,raideur_matinale,,,,,,,,,arthrite
anxiete,difficulte_a_parler,essoufflement,fatigue,oppression_thoracique,sifflement_respiratoire,,,,,,,,,,asthme
confusion,eruption_cutanee,fievre,photophobie,raideur_nuque,,,,,,,,,,,meningite
cicatrisation_lente,faim_excessive,fatigue,fourmillements,perte_de_poids,soif_excessive,urines_frequentes,,,,,,,,,diabete_type2
confusion,eruption_cutanee,fievre,maux_de_tete_intense,nausees,photophobie,vomissements,,,,,,,,,meningite
diarrhee,douleurs_abdominales,fatigue,fievre,nausees,perte_appetit,vomissements,,,,,,,,,gastroenterite
brulures_estomac,douleurs_abdominales,faim_douloureuse,nausees,perte_de_poids,vomissements,,,,,,,,,,ulcere_gastrique
douleur_dos,fatigue,irradiation_jambe,raideur_dos,spasmes_musculaires,,,,,,,,,,,lombalgie
chaleur_articulaire,douleurs_articulaires,fievre,gonflement_articulations,perte_appetit,raideur_matinale,,,,,,,,,,arthrite
demangeaisons,douleurs_articulaires,inflammation,peau_ecailleuse,plaques_peau,sensibilite_peau,,,,,,,,,,psoriasis
fatigue,oedemes_jambes,prise_de_poids,toux_nocturne,vertiges,,,,,,,,,,,insuffisance_cardiaque
insomnie,nervosité,palpitations,perte_de_poids,sudation_excessive,tremblements,,,,,,,,,,hyperthyroidie
fatigue,jaunisse,nausees,perte_appetit,selles_decolorees,urine_foncee,vomissements,,,,,,,,,hepatite
anxiete,douleur_bras_gauche,douleur_thoracique,essoufflement,fatigue_extreme,nausees,,,,,,,,,,infarctus
essoufflement,fatigue,fievre,mal_gorge,perte_odorat,toux_seche,,,,,,,,,,covid19
douleur_thoracique,fatigue,fievre,hemoptysie,perte_de_poids,sueurs_nocturnes,toux_chronique,,,,,,,,,tuberculose
difficulte_a_parler,essoufflement,oppression_thoracique,sifflement_respiratoire,toux_seche,,,,,,,,,,,asthme
abdomen_gonflé,essoufflement,fatigue,palpitations,toux_nocturne,vertiges,,,,,,,,,,insuffisance_cardiaque
difficulte_a_avaler,fievre,ganglions_gonfles,mal_gorge,maux_de_tete,,,,,,,,,,,angine
difficulte_a_avaler,fatigue,fievre,ganglions_gonfles,toux,,,,,,,,,,,angine
constipation,diarrhee,douleur_abdominale_droite,fievre,vomissements,,,,,,,,,,,appendicite
anxiete,difficulte_a_parler,essoufflement,fatigue,oppression_thoracique,sifflement_respiratoire,toux_seche,,,,,,,,,asthme
douleurs_musculaires,fatigue,fievre,maux_de_tete,perte_odorat,toux_seche,,,,,,,,,,covid19
alternance_diarrhee_constipation,ballonnements,crampes,douleurs_abdominales,fatigue,gaz,nausees,,,,,,,,,syndrome_colon_irritable
anxiete,douleur_bras_gauche,douleur_thoracique,essoufflement,fatigue_extreme,sueurs_froides,,,,,,,,,,infarctus
confusion,eruption_cutanee,maux_de_tete_intense,nausees,photophobie,raideur_nuque,vomissements,,,,,,,,,meningite
diarrhee,douleurs_abdominales,fatigue,fievre,nausees,vomissements,,,,,,,,,,gastroenterite
alternance_diarrhee_constipation,ballonnements,crampes,douleurs_abdominales,fatigue,gaz,nausees,,,,,,,,,syndrome_colon_irritable
crampes,diarrhee,douleurs_abdominales,fievre,nausees,vomissements,,,,,,,,,,gastroenterite
confusion,faiblesse_bras,maux_de_tete_soudain,paralysie_faciale,perte_equilibre,trouble_parole,trouble_vision,vertiges,,,,,,,,avc
abdomen_gonflé,essoufflement,fatigue,palpitations,toux_nocturne,vertiges,,,,,,,,,,insuffisance_cardiaque
douleurs_musculaires,fatigue,fievre,frissons,mal_gorge,maux_de_tete,nez_qui_coule,toux,,,,,,,,grippe
bradycardie,cheveux_cassants,constipation,depression,frilosite,prise_de_poids,,,,,,,,,,hypothyroidie
difficulte_a_avaler,fievre,ganglions_gonfles,mal_gorge,toux,,,,,,,,,,,angine
cheveux_cassants,constipation,depression,fatigue,frilosite,oedemes,peau_seche,,,,,,,,,hypothyroidie
anxiete,douleur_bras_gauche,douleur_thoracique,fatigue_extreme,nausees,sueurs_froides,vertiges,,,,,,,,,infarctus
fatigue,maux_de_tete,nez_qui_coule,obstruction_nasale,yeux_qui_piquent,,,,,,,,,,,rhinite_allergique
cicatrisation_lente,fatigue,fourmillements,perte_de_poids,soif_excessive,urines_frequentes,vision_trouble,,,,,,,,,diabete_type2
diarrhee,fievre,nausees,vomissements,,,,,,,,,,,,appendicite
cheveux_cassants,depression,fatigue,frilosite,oedemes,peau_seche,prise_de_poids,,,,,,,,,hypothyroidie
constipation,diarrhee,douleur_abdominale_droite,douleur_au_mouvement,fievre,nausees,vomissements,,,,,,,,,appendicite
cicatrisation_lente,faim_excessive,fatigue,soif_excessive,urines_frequentes,vision_trouble,,,,,,,,,,diabete_type2
douleur_thoracique,fievre,hemoptysie,perte_appetit,perte_de_poids,sueurs_nocturnes,toux_chronique,,,,,,,,,tuberculose
douleur_dos,douleur_position,fatigue,irradiation_jambe,limitation_mouvement,raideur_dos,spasmes_musculaires,,,,,,,,,lombalgie
douleur_thoracique,essoufflement,expectorations,fatigue,sueurs_nocturnes,toux,,,,,,,,,,pneumonie
essoufflement,expectorations,fatigue,sifflement_respiratoire,toux,,,,,,,,,,,bronchite
essoufflement,expectorations,fatigue,fievre,sifflement_respiratoire,toux,,,,,,,,,,bronchite
aura,confusion_post_crise,convulsions,fatigue_post_crise,morsure_langue,perte_conscience,,,,,,,,,,epilepsie
demangeaisons,eruption_cutanee,peau_seche,sensibilite_peau,,,,,,,,,,,,eczema
demangeaisons,douleurs_articulaires,inflammation,peau_ecailleuse,plaques_peau,,,,,,,,,,,psoriasis
difficulte_a_parler,oppression_thoracique,sifflement_respiratoire,toux_seche,,,,,,,,,,,,asthme
maux_de_tete,nez_qui_coule,obstruction_nasale,yeux_qui_piquent,,,,,,,,,,,,rhinite_allergique
fatigue,maux_de_tete_intense,nausees,sensibilite_bruit,sensibilite_lumiere,vertiges,,,,,,,,,,migraine
douleur_thoracique,essoufflement,expectorations,fatigue,frissons,sueurs_nocturnes,toux,,,,,,,,,pneumonie
fatigue,maux_de_tete_intense,nausees,sensibilite_bruit,sensibilite_lumiere,vertiges,,,,,,,,,,migraine
difficulte_a_avaler,fievre,ganglions_gonfles,mal_gorge,maux_de_tete,,,,,,,,,,,angine
douleur_thoracique,essoufflement,expectorations,fievre,frissons,sueurs_nocturnes,toux,,,,,,,,,pneumonie
abdomen_gonflé,fatigue,oedemes_jambes,prise_de_poids,toux_nocturne,,,,,,,,,,,insuffisance_cardiaque
douleur_thoracique,essoufflement,expectorations,fievre,toux,,,,,,,,,,,bronchite
cicatrisation_lente,faim_excessive,fourmillements,soif_excessive,urines_frequentes,vision_trouble,,,,,,,,,,diabete_type2
diarrhee,douleurs_abdominales,fatigue,fievre,nausees,vomissements,,,,,,,,,,gastroenterite
anxiete,essoufflement,palpitations,syncope,vertiges,,,,,,,,,,,arythmie
douleurs_musculaires,fievre_cyclique,frissons,maux_de_tete,sueurs,vomissements,,,,,,,,,,paludisme
chaleur_articulaire,douleurs_articulaires,fievre,gonflement_articulations,limitation_mouvement,raideur_matinale,,,,,,,,,,arthrite
douleur_dos,douleur_position,fatigue,irradiation_jambe,limitation_mouvement,raideur_dos,spasmes_musculaires,,,,,,,,,lombalgie
abdomen_gonflé,essoufflement,fatigue,oedemes_jambes,prise_de_poids,toux_nocturne,vertiges,,,,,,,,,insuffisance_cardiaque
douleurs_musculaires,fievre_cyclique,frissons,maux_de_tete,vomissements,,,,,,,,,,,paludisme
brulures_estomac,douleurs_abdominales,nausees,perte_de_poids,sang_dans_selles,vomissements,,,,,,,,,,ulcere_gastrique
douleur_thoracique,fatigue,fievre,hemoptysie,perte_appetit,perte_de_poids,sueurs_nocturnes,toux_chronique,,,,,,,,tuberculose
anxiete,difficulte_a_parler,oppression_thoracique,sifflement_respiratoire,toux_seche,,,,,,,,,,,asthme
douleur_abdominale_droite,fatigue,fievre,urine_foncee,vomissements,,,,,,,,,,,hepatite
confusion,faiblesse_bras,maux_de_tete_soudain,paralysie_faciale,perte_equilibre,trouble_parole,trouble_vision,vertiges,,,,,,,,avc
difficulte_a_avaler,fievre,ganglions_gonfles,mal_gorge,maux_de_tete,nausees,,,,,,,,,,angine
chaleur_articulaire,douleurs_articulaires,fatigue,gonflement_articulations,raideur_matinale,,,,,,,,,,,arthrite
diarrhee,douleurs_abdominales,fatigue,fievre,nausees,perte_appetit,vomissements,,,,,,,,,gastroenterite
aura_visuelle,maux_de_tete_intense,nausees,sensibilite_bruit,sensibilite_lumiere,vomissements,,,,,,,,,,migraine
bradycardie,cheveux_cassants,constipation,fatigue,frilosite,oedemes,peau_seche,prise_de_poids,,,,,,,,hypothyroidie
confusion,faiblesse_bras,maux_de_tete_soudain,paralysie_faciale,trouble_parole,trouble_vision,vertiges,,,,,,,,,avc
douleur_thoracique,essoufflement,expectorations,fatigue,fievre,sifflement_respiratoire,toux,,,,,,,,,bronchite
brulures_estomac,douleurs_abdominales,nausees,perte_de_poids,sang_dans_selles,,,,,,,,,,,ulcere_gastrique
essoufflement,fievre,mal_gorge,maux_de_tete,perte_odorat,toux_seche,,,,,,,,,,covid19
bourdonnements_oreilles,epistaxis,essoufflement,fatigue,maux_de_tete,vertiges,vision_trouble,,,,,,,,,hypertension
bourdonnements_oreilles,epistaxis,essoufflement,fatigue,maux_de_tete,palpitations,vertiges,,,,,,,,,hypertension
brulures_estomac,douleurs_abdominales,nausees,perte_de_poids,sang_dans_selles,vomissements,,,,,,,,,,ulcere_gastrique
douleurs_musculaires,fatigue,fievre,frissons,mal_gorge,perte_appetit,toux,,,,,,,,,grippe
demangeaisons,inflammation,ongles_epaissis,peau_ecailleuse,plaques_peau,,,,,,,,,,,psoriasis
demangeaisons,eternuements,fatigue,maux_de_tete,nez_qui_coule,obstruction_nasale,yeux_qui_piquent,,,,,,,,,rhinite_allergique
douleur_dos,douleur_position,fatigue,irradiation_jambe,limitation_mouvement,raideur_dos,spasmes_musculaires,,,,,,,,,lombalgie
croutes,demangeaisons,inflammation,peau_rouge,peau_seche,,,,,,,,,,,eczema
chaleur_articulaire,fievre,gonflement_articulations,limitation_mouvement,perte_appetit,raideur_matinale,,,,,,,,,,arthrite
douleur_thoracique,essoufflement,expectorations,sifflement_respiratoire,toux,,,,,,,,,,,bronchite
confusion,eruption_cutanee,fievre,maux_de_tete_intense,nausees,photophobie,raideur_nuque,vomissements,,,,,,,,meningite
crampes,diarrhee,douleurs_abdominales,fievre,nausees,perte_appetit,,,,,,,,,,gastroenterite
constipation,fievre,nausees,perte_appetit,vomissements,,,,,,,,,,,appendicite
cicatrisation_lente,faim_excessive,fatigue,fourmillements,perte_de_poids,soif_excessive,urines_frequentes,vision_trouble,,,,,,,,diabete_type2
difficulte_a_avaler,ganglions_gonfles,mal_gorge,toux,,,,,,,,,,,,angine
demangeaisons,eternuements,maux_de_tete,nez_qui_coule,toux,yeux_qui_piquent,,,,,,,,,,rhinite_allergique
douleurs_musculaires,fatigue,frissons,maux_de_tete,nausees,sueurs,,,,,,,,,,paludisme
aura,confusion_post_crise,convulsions,fatigue_post_crise,perte_conscience,,,,,,,,,,,epilepsie
maux_de_tete_intense,sensibilite_bruit,sensibilite_lumiere,vertiges,,,,,,,,,,,,migraine
douleur_dos,douleur_position,fatigue,irradiation_jambe,raideur_dos,spasmes_musculaires,,,,,,,,,,lombalgie
chaleur_articulaire,fatigue,fievre,gonflement_articulations,perte_appetit,raideur_matinale,,,,,,,,,,arthrite
alternance_diarrhee_constipation,ballonnements,douleurs_abdominales,fatigue,nausees,,,,,,,,,,,syndrome_colon_irritable
cicatrisation_lente,faim_excessive,fatigue,fourmillements,perte_de_poids,soif_excessive,urines_frequentes,,,,,,,,,diabete_type2
douleur_thoracique,essoufflement,expectorations,fievre,sifflement_respiratoire,toux,,,,,,,,,,bronchite
abdomen_gonflé,essoufflement,fatigue,oedemes_jambes,prise_de_poids,toux_nocturne,,,,,,,,,,insuffisance_cardiaque
douleur_thoracique,essoufflement,fatigue,palpitations,syncope,vertiges,,,,,,,,,,arythmie
anxiete,difficulte_a_parler,essoufflement,fatigue,oppression_thoracique,sifflement_respiratoire,toux_seche,,,,,,,,,asthme
demangeaisons,douleurs_articulaires,inflammation,ongles_epaissis,peau_ecailleuse,plaques_peau,,,,,,,,,,psoriasis
douleurs_musculaires,fatigue,fievre,nez_qui_coule,perte_appetit,toux,,,,,,,,,,grippe
difficulte_a_avaler,fievre,ganglions_gonfles,mal_gorge,toux,,,,,,,,,,,angine
croutes,demangeaisons,eruption_cutanee,peau_qui_suinte,peau_rouge,peau_seche,,,,,,,,,,eczema
aura,confusion_post_crise,convulsions,fatigue_post_crise,incontinence,perte_conscience,,,,,,,,,,epilepsie
cicatrisation_lente,fourmillements,perte_de_poids,soif_excessive,urines_frequentes,vision_trouble,,,,,,,,,,diabete_type2
demangeaisons,eruption_cutanee,peau_qui_suinte,peau_rouge,,,,,,,,,,,,eczema
diarrhee,insomnie,palpitations,perte_de_poids,sudation_excessive,tremblements,,,,,,,,,,hyperthyroidie
douleur_dos,fatigue,irradiation_jambe,limitation_mouvement,raideur_dos,spasmes_musculaires,,,,,,,,,,lombalgie
diarrhee,exophtalmie,fatigue,nervosité,palpitations,perte_de_poids,tremblements,,,,,,,,,hyperthyroidie
demangeaisons,eruption_cutanee,inflammation,peau_rouge,peau_seche,,,,,,,,,,,eczema
anemie,fatigue,fievre_cyclique,frissons,maux_de_tete,nausees,sueurs,vomissements,,,,,,,,paludisme
douleur_thoracique,essoufflement,expectorations,fievre,frissons,maux_de_tete,sueurs_nocturnes,toux,,,,,,,,pneumonie
bradycardie,constipation,depression,fatigue,frilosite,prise_de_poids,,,,,,,,,,hypothyroidie
douleur_thoracique,essoufflement,expectorations,fievre,sifflement_respiratoire,toux,,,,,,,,,,bronchite
croutes,eruption_cutanee,inflammation,peau_qui_suinte,peau_rouge,peau_seche,,,,,,,,,,eczema
chaleur_articulaire,douleurs_articulaires,fievre,gonflement_articulations,raideur_matinale,,,,,,,,,,,arthrite
alternance_diarrhee_constipation,ballonnements,crampes,douleurs_abdominales,fatigue,gaz,,,,,,,,,,syndrome_colon_irritable
exophtalmie,fatigue,palpitations,perte_de_poids,tremblements,,,,,,,,,,,hyperthyroidie
douleurs_musculaires,fievre,frissons,maux_de_tete,nez_qui_coule,perte_appetit,toux,,,,,,,,,grippe
aura_visuelle,fatigue,maux_de_tete_intense,nausees,sensibilite_lumiere,,,,,,,,,,,migraine
chaleur_articulaire,douleurs_articulaires,fatigue,gonflement_articulations,limitation_mouvement,,,,,,,,,,,arthrite
fatigue,insomnie,nervosité,perte_de_poids,sudation_excessive,tremblements,,,,,,,,,,hyperthyroidie
abdomen_gonflé,essoufflement,fatigue,oedemes_jambes,palpitations,prise_de_poids,toux_nocturne,,,,,,,,,insuffisance_cardiaque
fatigue,fievre,maux_de_tete,nez_qui_coule,toux,,,,,,,,,,,grippe
douleurs_musculaires,fievre,frissons,mal_gorge,maux_de_tete,nez_qui_coule,toux,,,,,,,,,grippe
anxiete,essoufflement,fatigue,oppression_thoracique,sifflement_respiratoire,toux_seche,,,,,,,,,,asthme
difficulte_a_avaler,fievre,ganglions_gonfles,mal_gorge,maux_de_tete,nausees,,,,,,,,,,angine
alternance_diarrhee_constipation,ballonnements,crampes,douleurs_abdominales,fatigue,gaz,,,,,,,,,,syndrome_colon_irritable
douleur_dos,douleur_position,fatigue,irradiation_jambe,limitation_mouvement,raideur_dos,spasmes_musculaires,,,,,,,,,lombalgie
anxiete,douleur_bras_gauche,essoufflement,fatigue_extreme,sueurs_froides,vertiges,,,,,,,,,,infarctus
brulures_estomac,douleurs_abdominales,faim_douloureuse,nausees,perte_de_poids,sang_dans_selles,vomissements,,,,,,,,,ulcere_gastrique
difficulte_a_parler,essoufflement,oppression_thoracique,sifflement_respiratoire,toux_seche,,,,,,,,,,,asthme
bradycardie,fatigue,frilosite,oedemes,peau_seche,prise_de_poids,,,,,,,,,,hypothyroidie
douleur_thoracique,essoufflement,expectorations,fievre,frissons,maux_de_tete,sueurs_nocturnes,toux,,,,,,,,pneumonie
douleur_thoracique,essoufflement,expectorations,fatigue,fievre,sifflement_respiratoire,toux,,,,,,,,,bronchite
constipation,diarrhee,douleur_abdominale_droite,fievre,nausees,perte_appetit,vomissements,,,,,,,,,appendicite
douleur_thoracique,essoufflement,palpitations,syncope,vertiges,,,,,,,,,,,arythmie
bradycardie,constipation,depression,fatigue,frilosite,oedemes,peau_seche,,,,,,,,,hypothyroidie
fatigue,nausees,sensibilite_bruit,sensibilite_lumiere,,,,,,,,,,,,migraine
douleur_abdominale_droite,fievre,jaunisse,nausees,perte_appetit,urine_foncee,,,,,,,,,,hepatite
faiblesse_bras,maux_de_tete_soudain,paralysie_faciale,perte_equilibre,trouble_parole,trouble_vision,vertiges,,,,,,,,,avc
bradycardie,cheveux_cassants,constipation,depression,frilosite,peau_seche,prise_de_poids,,,,,,,,,hypothyroidie
bourdonnements_oreilles,epistaxis,fatigue,maux_de_tete,palpitations,vertiges,vision_trouble,,,,,,,,,hypertension
douleur_thoracique,essoufflement,expectorations,fatigue,fievre,maux_de_tete,sueurs_nocturnes,,,,,,,,,pneumonie
anxiete,douleur_thoracique,essoufflement,fatigue,palpitations,syncope,vertiges,,,,,,,,,arythmie
diarrhee,nausees,perte_appetit,vomissements,,,,,,,,,,,,gastroenterite
confusion,faiblesse_bras,maux_de_tete_soudain,paralysie_faciale,perte_equilibre,trouble_parole,trouble_vision,vertiges,,,,,,,,avc
anxiete,difficulte_a_parler,essoufflement,fatigue,oppression_thoracique,sifflement_respiratoire,toux_seche,,,,,,,,,asthme
diarrhee,douleurs_abdominales,fievre,vomissements,,,,,,,,,,,,gastroenterite
confusion_post_crise,convulsions,fatigue_post_crise,morsure_langue,perte_conscience,,,,,,,,,,,epilepsie
alternance_diarrhee_constipation,ballonnements,douleurs_abdominales,fatigue,gaz,nausees,,,,,,,,,,syndrome_colon_irritable
chaleur_articulaire,douleurs_articulaires,fievre,gonflement_articulations,limitation_mouvement,raideur_matinale,,,,,,,,,,arthrite
alternance_diarrhee_constipation,ballonnements,crampes,douleurs_abdominales,fatigue,gaz,nausees,,,,,,,,,syndrome_colon_irritable
eruption_cutanee,fievre,maux_de_tete_intense,photophobie,raideur_nuque,vomissements,,,,,,,,,,meningite
diarrhee,douleurs_abdominales,fatigue,fievre,nausees,,,,,,,,,,,gastroenterite
douleur_dos,douleur_position,fatigue,irradiation_jambe,limitation_mouvement,spasmes_musculaires,,,,,,,,,,lombalgie
confusion,maux_de_tete_intense,nausees,photophobie,raideur_nuque,vomissements,,,,,,,,,,meningite
fatigue,oedemes_jambes,palpitations,toux_nocturne,vertiges,,,,,,,,,,,insuffisance_cardiaque
constipation,douleur_abdominale_droite,fievre,nausees,perte_appetit,vomissements,,,,,,,,,,appendicite
difficulte_a_parler,fatigue,oppression_thoracique,sifflement_respiratoire,toux_seche,,,,,,,,,,,asthme
difficulte_a_avaler,fatigue,fievre,mal_gorge,maux_de_tete,nausees,,,,,,,,,,angine
chaleur_articulaire,douleurs_articulaires,fievre,gonflement_articulations,limitation_mouvement,raideur_matinale,,,,,,,,,,arthrite
anxiete,douleur_thoracique,essoufflement,fatigue,syncope,vertiges,,,,,,,,,,arythmie
nausees,sensibilite_bruit,sensibilite_lumiere,vertiges,vomissements,,,,,,,,,,,migraine
anemie,fievre_cyclique,frissons,maux_de_tete,sueurs,vomissements,,,,,,,,,,paludisme
douleur_thoracique,essoufflement,expectorations,fievre,frissons,toux,,,,,,,,,,pneumonie
diarrhee,douleurs_abdominales,fatigue,fievre,nausees,perte_appetit,vomissements,,,,,,,,,gastroenterite
abdomen_gonflé,essoufflement,oedemes_jambes,toux_nocturne,vertiges,,,,,,,,,,,insuffisance_cardiaque
brulures_estomac,douleurs_abdominales,faim_douloureuse,nausees,perte_de_poids,sang_dans_selles,vomissements,,,,,,,,,ulcere_gastrique
diarrhee,douleurs_musculaires,fatigue,fievre,maux_de_tete,perte_odorat,toux_seche,,,,,,,,,covid19
anxiete,essoufflement,oppression_thoracique,sifflement_respiratoire,toux_seche,,,,,,,,,,,asthme
douleurs_articulaires,gonflement_articulations,limitation_mouvement,raideur_matinale,,,,,,,,,,,,arthrite
alternance_diarrhee_constipation,ballonnements,crampes,douleurs_abdominales,gaz,,,,,,,,,,,syndrome_colon_irritable
douleurs_musculaires,fatigue,fievre,frissons,mal_gorge,maux_de_tete,perte_appetit,toux,,,,,,,,grippe
douleurs_musculaires,fatigue,fievre,frissons,mal_gorge,maux_de_tete,nez_qui_coule,perte_appetit,,,,,,,,grippe
confusion,eruption_cutanee,fievre,nausees,photophobie,raideur_nuque,vomissements,,,,,,,,,meningite
demangeaisons,eruption_cutanee,peau_qui_suinte,peau_rouge,peau_seche,,,,,,,,,,,eczema
douleur_thoracique,fatigue,fievre,hemoptysie,perte_appetit,perte_de_poids,sueurs_nocturnes,,,,,,,,,tuberculose
anxiete,douleur_thoracique,essoufflement,fatigue_extreme,sueurs_froides,vertiges,,,,,,,,,,infarctus
diarrhee,douleur_abdominale_droite,douleur_au_mouvement,fievre,nausees,perte_appetit,vomissements,,,,,,,,,appendicite
douleur_thoracique,fievre,hemoptysie,sueurs_nocturnes,toux_chronique,,,,,,,,,,,tuberculose
anemie,douleurs_musculaires,fievre_cyclique,frissons,sueurs,,,,,,,,,,,paludisme
difficulte_a_avaler,fatigue,fievre,mal_gorge,maux_de_tete,nausees,,,,,,,,,,angine
bourdonnements_oreilles,essoufflement,maux_de_tete,palpitations,vertiges,vision_trouble,,,,,,,,,,hypertension
bourdonnements_oreilles,epistaxis,fatigue,maux_de_tete,vertiges,,,,,,,,,,,hypertension
bradycardie,cheveux_cassants,constipation,depression,fatigue,prise_de_poids,,,,,,,,,,hypothyroidie
demangeaisons,eternuements,fatigue,nez_qui_coule,obstruction_nasale,toux,yeux_qui_piquent,,,,,,,,,rhinite_allergique
exophtalmie,palpitations,perte_de_poids,sudation_excessive,tremblements,,,,,,,,,,,hyperthyroidie
eruption_cutanee,inflammation,peau_rouge,peau_seche,,,,,,,,,,,,eczema
douleur_thoracique,essoufflement,expectorations,fatigue,fievre,maux_de_tete,toux,,,,,,,,,pneumonie
confusion,faiblesse_bras,maux_de_tete_soudain,perte_equilibre,trouble_parole,trouble_vision,vertiges,,,,,,,,,avc
bourdonnements_oreilles,epistaxis,maux_de_tete,vertiges,vision_trouble,,,,,,,,,,,hypertension
confusion,faiblesse_bras,maux_de_tete_soudain,paralysie_faciale,perte_equilibre,trouble_parole,trouble_vision,vertiges,,,,,,,,avc
anemie,fatigue,fievre_cyclique,frissons,maux_de_tete,vomissements,,,,,,,,,,paludisme
difficulte_a_avaler,fatigue,fievre,ganglions_gonfles,mal_gorge,,,,,,,,,,,angine
fatigue,maux_de_tete_intense,nausees,sensibilite_bruit,sensibilite_lumiere,vertiges,,,,,,,,,,migraine
demangeaisons,douleurs_articulaires,inflammation,ongles_epaissis,peau_ecailleuse,plaques_peau,,,,,,,,,,psoriasis
aura,convulsions,fatigue_post_crise,morsure_langue,perte_conscience,,,,,,,,,,,epilepsie
constipation,depression,fatigue,frilosite,oedemes,peau_seche,prise_de_poids,,,,,,,,,hypothyroidie
diarrhee,douleurs_abdominales,fievre,nausees,,,,,,,,,,,,gastroenterite
demangeaisons,douleurs_articulaires,inflammation,peau_ecailleuse,plaques_peau,sensibilite_peau,,,,,,,,,,psoriasis
diarrhee,douleurs_musculaires,fatigue,mal_gorge,maux_de_tete,perte_odorat,toux_seche,,,,,,,,,covid19
fatigue,maux_de_tete_intense,nausees,sensibilite_bruit,sensibilite_lumiere,,,,,,,,,,,migraine
brulures_estomac,douleurs_abdominales,nausees,perte_de_poids,sang_dans_selles,vomissements,,,,,,,,,,ulcere_gastrique
douleur_thoracique,fatigue,fievre,hemoptysie,perte_de_poids,toux_chronique,,,,,,,,,,tuberculose
douleur_thoracique,fatigue,fievre,hemoptysie,perte_de_poids,sueurs_nocturnes,,,,,,,,,,tuberculose
demangeaisons,douleurs_articulaires,inflammation,peau_ecailleuse,plaques_peau,sensibilite_peau,,,,,,,,,,psoriasis
crampes,diarrhee,douleurs_abdominales,nausees,perte_appetit,vomissements,,,,,,,,,,gastroenterite
alternance_diarrhee_constipation,ballonnements,crampes,douleurs_abdominales,fatigue,gaz,nausees,,,,,,,,,syndrome_colon_irritable
anxiete,douleur_thoracique,essoufflement,palpitations,,,,,,,,,,,,arythmie
alternance_diarrhee_constipation,ballonnements,douleurs_abdominales,fatigue,nausees,,,,,,,,,,,syndrome_colon_irritable
essoufflement,fatigue,palpitations,syncope,,,,,,,,,,,,arythmie
aura,convulsions,incontinence,morsure_langue,perte_conscience,,,,,,,,,,,epilepsie
anxiete,douleur_bras_gauche,douleur_thoracique,fatigue_extreme,sueurs_froides,,,,,,,,,,,infarctus
exophtalmie,fatigue,nervosité,palpitations,perte_de_poids,tremblements,,,,,,,,,,hyperthyroidie
anemie,douleurs_musculaires,fatigue,fievre_cyclique,frissons,maux_de_tete,sueurs,,,,,,,,,paludisme
anxiete,douleur_thoracique,essoufflement,fatigue,palpitations,syncope,vertiges,,,,,,,,,arythmie
demangeaisons,douleurs_articulaires,inflammation,ongles_epaissis,peau_ecailleuse,plaques_peau,,,,,,,,,,psoriasis
douleur_position,irradiation_jambe,limitation_mouvement,raideur_dos,,,,,,,,,,,,lombalgie
bradycardie,fatigue,frilosite,oedemes,prise_de_poids,,,,,,,,,,,hypothyroidie
bourdonnements_oreilles,epistaxis,fatigue,maux_de_tete,vision_trouble,,,,,,,,,,,hypertension
anxiete,difficulte_a_parler,fatigue,oppression_thoracique,sifflement_respiratoire,toux_seche,,,,,,,,,,asthme
cheveux_cassants,constipation,fatigue,frilosite,oedemes,peau_seche,prise_de_poids,,,,,,,,,hypothyroidie
anxiete,difficulte_a_parler,essoufflement,fatigue,oppression_thoracique,sifflement_respiratoire,toux_seche,,,,,,,,,asthme
cicatrisation_lente,fatigue,fourmillements,perte_de_poids,urines_frequentes,vision_trouble,,,,,,,,,,diabete_type2
brulures_estomac,douleurs_abdominales,faim_douloureuse,nausees,perte_de_poids,sang_dans_selles,,,,,,,,,,ulcere_gastrique
anxiete,douleur_thoracique,essoufflement,fatigue,palpitations,syncope,vertiges,,,,,,,,,arythmie
douleur_thoracique,fatigue,fievre,hemoptysie,perte_appetit,perte_de_poids,sueurs_nocturnes,,,,,,,,,tuberculose
diarrhee,douleurs_musculaires,essoufflement,fatigue,fievre,maux_de_tete,perte_odorat,,,,,,,,,covid19
douleur_thoracique,essoufflement,expectorations,fatigue,fievre,sifflement_respiratoire,toux,,,,,,,,,bronchite
anxiete,douleur_thoracique,essoufflement,fatigue,palpitations,syncope,vertiges,,,,,,,,,arythmie
alternance_diarrhee_constipation,ballonnements,crampes,douleurs_abdominales,nausees,,,,,,,,,,,syndrome_colon_irritable
demangeaisons,eternuements,fatigue,nez_qui_coule,toux,yeux_qui_piquent,,,,,,,,,,rhinite_allergique
anxiete,douleur_thoracique,essoufflement,palpitations,vertiges,,,,,,,,,,,arythmie
diarrhee,insomnie,nervosité,palpitations,perte_de_poids,tremblements,,,,,,,,,,hyperthyroidie
confusion,faiblesse_bras,maux_de_tete_soudain,perte_equilibre,trouble_parole,vertiges,,,,,,,,,,avc
fievre,nausees,perte_appetit,vomissements,,,,,,,,,,,,appendicite
douleur_abdominale_droite,fatigue,jaunisse,perte_appetit,selles_decolorees,urine_foncee,vomissements,,,,,,,,,hepatite
cicatrisation_lente,faim_excessive,fatigue,fourmillements,perte_de_poids,soif_excessive,urines_frequentes,vision_trouble,,,,,,,,diabete_type2
abdomen_gonflé,essoufflement,fatigue,oedemes_jambes,palpitations,prise_de_poids,toux_nocturne,vertiges,,,,,,,,insuffisance_cardiaque
douleur_thoracique,fatigue,fievre,perte_de_poids,sueurs_nocturnes,toux_chronique,,,,,,,,,,tuberculose
douleur_abdominale_droite,fatigue,fievre,jaunisse,nausees,perte_appetit,selles_decolorees,urine_foncee,,,,,,,,hepatite
difficulte_a_avaler,fatigue,fievre,mal_gorge,toux,,,,,,,,,,,angine
anxiete,douleur_bras_gauche,douleur_thoracique,essoufflement,fatigue_extreme,nausees,sueurs_froides,vertiges,,,,,,,,infarctus
diarrhee,fatigue,fievre,maux_de_tete,perte_odorat,toux_seche,,,,,,,,,,covid19
demangeaisons,eruption_cutanee,peau_qui_suinte,peau_rouge,peau_seche,,,,,,,,,,,eczema
crampes,diarrhee,douleurs_abdominales,fatigue,fievre,nausees,vomissements,,,,,,,,,gastroenterite
douleurs_musculaires,essoufflement,fatigue,fievre,toux_seche,,,,,,,,,,,covid19
exophtalmie,insomnie,palpitations,perte_de_poids,sudation_excessive,tremblements,,,,,,,,,,hyperthyroidie
diarrhee,douleur_abdominale_droite,douleur_au_mouvement,fievre,nausees,vomissements,,,,,,,,,,appendicite
croutes,demangeaisons,inflammation,peau_rouge,peau_seche,,,,,,,,,,,eczema
douleur_abdominale_droite,fatigue,jaunisse,nausees,perte_appetit,urine_foncee,vomissements,,,,,,,,,hepatite
demangeaisons,eternuements,fatigue,maux_de_tete,nez_qui_coule,obstruction_nasale,yeux_qui_piquent,,,,,,,,,rhinite_allergique
douleurs_musculaires,fatigue,fievre_cyclique,frissons,nausees,sueurs,vomissements,,,,,,,,,paludisme
croutes,demangeaisons,eruption_cutanee,peau_rouge,,,,,,,,,,,,eczema
aura,confusion_post_crise,convulsions,fatigue_post_crise,perte_conscience,,,,,,,,,,,epilepsie
fatigue,maux_de_tete_intense,nausees,sensibilite_lumiere,vertiges,vomissements,,,,,,,,,,migraine
diarrhee,douleurs_abdominales,fatigue,fievre,nausees,vomissements,,,,,,,,,,gastroenterite
chaleur_articulaire,douleurs_articulaires,fatigue,gonflement_articulations,perte_appetit,raideur_matinale,,,,,,,,,,arthrite
anxiete,douleur_thoracique,essoufflement,fatigue,vertiges,,,,,,,,,,,arythmie
alternance_diarrhee_constipation,ballonnements,crampes,douleurs_abdominales,nausees,,,,,,,,,,,syndrome_colon_irritable
essoufflement,expectorations,fievre,sueurs_nocturnes,toux,,,,,,,,,,,pneumonie
douleur_abdominale_droite,jaunisse,nausees,selles_decolorees,urine_foncee,vomissements,,,,,,,,,,hepatite
abdomen_gonflé,essoufflement,fatigue,oedemes_jambes,palpitations,prise_de_poids,,,,,,,,,,insuffisance_cardiaque
anxiete,difficulte_a_parler,essoufflement,oppression_thoracique,sifflement_respiratoire,toux_seche,,,,,,,,,,asthme
difficulte_a_avaler,fatigue,fievre,ganglions_gonfles,mal_gorge,,,,,,,,,,,angine
difficulte_a_avaler,ganglions_gonfles,mal_gorge,maux_de_tete,,,,,,,,,,,,angine
fatigue,insomnie,nervosité,palpitations,perte_de_poids,sudation_excessive,tremblements,,,,,,,,,hyperthyroidie
diarrhee,douleur_abdominale_droite,fievre,nausees,vomissements,,,,,,,,,,,appendicite
fievre_cyclique,frissons,nausees,sueurs,vomissements,,,,,,,,,,,paludisme
confusion,faiblesse_bras,paralysie_faciale,perte_equilibre,trouble_parole,vertiges,,,,,,,,,,avc
anxiete,essoufflement,oppression_thoracique,sifflement_respiratoire,toux_seche,,,,,,,,,,,asthme
confusion,faiblesse_bras,maux_de_tete_soudain,paralysie_faciale,vertiges,,,,,,,,,,,avc
anxiete,douleur_bras_gauche,douleur_thoracique,fatigue_extreme,nausees,sueurs_froides,vertiges,,,,,,,,,infarctus
douleur_thoracique,essoufflement,expectorations,fatigue,fievre,toux,,,,,,,,,,bronchite
diarrhee,douleur_abdominale_droite,douleur_au_mouvement,fievre,nausees,perte_appetit,vomissements,,,,,,,,,appendicite
aura,confusion_post_crise,fatigue_post_crise,incontinence,perte_conscience,,,,,,,,,,,epilepsie
demangeaisons,douleurs_articulaires,inflammation,ongles_epaissis,peau_ecailleuse,plaques_peau,sensibilite_peau,,,,,,,,,psoriasis
douleurs_musculaires,fatigue,fievre,mal_gorge,maux_de_tete,nez_qui_coule,,,,,,,,,,grippe
douleur_bras_gauche,douleur_thoracique,essoufflement,fatigue_extreme,nausees,,,,,,,,,,,infarctus
fatigue,fievre,frissons,mal_gorge,maux_de_tete,nez_qui_coule,toux,,,,,,,,,grippe
aura,confusion_post_crise,fatigue_post_crise,incontinence,perte_conscience,,,,,,,,,,,epilepsie
eternuements,obstruction_nasale,toux,yeux_qui_piquent,,,,,,,,,,,,rhinite_allergique
anxiete,essoufflement,fatigue,oppression_thoracique,sifflement_respiratoire,toux_seche,,,,,,,,,,asthme
douleurs_musculaires,fatigue,fievre,maux_de_tete,nez_qui_coule,perte_appetit,,,,,,,,,,grippe
fievre_cyclique,frissons,maux_de_tete,nausees,sueurs,vomissements,,,,,,,,,,paludisme
douleurs_musculaires,fatigue,fievre,mal_gorge,maux_de_tete,perte_odorat,toux_seche,,,,,,,,,covid19
douleur_thoracique,fatigue,fievre,perte_appetit,perte_de_poids,sueurs_nocturnes,,,,,,,,,,tuberculose
douleur_bras_gauche,douleur_thoracique,fatigue_extreme,nausees,sueurs_froides,,,,,,,,,,,infarctus
douleur_abdominale_droite,fatigue,jaunisse,perte_appetit,selles_decolorees,urine_foncee,,,,,,,,,,hepatite
aura,confusion_post_crise,convulsions,morsure_langue,perte_conscience,,,,,,,,,,,epilepsie
demangeaisons,douleurs_articulaires,inflammation,ongles_epaissis,plaques_peau,,,,,,,,,,,psoriasis
anemie,fatigue,fievre_cyclique,frissons,maux_de_tete,nausees,sueurs,,,,,,,,,paludisme
diarrhee,douleurs_abdominales,fatigue,vomissements,,,,,,,,,,,,gastroenterite
confusion_post_crise,fatigue_post_crise,morsure_langue,perte_conscience,,,,,,,,,,,,epilepsie
douleur_position,fatigue,limitation_mouvement,raideur_dos,,,,,,,,,,,,lombalgie
abdomen_gonflé,essoufflement,fatigue,palpitations,prise_de_poids,toux_nocturne,vertiges,,,,,,,,,insuffisance_cardiaque
douleur_dos,douleur_position,fatigue,irradiation_jambe,limitation_mouvement,raideur_dos,spasmes_musculaires,,,,,,,,,lombalgie
aura,confusion_post_crise,convulsions,morsure_langue,,,,,,,,,,,,epilepsie
diarrhee,douleur_au_mouvement,fievre,nausees,perte_appetit,vomissements,,,,,,,,,,appendicite
diarrhee,fatigue,insomnie,nervosité,perte_de_poids,tremblements,,,,,,,,,,hyperthyroidie
diarrhee,douleurs_musculaires,essoufflement,fatigue,fievre,maux_de_tete,perte_odorat,toux_seche,,,,,,,,covid19
demangeaisons,douleurs_articulaires,inflammation,plaques_peau,sensibilite_peau,,,,,,,,,,,psoriasis
douleurs_musculaires,fatigue,fievre_cyclique,frissons,nausees,sueurs,vomissements,,,,,,,,,paludisme
crampes,diarrhee,douleurs_abdominales,nausees,vomissements,,,,,,,,,,,gastroenterite
bradycardie,cheveux_cassants,depression,fatigue,frilosite,prise_de_poids,,,,,,,,,,hypothyroidie
abdomen_gonflé,fatigue,oedemes_jambes,toux_nocturne,vertiges,,,,,,,,,,,insuffisance_cardiaque
douleurs_musculaires,fatigue,fievre,maux_de_tete,perte_appetit,toux,,,,,,,,,,grippe
croutes,demangeaisons,eruption_cutanee,inflammation,peau_rouge,peau_seche,sensibilite_peau,,,,,,,,,eczema
croutes,eruption_cutanee,peau_qui_suinte,peau_rouge,peau_seche,sensibilite_peau,,,,,,,,,,eczema
douleur_thoracique,expectorations,fatigue,fievre,frissons,sueurs_nocturnes,toux,,,,,,,,,pneumonie
eternuements,maux_de_tete,nez_qui_coule,obstruction_nasale,yeux_qui_piquent,,,,,,,,,,,rhinite_allergique
anxiete,douleur_thoracique,fatigue,palpitations,syncope,vertiges,,,,,,,,,,arythmie
cicatrisation_lente,faim_excessive,fatigue,urines_frequentes,vision_trouble,,,,,,,,,,,diabete_type2
demangeaisons,eruption_cutanee,peau_rouge,peau_seche,sensibilite_peau,,,,,,,,,,,eczema
anxiete,douleur_thoracique,essoufflement,nausees,sueurs_froides,vertiges,,,,,,,,,,infarctus
abdomen_gonflé,essoufflement,fatigue,oedemes_jambes,prise_de_poids,toux_nocturne,,,,,,,,,,insuffisance_cardiaque
faiblesse_bras,maux_de_tete_soudain,paralysie_faciale,perte_equilibre,trouble_parole,,,,,,,,,,,avc
essoufflement,expectorations,fievre,maux_de_tete,sueurs_nocturnes,toux,,,,,,,,,,pneumonie
douleur_thoracique,fatigue,fievre,hemoptysie,perte_appetit,perte_de_poids,toux_chronique,,,,,,,,,tuberculose
demangeaisons,eruption_cutanee,inflammation,peau_qui_suinte,peau_rouge,,,,,,,,,,,eczema
douleur_thoracique,fievre,hemoptysie,perte_appetit,sueurs_nocturnes,toux_chronique,,,,,,,,,,tuberculose
confusion,faiblesse_bras,maux_de_tete_soudain,paralysie_faciale,perte_equilibre,trouble_vision,vertiges,,,,,,,,,avc
douleur_dos,douleur_position,raideur_dos,spasmes_musculaires,,,,,,,,,,,,lombalgie
brulures_estomac,douleurs_abdominales,faim_douloureuse,nausees,vomissements,,,,,,,,,,,ulcere_gastrique
abdomen_gonflé,essoufflement,oedemes_jambes,palpitations,prise_de_poids,toux_nocturne,vertiges,,,,,,,,,insuffisance_cardiaque
crampes,douleurs_abdominales,fatigue,nausees,perte_appetit,vomissements,,,,,,,,,,gastroenterite
bourdonnements_oreilles,essoufflement,fatigue,maux_de_tete,vertiges,,,,,,,,,,,hypertension
douleur_dos,douleur_position,fatigue,irradiation_jambe,raideur_dos,,,,,,,,,,,lombalgie
difficulte_a_avaler,ganglions_gonfles,mal_gorge,maux_de_tete,nausees,toux,,,,,,,,,,angine
confusion,faiblesse_bras,paralysie_faciale,perte_equilibre,trouble_vision,vertiges,,,,,,,,,,avc
constipation,diarrhee,douleur_abdominale_droite,fievre,nausees,perte_appetit,vomissements,,,,,,,,,appendicite
douleurs_articulaires,inflammation,peau_ecailleuse,plaques_peau,sensibilite_peau,,,,,,,,,,,psoriasis
alternance_diarrhee_constipation,ballonnements,crampes,douleurs_abdominales,fatigue,gaz,nausees,,,,,,,,,syndrome_colon_irritable
douleur_thoracique,essoufflement,expectorations,fatigue,fievre,maux_de_tete,sueurs_nocturnes,,,,,,,,,pneumonie
douleur_dos,douleur_position,fatigue,irradiation_jambe,limitation_mouvement,spasmes_musculaires,,,,,,,,,,lombalgie
douleurs_abdominales,fatigue,nausees,vomissements,,,,,,,,,,,,gastroenterite
diarrhee,exophtalmie,insomnie,palpitations,perte_de_poids,sudation_excessive,tremblements,,,,,,,,,hyperthyroidie
anxiete,douleur_thoracique,essoufflement,fatigue,palpitations,,,,,,,,,,,arythmie
croutes,demangeaisons,eruption_cutanee,inflammation,peau_rouge,peau_seche,,,,,,,,,,eczema
alternance_diarrhee_constipation,ballonnements,douleurs_abdominales,fatigue,nausees,,,,,,,,,,,syndrome_colon_irritable
alternance_diarrhee_constipation,ballonnements,crampes,douleurs_abdominales,fatigue,gaz,nausees,,,,,,,,,syndrome_colon_irritable
epistaxis,fatigue,maux_de_tete,vertiges,vision_trouble,,,,,,,,,,,hypertension
demangeaisons,eternuements,nez_qui_coule,obstruction_nasale,yeux_qui_piquent,,,,,,,,,,,rhinite_allergique
diarrhee,exophtalmie,fatigue,nervosité,palpitations,sudation_excessive,tremblements,,,,,,,,,hyperthyroidie
constipation,diarrhee,douleur_abdominale_droite,douleur_au_mouvement,fievre,nausees,vomissements,,,,,,,,,appendicite
douleur_thoracique,essoufflement,expectorations,fatigue,fievre,,,,,,,,,,,pneumonie
abdomen_gonflé,essoufflement,fatigue,oedemes_jambes,palpitations,prise_de_poids,toux_nocturne,vertiges,,,,,,,,insuffisance_cardiaque
anxiete,douleur_thoracique,fatigue,palpitations,syncope,vertiges,,,,,,,,,,arythmie
aura,confusion_post_crise,convulsions,fatigue_post_crise,incontinence,morsure_langue,,,,,,,,,,epilepsie
douleur_thoracique,essoufflement,expectorations,fatigue,fievre,toux,,,,,,,,,,bronchite
confusion_post_crise,convulsions,fatigue_post_crise,incontinence,morsure_langue,,,,,,,,,,,epilepsie
fatigue,irradiation_jambe,limitation_mouvement,raideur_dos,spasmes_musculaires,,,,,,,,,,,lombalgie
diarrhee,essoufflement,fatigue,fievre,mal_gorge,maux_de_tete,perte_odorat,toux_seche,,,,,,,,covid19
eternuements,fatigue,nez_qui_coule,obstruction_nasale,yeux_qui_piquent,,,,,,,,,,,rhinite_allergique
douleur_abdominale_droite,jaunisse,nausees,perte_appetit,selles_decolorees,urine_foncee,,,,,,,,,,hepatite
eruption_cutanee,peau_qui_suinte,peau_rouge,peau_seche,sensibilite_peau,,,,,,,,,,,eczema
difficulte_a_avaler,fievre,ganglions_gonfles,mal_gorge,maux_de_tete,nausees,toux,,,,,,,,,angine
demangeaisons,inflammation,ongles_epaissis,plaques_peau,sensibilite_peau,,,,,,,,,,,psoriasis
douleurs_articulaires,fatigue,fievre,gonflement_articulations,limitation_mouvement,raideur_matinale,,,,,,,,,,arthrite
fatigue,fievre,hemoptysie,perte_appetit,perte_de_poids,sueurs_nocturnes,,,,,,,,,,tuberculose
douleur_dos,douleur_position,fatigue,irradiation_jambe,raideur_dos,spasmes_musculaires,,,,,,,,,,lombalgie
confusion,eruption_cutanee,fievre,maux_de_tete_intense,nausees,photophobie,vomissements,,,,,,,,,meningite
brulures_estomac,douleurs_abdominales,faim_douloureuse,nausees,perte_de_poids,sang_dans_selles,vomissements,,,,,,,,,ulcere_gastrique
douleur_dos,douleur_position,irradiation_jambe,raideur_dos,spasmes_musculaires,,,,,,,,,,,lombalgie
crampes,diarrhee,douleurs_abdominales,nausees,perte_appetit,vomissements,,,,,,,,,,gastroenterite
maux_de_tete_intense,nausees,sensibilite_bruit,sensibilite_lumiere,vomissements,,,,,,,,,,,migraine
douleurs_articulaires,fatigue,fievre,gonflement_articulations,limitation_mouvement,raideur_matinale,,,,,,,,,,arthrite
douleur_thoracique,essoufflement,expectorations,sifflement_respiratoire,toux,,,,,,,,,,,bronchite
diarrhee,douleurs_musculaires,fatigue,fievre,mal_gorge,maux_de_tete,perte_odorat,toux_seche,,,,,,,,covid19
eternuements,fatigue,nez_qui_coule,yeux_qui_piquent,,,,,,,,,,,,rhinite_allergique
essoufflement,fatigue,oppression_thoracique,sifflement_respiratoire,toux_seche,,,,,,,,,,,asthme
demangeaisons,eternuements,fatigue,nez_qui_coule,obstruction_nasale,toux,yeux_qui_piquent,,,,,,,,,rhinite_allergique
aura_visuelle,fatigue,maux_de_tete_intense,nausees,sensibilite_bruit,sensibilite_lumiere,vertiges,,,,,,,,,migraine
douleur_dos,douleur_position,fatigue,limitation_mouvement,raideur_dos,,,,,,,,,,,lombalgie
bourdonnements_oreilles,maux_de_tete,palpitations,vertiges,vision_trouble,,,,,,,,,,,hypertension
anemie,frissons,maux_de_tete,nausees,sueurs,vomissements,,,,,,,,,,paludisme
douleur_abdominale_droite,fatigue,fievre,jaunisse,nausees,perte_appetit,urine_foncee,vomissements,,,,,,,,hepatite
fatigue,fievre,mal_gorge,maux_de_tete,nez_qui_coule,toux,,,,,,,,,,grippe
difficulte_a_avaler,fievre,ganglions_gonfles,mal_gorge,nausees,toux,,,,,,,,,,angine
fatigue,jaunisse,nausees,selles_decolorees,urine_foncee,vomissements,,,,,,,,,,hepatite
bradycardie,constipation,fatigue,frilosite,oedemes,prise_de_poids,,,,,,,,,,hypothyroidie
douleur_bras_gauche,essoufflement,fatigue_extreme,nausees,sueurs_froides,,,,,,,,,,,infarctus
chaleur_articulaire,fatigue,fievre,gonflement_articulations,raideur_matinale,,,,,,,,,,,arthrite
diarrhee,douleurs_musculaires,essoufflement,fatigue,fievre,maux_de_tete,perte_odorat,toux_seche,,,,,,,,covid19
douleur_abdominale_droite,douleur_au_mouvement,fievre,nausees,vomissements,,,,,,,,,,,appendicite
douleur_thoracique,fatigue,fievre,hemoptysie,perte_de_poids,sueurs_nocturnes,toux_chronique,,,,,,,,,tuberculose
demangeaisons,eruption_cutanee,peau_rouge,sensibilite_peau,,,,,,,,,,,,eczema
douleur_thoracique,fatigue,fievre,hemoptysie,perte_appetit,sueurs_nocturnes,toux_chronique,,,,,,,,,tuberculose
douleurs_articulaires,inflammation,peau_ecailleuse,plaques_peau,,,,,,,,,,,,psoriasis
essoufflement,fatigue,oedemes_jambes,palpitations,prise_de_poids,toux_nocturne,,,,,,,,,,insuffisance_cardiaque
douleur_abdominale_droite,fatigue,nausees,perte_appetit,urine_foncee,vomissements,,,,,,,,,,hepatite
difficulte_a_avaler,fatigue,fievre,ganglions_gonfles,toux,,,,,,,,,,,angine
alternance_diarrhee_constipation,ballonnements,crampes,douleurs_abdominales,fatigue,nausees,,,,,,,,,,syndrome_colon_irritable
croutes,demangeaisons,inflammation,peau_rouge,peau_seche,,,,,,,,,,,eczema
douleur_thoracique,fatigue,fievre,perte_appetit,perte_de_poids,sueurs_nocturnes,,,,,,,,,,tuberculose
douleur_thoracique,essoufflement,expectorations,fatigue,fievre,maux_de_tete,toux,,,,,,,,,pneumonie
anemie,fatigue,fievre_cyclique,frissons,maux_de_tete,,,,,,,,,,,paludisme
diarrhee,insomnie,nervosité,palpitations,perte_de_poids,sudation_excessive,tremblements,,,,,,,,,hyperthyroidie
douleur_thoracique,essoufflement,expectorations,fatigue,sifflement_respiratoire,toux,,,,,,,,,,bronchite
anemie,douleurs_musculaires,fievre_cyclique,frissons,maux_de_tete,sueurs,,,,,,,,,,paludisme
aura,confusion_post_crise,convulsions,fatigue_post_crise,incontinence,perte_conscience,,,,,,,,,,epilepsie
confusion,eruption_cutanee,fievre,maux_de_tete_intense,raideur_nuque,vomissements,,,,,,,,,,meningite
anxiete,essoufflement,fatigue,oppression_thoracique,sifflement_respiratoire,,,,,,,,,,,asthme
douleur_abdominale_droite,fatigue,jaunisse,nausees,perte_appetit,urine_foncee,vomissements,,,,,,,,,hepatite
demangeaisons,eruption_cutanee,peau_qui_suinte,peau_rouge,peau_seche,,,,,,,,,,,eczema
diarrhee,insomnie,nervosité,palpitations,tremblements,,,,,,,,,,,hyperthyroidie
douleur_abdominale_droite,fatigue,jaunisse,perte_appetit,urine_foncee,vomissements,,,,,,,,,,hepatite
brulures_estomac,douleurs_abdominales,faim_douloureuse,nausees,perte_de_poids,vomissements,,,,,,,,,,ulcere_gastrique
eternuements,nez_qui_coule,obstruction_nasale,toux,yeux_qui_piquent,,,,,,,,,,,rhinite_allergique
brulures_estomac,douleurs_abdominales,faim_douloureuse,nausees,perte_de_poids,sang_dans_selles,vomissements,,,,,,,,,ulcere_gastrique
constipation,diarrhee,douleur_abdominale_droite,fievre,vomissements,,,,,,,,,,,appendicite
faiblesse_bras,paralysie_faciale,perte_equilibre,trouble_parole,trouble_vision,,,,,,,,,,,avc
douleur_thoracique,essoufflement,expectorations,fatigue,maux_de_tete,toux,,,,,,,,,,pneumonie
fatigue,nausees,sensibilite_bruit,sensibilite_lumiere,vertiges,vomissements,,,,,,,,,,migraine
bourdonnements_oreilles,epistaxis,essoufflement,maux_de_tete,palpitations,vision_trouble,,,,,,,,,,hypertension
anxiete,douleur_bras_gauche,douleur_thoracique,essoufflement,fatigue_extreme,nausees,sueurs_froides,vertiges,,,,,,,,infarctus
douleurs_musculaires,fatigue,fievre_cyclique,frissons,maux_de_tete,nausees,sueurs,vomissements,,,,,,,,paludisme
diarrhee,exophtalmie,insomnie,palpitations,perte_de_poids,sudation_excessive,tremblements,,,,,,,,,hyperthyroidie
diarrhee,exophtalmie,fatigue,insomnie,nervosité,palpitations,perte_de_poids,tremblements,,,,,,,,hyperthyroidie
douleur_dos,fatigue,irradiation_jambe,limitation_mouvement,spasmes_musculaires,,,,,,,,,,,lombalgie
confusion,maux_de_tete_soudain,paralysie_faciale,perte_equilibre,trouble_parole,vertiges,,,,,,,,,,avc
fatigue,fievre,hemoptysie,perte_de_poids,sueurs_nocturnes,toux_chronique,,,,,,,,,,tuberculose
alternance_diarrhee_constipation,ballonnements,crampes,douleurs_abdominales,nausees,,,,,,,,,,,syndrome_colon_irritable
aura,confusion_post_crise,convulsions,fatigue_post_crise,incontinence,morsure_langue,perte_conscience,,,,,,,,,epilepsie
difficulte_a_avaler,fatigue,fievre,ganglions_gonfles,mal_gorge,nausees,toux,,,,,,,,,angine
anxiete,douleur_bras_gauche,douleur_thoracique,essoufflement,nausees,sueurs_froides,,,,,,,,,,infarctus
douleur_dos,douleur_position,fatigue,irradiation_jambe,limitation_mouvement,spasmes_musculaires,,,,,,,,,,lombalgie
demangeaisons,eternuements,fatigue,maux_de_tete,nez_qui_coule,obstruction_nasale,yeux_qui_piquent,,,,,,,,,rhinite_allergique
douleur_dos,douleur_position,fatigue,irradiation_jambe,raideur_dos,spasmes_musculaires,,,,,,,,,,lombalgie
diarrhee,douleurs_abdominales,fatigue,nausees,perte_appetit,vomissements,,,,,,,,,,gastroenterite
bourdonnements_oreilles,essoufflement,maux_de_tete,vertiges,vision_trouble,,,,,,,,,,,hypertension
douleur_dos,fatigue,limitation_mouvement,raideur_dos,spasmes_musculaires,,,,,,,,,,,lombalgie
demangeaisons,eternuements,fatigue,nez_qui_coule,obstruction_nasale,toux,yeux_qui_piquent,,,,,,,,,rhinite_allergique
alternance_diarrhee_constipation,ballonnements,crampes,douleurs_abdominales,fatigue,gaz,,,,,,,,,,syndrome_colon_irritable
demangeaisons,douleurs_articulaires,inflammation,ongles_epaissis,peau_ecailleuse,plaques_peau,sensibilite_peau,,,,,,,,,psoriasis
bourdonnements_oreilles,epistaxis,fatigue,maux_de_tete,vision_trouble,,,,,,,,,,,hypertension
diarrhee,douleur_abdominale_droite,nausees,perte_appetit,vomissements,,,,,,,,,,,appendicite
fatigue,irradiation_jambe,limitation_mouvement,raideur_dos,spasmes_musculaires,,,,,,,,,,,lombalgie
aura,confusion_post_crise,convulsions,morsure_langue,,,,,,,,,,,,epilepsie
aura_visuelle,fatigue,maux_de_tete_intense,nausees,sensibilite_lumiere,vomissements,,,,,,,,,,migraine
diarrhee,douleur_abdominale_droite,fievre,perte_appetit,vomissements,,,,,,,,,,,appendicite
constipation,diarrhee,douleur_abdominale_droite,fievre,nausees,perte_appetit,vomissements,,,,,,,,,appendicite
douleur_abdominale_droite,fatigue,jaunisse,nausees,perte_appetit,selles_decolorees,urine_foncee,vomissements,,,,,,,,hepatite
diarrhee,fatigue,nervosité,palpitations,perte_de_poids,sudation_excessive,,,,,,,,,,hyperthyroidie
douleur_abdominale_droite,fatigue,jaunisse,nausees,vomissements,,,,,,,,,,,hepatite
brulures_estomac,douleurs_abdominales,faim_douloureuse,nausees,perte_de_poids,,,,,,,,,,,ulcere_gastrique
demangeaisons,douleurs_articulaires,inflammation,ongles_epaissis,peau_ecailleuse,plaques_peau,,,,,,,,,,psoriasis
fatigue,fievre,mal_gorge,maux_de_tete,perte_odorat,toux_seche,,,,,,,,,,covid19
aura,confusion_post_crise,convulsions,fatigue_post_crise,,,,,,,,,,,,epilepsie
faim_excessive,fatigue,fourmillements,perte_de_poids,soif_excessive,urines_frequentes,vision_trouble,,,,,,,,,diabete_type2
aura,confusion_post_crise,convulsions,incontinence,morsure_langue,perte_conscience,,,,,,,,,,epilepsie
douleur_abdominale_droite,nausees,perte_appetit,vomissements,,,,,,,,,,,,appendicite
eruption_cutanee,maux_de_tete_intense,nausees,photophobie,raideur_nuque,vomissements,,,,,,,,,,meningite
chaleur_articulaire,douleurs_articulaires,fievre,gonflement_articulations,raideur_matinale,,,,,,,,,,,arthrite
difficulte_a_parler,essoufflement,fatigue,oppression_thoracique,sifflement_respiratoire,toux_seche,,,,,,,,,,asthme
demangeaisons,douleurs_articulaires,inflammation,peau_ecailleuse,sensibilite_peau,,,,,,,,,,,psoriasis
douleur_dos,irradiation_jambe,limitation_mouvement,raideur_dos,spasmes_musculaires,,,,,,,,,,,lombalgie
diarrhee,exophtalmie,nervosité,palpitations,perte_de_poids,sudation_excessive,tremblements,,,,,,,,,hyperthyroidie
douleur_thoracique,essoufflement,expectorations,fievre,toux,,,,,,,,,,,bronchite
anxiete,difficulte_a_parler,essoufflement,fatigue,oppression_thoracique,sifflement_respiratoire,toux_seche,,,,,,,,,asthme
alternance_diarrhee_constipation,ballonnements,douleurs_abdominales,fatigue,gaz,,,,,,,,,,,syndrome_colon_irritable
confusion,faiblesse_bras,paralysie_faciale,perte_equilibre,trouble_parole,trouble_vision,,,,,,,,,,avc
difficulte_a_avaler,fatigue,fievre,ganglions_gonfles,mal_gorge,nausees,,,,,,,,,,angine
eternuements,fatigue,maux_de_tete,nez_qui_coule,obstruction_nasale,toux,yeux_qui_piquent,,,,,,,,,rhinite_allergique
douleur_thoracique,essoufflement,expectorations,fatigue,toux,,,,,,,,,,,bronchite
douleurs_musculaires,fatigue,fievre_cyclique,frissons,maux_de_tete,sueurs,vomissements,,,,,,,,,paludisme
demangeaisons,eternuements,nez_qui_coule,yeux_qui_piquent,,,,,,,,,,,,rhinite_allergique
demangeaisons,eternuements,fatigue,nez_qui_coule,obstruction_nasale,yeux_qui_piquent,,,,,,,,,,rhinite_allergique
confusion,faiblesse_bras,paralysie_faciale,perte_equilibre,trouble_parole,vertiges,,,,,,,,,,avc
douleurs_musculaires,fatigue,fievre,maux_de_tete,nez_qui_coule,perte_appetit,toux,,,,,,,,,grippe
douleur_dos,douleur_position,fatigue,irradiation_jambe,limitation_mouvement,raideur_dos,,,,,,,,,,lombalgie
alternance_diarrhee_constipation,ballonnements,crampes,douleurs_abdominales,fatigue,gaz,nausees,,,,,,,,,syndrome_colon_irritable
confusion,faiblesse_bras,paralysie_faciale,perte_equilibre,trouble_parole,trouble_vision,vertiges,,,,,,,,,avc
alternance_diarrhee_constipation,ballonnements,crampes,douleurs_abdominales,gaz,,,,,,,,,,,syndrome_colon_irritable
chaleur_articulaire,douleurs_articulaires,fatigue,fievre,raideur_matinale,,,,,,,,,,,arthrite
diarrhee,douleurs_abdominales,fievre,nausees,vomissements,,,,,,,,,,,gastroenterite
confusion,eruption_cutanee,fievre,maux_de_tete_intense,nausees,photophobie,raideur_nuque,vomissements,,,,,,,,meningite
anxiete,douleur_thoracique,essoufflement,fatigue_extreme,nausees,sueurs_froides,,,,,,,,,,infarctus
maux_de_tete_intense,sensibilite_bruit,sensibilite_lumiere,vomissements,,,,,,,,,,,,migraine
brulures_estomac,douleurs_abdominales,nausees,perte_de_poids,sang_dans_selles,,,,,,,,,,,ulcere_gastrique
douleur_thoracique,essoufflement,expectorations,fatigue,maux_de_tete,sueurs_nocturnes,toux,,,,,,,,,pneumonie
douleur_abdominale_droite,jaunisse,nausees,perte_appetit,selles_decolorees,urine_foncee,vomissements,,,,,,,,,hepatite
demangeaisons,inflammation,ongles_epaissis,peau_ecailleuse,plaques_peau,sensibilite_peau,,,,,,,,,,psoriasis
anxiete,douleur_bras_gauche,douleur_thoracique,essoufflement,fatigue_extreme,sueurs_froides,,,,,,,,,,infarctus
bourdonnements_oreilles,epistaxis,essoufflement,fatigue,maux_de_tete,vertiges,vision_trouble,,,,,,,,,hypertension
aura_visuelle,fatigue,maux_de_tete_intense,nausees,sensibilite_bruit,sensibilite_lumiere,vomissements,,,,,,,,,migraine
aura,convulsions,morsure_langue,perte_conscience,,,,,,,,,,,,epilepsie
alternance_diarrhee_constipation,ballonnements,crampes,douleurs_abdominales,fatigue,gaz,nausees,,,,,,,,,syndrome_colon_irritable
chaleur_articulaire,douleurs_articulaires,fatigue,fievre,gonflement_articulations,limitation_mouvement,raideur_matinale,,,,,,,,,arthrite
alternance_diarrhee_constipation,ballonnements,crampes,douleurs_abdominales,fatigue,gaz,nausees,,,,,,,,,syndrome_colon_irritable
demangeaisons,douleurs_articulaires,inflammation,ongles_epaissis,peau_ecailleuse,plaques_peau,sensibilite_peau,,,,,,,,,psoriasis
bradycardie,constipation,depression,fatigue,frilosite,oedemes,prise_de_poids,,,,,,,,,hypothyroidie
douleurs_musculaires,fatigue,fievre,frissons,mal_gorge,maux_de_tete,,,,,,,,,,grippe
douleur_thoracique,fatigue,fievre,perte_appetit,perte_de_poids,toux_chronique,,,,,,,,,,tuberculose
douleur_dos,douleur_position,fatigue,limitation_mouvement,raideur_dos,,,,,,,,,,,lombalgie
bradycardie,cheveux_cassants,constipation,fatigue,frilosite,oedemes,peau_seche,prise_de_poids,,,,,,,,hypothyroidie
confusion_post_crise,fatigue_post_crise,morsure_langue,perte_conscience,,,,,,,,,,,,epilepsie
demangeaisons,eruption_cutanee,inflammation,peau_qui_suinte,peau_rouge,peau_seche,sensibilite_peau,,,,,,,,,eczema
aura_visuelle,maux_de_tete_intense,nausees,sensibilite_lumiere,vomissements,,,,,,,,,,,migraine
brulures_estomac,douleurs_abdominales,faim_douloureuse,nausees,perte_de_poids,sang_dans_selles,vomissements,,,,,,,,,ulcere_gastrique
aura,confusion_post_crise,convulsions,fatigue_post_crise,morsure_langue,perte_conscience,,,,,,,,,,epilepsie
croutes,demangeaisons,eruption_cutanee,inflammation,peau_rouge,,,,,,,,,,,eczema
crampes,diarrhee,fatigue,nausees,vomissements,,,,,,,,,,,gastroenterite
brulures_estomac,douleurs_abdominales,faim_douloureuse,nausees,perte_de_poids,sang_dans_selles,vomissements,,,,,,,,,ulcere_gastrique
anxiete,douleur_bras_gauche,douleur_thoracique,essoufflement,nausees,sueurs_froides,vertiges,,,,,,,,,infarctus
alternance_diarrhee_constipation,ballonnements,crampes,douleurs_abdominales,fatigue,gaz,nausees,,,,,,,,,syndrome_colon_irritable
difficulte_a_avaler,fievre,ganglions_gonfles,toux,,,,,,,,,,,,angine
douleur_thoracique,fatigue,fievre,perte_de_poids,sueurs_nocturnes,,,,,,,,,,,tuberculose
douleur_thoracique,fatigue,fievre,hemoptysie,perte_appetit,perte_de_poids,sueurs_nocturnes,toux_chronique,,,,,,,,tuberculose
diarrhee,exophtalmie,fatigue,insomnie,palpitations,perte_de_poids,tremblements,,,,,,,,,hyperthyroidie
anemie,fatigue,fievre_cyclique,frissons,maux_de_tete,nausees,sueurs,vomissements,,,,,,,,paludisme
aura,confusion_post_crise,convulsions,fatigue_post_crise,incontinence,morsure_langue,perte_conscience,,,,,,,,,epilepsie
alternance_diarrhee_constipation,ballonnements,crampes,douleurs_abdominales,fatigue,gaz,nausees,,,,,,,,,syndrome_colon_irritable
douleur_thoracique,fatigue,fievre,hemoptysie,perte_appetit,sueurs_nocturnes,toux_chronique,,,,,,,,,tuberculose
douleur_bras_gauche,douleur_thoracique,essoufflement,nausees,vertiges,,,,,,,,,,,infarctus
anxiete,douleur_thoracique,essoufflement,fatigue,palpitations,vertiges,,,,,,,,,,arythmie
douleur_thoracique,hemoptysie,perte_de_poids,sueurs_nocturnes,toux_chronique,,,,,,,,,,,tuberculose
eternuements,maux_de_tete,nez_qui_coule,obstruction_nasale,,,,,,,,,,,,rhinite_allergique
aura,confusion_post_crise,convulsions,fatigue_post_crise,incontinence,perte_conscience,,,,,,,,,,epilepsie
douleurs_musculaires,fievre,mal_gorge,maux_de_tete,perte_appetit,toux,,,,,,,,,,grippe
confusion_post_crise,fatigue_post_crise,incontinence,perte_conscience,,,,,,,,,,,,epilepsie
demangeaisons,eternuements,maux_de_tete,nez_qui_coule,obstruction_nasale,toux,yeux_qui_piquent,,,,,,,,,rhinite_allergique
fatigue,fievre,mal_gorge,maux_de_tete,perte_odorat,toux_seche,,,,,,,,,,covid19
douleur_abdominale_droite,fatigue,fievre,jaunisse,nausees,perte_appetit,urine_foncee,vomissements,,,,,,,,hepatite
cicatrisation_lente,faim_excessive,fatigue,fourmillements,soif_excessive,urines_frequentes,,,,,,,,,,diabete_type2
douleur_thoracique,essoufflement,fatigue,fievre,frissons,toux,,,,,,,,,,pneumonie
douleur_abdominale_droite,jaunisse,nausees,perte_appetit,urine_foncee,vomissements,,,,,,,,,,hepatite
demangeaisons,douleurs_articulaires,inflammation,ongles_epaissis,peau_ecailleuse,plaques_peau,sensibilite_peau,,,,,,,,,psoriasis
confusion_post_crise,convulsions,fatigue_post_crise,incontinence,perte_conscience,,,,,,,,,,,epilepsie
diarrhee,douleurs_abdominales,fatigue,fievre,perte_appetit,vomissements,,,,,,,,,,gastroenterite
confusion_post_crise,convulsions,fatigue_post_crise,incontinence,morsure_langue,perte_conscience,,,,,,,,,,epilepsie
chaleur_articulaire,fievre,gonflement_articulations,limitation_mouvement,raideur_matinale,,,,,,,,,,,arthrite
fatigue,fievre,jaunisse,perte_appetit,selles_decolorees,urine_foncee,vomissements,,,,,,,,,hepatite
aura,confusion_post_crise,convulsions,fatigue_post_crise,perte_conscience,,,,,,,,,,,epilepsie
diarrhee,douleur_abdominale_droite,fievre,vomissements,,,,,,,,,,,,appendicite
douleur_thoracique,essoufflement,expectorations,fatigue,toux,,,,,,,,,,,bronchite
anxiete,douleur_bras_gauche,douleur_thoracique,essoufflement,fatigue_extreme,nausees,sueurs_froides,vertiges,,,,,,,,infarctus
douleur_thoracique,essoufflement,expectorations,fievre,maux_de_tete,sueurs_nocturnes,toux,,,,,,,,,pneumonie
douleur_thoracique,essoufflement,expectorations,fatigue,fievre,sifflement_respiratoire,toux,,,,,,,,,bronchite
cicatrisation_lente,faim_excessive,fatigue,perte_de_poids,soif_excessive,urines_frequentes,vision_trouble,,,,,,,,,diabete_type2
aura,confusion_post_crise,convulsions,incontinence,morsure_langue,,,,,,,,,,,epilepsie
cheveux_cassants,constipation,depression,frilosite,peau_seche,prise_de_poids,,,,,,,,,,hypothyroidie
constipation,douleur_abdominale_droite,fievre,nausees,vomissements,,,,,,,,,,,appendicite
anxiete,douleur_thoracique,essoufflement,fatigue,palpitations,syncope,vertiges,,,,,,,,,arythmie
douleur_thoracique,essoufflement,expectorations,fatigue,sifflement_respiratoire,toux,,,,,,,,,,bronchite
chaleur_articulaire,douleurs_articulaires,fatigue,gonflement_articulations,limitation_mouvement,perte_appetit,raideur_matinale,,,,,,,,,arthrite
fievre,maux_de_tete_intense,nausees,photophobie,raideur_nuque,vomissements,,,,,,,,,,meningite
diarrhee,fatigue,fievre,maux_de_tete,perte_odorat,toux_seche,,,,,,,,,,covid19
douleur_thoracique,essoufflement,expectorations,fatigue,fievre,sifflement_respiratoire,toux,,,,,,,,,bronchite
aura_visuelle,fatigue,maux_de_tete_intense,sensibilite_bruit,sensibilite_lumiere,vertiges,,,,,,,,,,migraine
alternance_diarrhee_constipation,ballonnements,crampes,douleurs_abdominales,fatigue,gaz,,,,,,,,,,syndrome_colon_irritable
douleurs_articulaires,inflammation,peau_ecailleuse,plaques_peau,,,,,,,,,,,,psoriasis
anxiete,douleur_bras_gauche,douleur_thoracique,essoufflement,nausees,vertiges,,,,,,,,,,infarctus
anemie,fatigue,fievre_cyclique,frissons,maux_de_tete,,,,,,,,,,,paludisme
douleurs_musculaires,fatigue,fievre,mal_gorge,maux_de_tete,nez_qui_coule,perte_appetit,toux,,,,,,,,grippe
douleur_thoracique,essoufflement,expectorations,fievre,sifflement_respiratoire,toux,,,,,,,,,,bronchite
eruption_cutanee,fievre,maux_de_tete_intense,nausees,photophobie,raideur_nuque,,,,,,,,,,meningite
douleur_dos,douleur_position,fatigue,irradiation_jambe,limitation_mouvement,raideur_dos,spasmes_musculaires,,,,,,,,,lombalgie
douleur_thoracique,essoufflement,expectorations,fatigue,sifflement_respiratoire,toux,,,,,,,,,,bronchite
confusion,faiblesse_bras,paralysie_faciale,perte_equilibre,trouble_parole,trouble_vision,,,,,,,,,,avc
douleurs_articulaires,fievre,gonflement_articulations,raideur_matinale,,,,,,,,,,,,arthrite
essoufflement,expectorations,fievre,maux_de_tete,sueurs_nocturnes,toux,,,,,,,,,,pneumonie
douleur_abdominale_droite,fievre,perte_appetit,vomissements,,,,,,,,,,,,appendicite
fatigue,fievre,jaunisse,perte_appetit,urine_foncee,,,,,,,,,,,hepatite
croutes,eruption_cutanee,inflammation,peau_rouge,peau_seche,sensibilite_peau,,,,,,,,,,eczema
chaleur_articulaire,douleurs_articulaires,gonflement_articulations,perte_appetit,raideur_matinale,,,,,,,,,,,arthrite
confusion,eruption_cutanee,fievre,maux_de_tete_intense,nausees,photophobie,raideur_nuque,vomissements,,,,,,,,meningite
douleur_dos,douleur_position,fatigue,irradiation_jambe,limitation_mouvement,raideur_dos,spasmes_musculaires,,,,,,,,,lombalgie
hemoptysie,perte_appetit,perte_de_poids,sueurs_nocturnes,toux_chronique,,,,,,,,,,,tuberculose
confusion,eruption_cutanee,maux_de_tete_intense,nausees,photophobie,raideur_nuque,vomissements,,,,,,,,,meningite
eternuements,fatigue,maux_de_tete,nez_qui_coule,obstruction_nasale,toux,yeux_qui_piquent,,,,,,,,,rhinite_allergique
demangeaisons,douleurs_articulaires,inflammation,peau_ecailleuse,,,,,,,,,,,,psoriasis
brulures_estomac,douleurs_abdominales,faim_douloureuse,nausees,perte_de_poids,sang_dans_selles,,,,,,,,,,ulcere_gastrique
essoufflement,fatigue,oedemes_jambes,palpitations,prise_de_poids,toux_nocturne,,,,,,,,,,insuffisance_cardiaque
demangeaisons,inflammation,ongles_epaissis,peau_ecailleuse,plaques_peau,sensibilite_peau,,,,,,,,,,psoriasis
croutes,eruption_cutanee,peau_qui_suinte,peau_rouge,peau_seche,sensibilite_peau,,,,,,,,,,eczema
demangeaisons,eruption_cutanee,inflammation,peau_rouge,peau_seche,,,,,,,,,,,eczema
demangeaisons,maux_de_tete,nez_qui_coule,obstruction_nasale,yeux_qui_piquent,,,,,,,,,,,rhinite_allergique
cicatrisation_lente,fatigue,fourmillements,soif_excessive,urines_frequentes,,,,,,,,,,,diabete_type2
douleur_abdominale_droite,fatigue,jaunisse,nausees,urine_foncee,vomissements,,,,,,,,,,hepatite
difficulte_a_parler,essoufflement,oppression_thoracique,sifflement_respiratoire,toux_seche,,,,,,,,,,,asthme
essoufflement,oedemes_jambes,palpitations,prise_de_poids,toux_nocturne,,,,,,,,,,,insuffisance_cardiaque
constipation,diarrhee,douleur_abdominale_droite,fievre,nausees,perte_appetit,vomissements,,,,,,,,,appendicite
faiblesse_bras,maux_de_tete_soudain,paralysie_faciale,perte_equilibre,trouble_parole,trouble_vision,vertiges,,,,,,,,,avc
fievre_cyclique,frissons,nausees,sueurs,vomissements,,,,,,,,,,,paludisme
bourdonnements_oreilles,epistaxis,fatigue,palpitations,vertiges,vision_trouble,,,,,,,,,,hypertension
chaleur_articulaire,douleurs_articulaires,fatigue,fievre,limitation_mouvement,raideur_matinale,,,,,,,,,,arthrite
brulures_estomac,douleurs_abdominales,nausees,perte_de_poids,sang_dans_selles,,,,,,,,,,,ulcere_gastrique
essoufflement,expectorations,fatigue,sifflement_respiratoire,toux,,,,,,,,,,,bronchite
epistaxis,fatigue,maux_de_tete,palpitations,vertiges,,,,,,,,,,,hypertension
demangeaisons,eternuements,nez_qui_coule,yeux_qui_piquent,,,,,,,,,,,,rhinite_allergique
essoufflement,fatigue,oedemes_jambes,palpitations,prise_de_poids,vertiges,,,,,,,,,,insuffisance_cardiaque
demangeaisons,douleurs_articulaires,peau_ecailleuse,plaques_peau,,,,,,,,,,,,psoriasis
demangeaisons,douleurs_articulaires,peau_ecailleuse,plaques_peau,sensibilite_peau,,,,,,,,,,,psoriasis
douleur_thoracique,expectorations,fatigue,fievre,maux_de_tete,toux,,,,,,,,,,pneumonie
douleurs_musculaires,essoufflement,fievre,mal_gorge,perte_odorat,toux_seche,,,,,,,,,,covid19
cheveux_cassants,constipation,depression,fatigue,oedemes,prise_de_poids,,,,,,,,,,hypothyroidie
anemie,fievre_cyclique,frissons,maux_de_tete,sueurs,vomissements,,,,,,,,,,paludisme
brulures_estomac,douleurs_abdominales,faim_douloureuse,nausees,perte_de_poids,sang_dans_selles,vomissements,,,,,,,,,ulcere_gastrique
anxiete,douleur_bras_gauche,douleur_thoracique,essoufflement,fatigue_extreme,nausees,vertiges,,,,,,,,,infarctus
douleur_thoracique,fatigue,fievre,hemoptysie,perte_appetit,perte_de_poids,toux_chronique,,,,,,,,,tuberculose
demangeaisons,eruption_cutanee,inflammation,peau_qui_suinte,peau_rouge,peau_seche,sensibilite_peau,,,,,,,,,eczema
douleur_thoracique,essoufflement,expectorations,fatigue,sifflement_respiratoire,toux,,,,,,,,,,bronchite
faiblesse_bras,paralysie_faciale,perte_equilibre,trouble_parole,trouble_vision,vertiges,,,,,,,,,,avc
douleur_abdominale_droite,fatigue,fievre,jaunisse,perte_appetit,selles_decolorees,urine_foncee,,,,,,,,,hepatite
demangeaisons,eternuements,fatigue,maux_de_tete,nez_qui_coule,yeux_qui_piquent,,,,,,,,,,rhinite_allergique
anxiete,douleur_bras_gauche,douleur_thoracique,fatigue_extreme,nausees,sueurs_froides,vertiges,,,,,,,,,infarctus
douleur_thoracique,essoufflement,fievre,frissons,maux_de_tete,sueurs_nocturnes,toux,,,,,,,,,pneumonie
demangeaisons,eruption_cutanee,inflammation,peau_qui_suinte,peau_rouge,,,,,,,,,,,eczema
demangeaisons,douleurs_articulaires,inflammation,peau_ecailleuse,plaques_peau,sensibilite_peau,,,,,,,,,,psoriasis
aura_visuelle,fatigue,nausees,sensibilite_bruit,sensibilite_lumiere,vomissements,,,,,,,,,,migraine
anxiete,essoufflement,oppression_thoracique,toux_seche,,,,,,,,,,,,asthme
exophtalmie,fatigue,insomnie,nervosité,palpitations,perte_de_poids,sudation_excessive,,,,,,,,,hyperthyroidie
fatigue,maux_de_tete_intense,nausees,sensibilite_bruit,sensibilite_lumiere,vomissements,,,,,,,,,,migraine
abdomen_gonflé,essoufflement,fatigue,oedemes_jambes,palpitations,toux_nocturne,,,,,,,,,,insuffisance_cardiaque
fatigue,maux_de_tete_intense,nausees,sensibilite_bruit,vertiges,vomissements,,,,,,,,,,migraine
cicatrisation_lente,fatigue,fourmillements,soif_excessive,urines_frequentes,vision_trouble,,,,,,,,,,diabete_type2
brulures_estomac,douleurs_abdominales,faim_douloureuse,nausees,sang_dans_selles,vomissements,,,,,,,,,,ulcere_gastrique
alternance_diarrhee_constipation,ballonnements,crampes,douleurs_abdominales,nausees,,,,,,,,,,,syndrome_colon_irritable
bourdonnements_oreilles,epistaxis,maux_de_tete,palpitations,vertiges,,,,,,,,,,,hypertension
douleur_dos,irradiation_jambe,limitation_mouvement,raideur_dos,spasmes_musculaires,,,,,,,,,,,lombalgie
brulures_estomac,douleurs_abdominales,faim_douloureuse,nausees,perte_de_poids,sang_dans_selles,,,,,,,,,,ulcere_gastrique
confusion,eruption_cutanee,fievre,maux_de_tete_intense,nausees,raideur_nuque,vomissements,,,,,,,,,meningite
douleur_thoracique,fatigue,fievre,perte_de_poids,toux_chronique,,,,,,,,,,,tuberculose
confusion,faiblesse_bras,maux_de_tete_soudain,paralysie_faciale,perte_equilibre,trouble_parole,trouble_vision,vertiges,,,,,,,,avc
aura_visuelle,maux_de_tete_intense,nausees,sensibilite_bruit,sensibilite_lumiere,vomissements,,,,,,,,,,migraine
difficulte_a_avaler,ganglions_gonfles,mal_gorge,nausees,,,,,,,,,,,,angine
douleur_dos,douleur_position,fatigue,irradiation_jambe,limitation_mouvement,raideur_dos,spasmes_musculaires,,,,,,,,,lombalgie
diarrhee,douleurs_musculaires,essoufflement,fatigue,fievre,mal_gorge,toux_seche,,,,,,,,,covid19
anxiete,difficulte_a_parler,essoufflement,fatigue,oppression_thoracique,sifflement_respiratoire,toux_seche,,,,,,,,,asthme
demangeaisons,ongles_epaissis,peau_ecailleuse,plaques_peau,sensibilite_peau,,,,,,,,,,,psoriasis
diarrhee,fatigue,fievre,mal_gorge,perte_odorat,,,,,,,,,,,covid19
demangeaisons,maux_de_tete,nez_qui_coule,obstruction_nasale,toux,yeux_qui_piquent,,,,,,,,,,rhinite_allergique
demangeaisons,nez_qui_coule,obstruction_nasale,yeux_qui_piquent,,,,,,,,,,,,rhinite_allergique
fatigue,fievre,frissons,mal_gorge,maux_de_tete,nez_qui_coule,toux,,,,,,,,,grippe
diarrhee,douleur_abdominale_droite,fievre,nausees,perte_appetit,vomissements,,,,,,,,,,appendicite
constipation,diarrhee,fievre,nausees,perte_appetit,vomissements,,,,,,,,,,appendicite
chaleur_articulaire,fatigue,fievre,gonflement_articulations,raideur_matinale,,,,,,,,,,,arthrite
douleurs_musculaires,fievre,mal_gorge,maux_de_tete,perte_appetit,,,,,,,,,,,grippe
essoufflement,fatigue,fievre,maux_de_tete,perte_odorat,toux_seche,,,,,,,,,,covid19
diarrhee,douleurs_musculaires,essoufflement,fatigue,maux_de_tete,perte_odorat,toux_seche,,,,,,,,,covid19
diarrhee,douleurs_musculaires,essoufflement,fatigue,mal_gorge,perte_odorat,toux_seche,,,,,,,,,covid19
douleur_abdominale_droite,fatigue,fievre,jaunisse,selles_decolorees,urine_foncee,,,,,,,,,,hepatite
abdomen_gonflé,essoufflement,oedemes_jambes,prise_de_poids,toux_nocturne,,,,,,,,,,,insuffisance_cardiaque
confusion,fievre,maux_de_tete_intense,photophobie,raideur_nuque,vomissements,,,,,,,,,,meningite
cheveux_cassants,constipation,fatigue,frilosite,oedemes,prise_de_poids,,,,,,,,,,hypothyroidie
essoufflement,fatigue,oppression_thoracique,sifflement_respiratoire,toux_seche,,,,,,,,,,,asthme
cheveux_cassants,depression,fatigue,frilosite,oedemes,peau_seche,prise_de_poids,,,,,,,,,hypothyroidie
douleur_abdominale_droite,fatigue,jaunisse,nausees,perte_appetit,selles_decolorees,urine_foncee,vomissements,,,,,,,,hepatite
douleur_thoracique,essoufflement,expectorations,fievre,frissons,maux_de_tete,toux,,,,,,,,,pneumonie
douleurs_musculaires,fatigue,maux_de_tete,perte_appetit,toux,,,,,,,,,,,grippe
crampes,diarrhee,douleurs_abdominales,fievre,nausees,,,,,,,,,,,gastroenterite
confusion,fievre,maux_de_tete_intense,nausees,photophobie,raideur_nuque,vomissements,,,,,,,,,meningite
anxiete,douleur_bras_gauche,essoufflement,fatigue_extreme,nausees,sueurs_froides,vertiges,,,,,,,,,infarctus
aura_visuelle,fatigue,maux_de_tete_intense,nausees,sensibilite_bruit,sensibilite_lumiere,vertiges,,,,,,,,,migraine
fatigue,fievre_cyclique,frissons,maux_de_tete,sueurs,vomissements,,,,,,,,,,paludisme
douleurs_musculaires,fatigue,fievre,maux_de_tete,perte_appetit,toux,,,,,,,,,,grippe
anxiete,douleur_bras_gauche,douleur_thoracique,essoufflement,sueurs_froides,vertiges,,,,,,,,,,infarctus
bourdonnements_oreilles,epistaxis,essoufflement,fatigue,maux_de_tete,vertiges,vision_trouble,,,,,,,,,hypertension
confusion,faiblesse_bras,maux_de_tete_soudain,paralysie_faciale,perte_equilibre,trouble_parole,vertiges,,,,,,,,,avc
diarrhee,exophtalmie,palpitations,perte_de_poids,sudation_excessive,tremblements,,,,,,,,,,hyperthyroidie
bradycardie,depression,fatigue,frilosite,oedemes,prise_de_poids,,,,,,,,,,hypothyroidie
cicatrisation_lente,faim_excessive,fatigue,soif_excessive,urines_frequentes,vision_trouble,,,,,,,,,,diabete_type2
difficulte_a_avaler,ganglions_gonfles,mal_gorge,nausees,toux,,,,,,,,,,,angine
douleur_abdominale_droite,fatigue,fievre,jaunisse,nausees,perte_appetit,vomissements,,,,,,,,,hepatite
alternance_diarrhee_constipation,ballonnements,douleurs_abdominales,fatigue,gaz,nausees,,,,,,,,,,syndrome_colon_irritable
essoufflement,expectorations,fatigue,fievre,frissons,toux,,,,,,,,,,pneumonie
douleur_thoracique,fatigue,hemoptysie,perte_appetit,perte_de_poids,sueurs_nocturnes,toux_chronique,,,,,,,,,tuberculose
abdomen_gonflé,essoufflement,fatigue,oedemes_jambes,palpitations,prise_de_poids,toux_nocturne,vertiges,,,,,,,,insuffisance_cardiaque
alternance_diarrhee_constipation,ballonnements,douleurs_abdominales,fatigue,nausees,,,,,,,,,,,syndrome_colon_irritable
brulures_estomac,douleurs_abdominales,nausees,perte_de_poids,sang_dans_selles,vomissements,,,,,,,,,,ulcere_gastrique
douleurs_musculaires,essoufflement,fievre,mal_gorge,perte_odorat,toux_seche,,,,,,,,,,covid19
douleur_thoracique,essoufflement,expectorations,fatigue,fievre,toux,,,,,,,,,,bronchite
bradycardie,depression,fatigue,frilosite,oedemes,peau_seche,prise_de_poids,,,,,,,,,hypothyroidie
bradycardie,constipation,fatigue,frilosite,oedemes,prise_de_poids,,,,,,,,,,hypothyroidie
abdomen_gonflé,essoufflement,fatigue,oedemes_jambes,palpitations,prise_de_poids,toux_nocturne,,,,,,,,,insuffisance_cardiaque
abdomen_gonflé,essoufflement,fatigue,oedemes_jambes,palpitations,prise_de_poids,toux_nocturne,vertiges,,,,,,,,insuffisance_cardiaque
confusion,eruption_cutanee,fievre,nausees,photophobie,raideur_nuque,vomissements,,,,,,,,,meningite
anxiete,essoufflement,fatigue,oppression_thoracique,sifflement_respiratoire,toux_seche,,,,,,,,,,asthme
chaleur_articulaire,douleurs_articulaires,fievre,gonflement_articulations,limitation_mouvement,raideur_matinale,,,,,,,,,,arthrite
bradycardie,constipation,fatigue,frilosite,oedemes,peau_seche,prise_de_poids,,,,,,,,,hypothyroidie
douleur_thoracique,fatigue,fievre,hemoptysie,perte_appetit,perte_de_poids,sueurs_nocturnes,toux_chronique,,,,,,,,tuberculose
douleur_dos,douleur_position,irradiation_jambe,limitation_mouvement,raideur_dos,,,,,,,,,,,lombalgie
douleurs_musculaires,fatigue,fievre_cyclique,frissons,maux_de_tete,sueurs,,,,,,,,,,paludisme
fatigue,limitation_mouvement,raideur_dos,spasmes_musculaires,,,,,,,,,,,,lombalgie
aura,confusion_post_crise,convulsions,morsure_langue,perte_conscience,,,,,,,,,,,epilepsie
douleur_abdominale_droite,fatigue,jaunisse,selles_decolorees,urine_foncee,vomissements,,,,,,,,,,hepatite
douleur_position,fatigue,limitation_mouvement,raideur_dos,,,,,,,,,,,,lombalgie
confusion,maux_de_tete_soudain,paralysie_faciale,perte_equilibre,trouble_parole,trouble_vision,vertiges,,,,,,,,,avc
douleur_thoracique,fatigue,fievre,perte_appetit,perte_de_poids,toux_chronique,,,,,,,,,,tuberculose
douleur_dos,douleur_position,fatigue,irradiation_jambe,raideur_dos,spasmes_musculaires,,,,,,,,,,lombalgie
douleur_thoracique,essoufflement,expectorations,fievre,sifflement_respiratoire,toux,,,,,,,,,,bronchite
cicatrisation_lente,faim_excessive,fatigue,fourmillements,soif_excessive,vision_trouble,,,,,,,,,,diabete_type2
douleur_thoracique,essoufflement,expectorations,fievre,frissons,maux_de_tete,,,,,,,,,,pneumonie
douleur_thoracique,essoufflement,expectorations,fievre,toux,,,,,,,,,,,bronchite
douleur_abdominale_droite,fievre,nausees,perte_appetit,vomissements,,,,,,,,,,,appendicite
diarrhee,exophtalmie,insomnie,nervosité,palpitations,perte_de_poids,tremblements,,,,,,,,,hyperthyroidie
alternance_diarrhee_constipation,ballonnements,crampes,douleurs_abdominales,fatigue,nausees,,,,,,,,,,syndrome_colon_irritable
alternance_diarrhee_constipation,ballonnements,crampes,douleurs_abdominales,fatigue,gaz,nausees,,,,,,,,,syndrome_colon_irritable
croutes,demangeaisons,eruption_cutanee,inflammation,peau_rouge,peau_seche,sensibilite_peau,,,,,,,,,eczema
fatigue,fievre_cyclique,frissons,maux_de_tete,nausees,,,,,,,,,,,paludisme
difficulte_a_avaler,fievre,ganglions_gonfles,mal_gorge,toux,,,,,,,,,,,angine
demangeaisons,douleurs_articulaires,inflammation,ongles_epaissis,peau_ecailleuse,plaques_peau,sensibilite_peau,,,,,,,,,psoriasis
douleurs_musculaires,fatigue,fievre,frissons,maux_de_tete,perte_appetit,toux,,,,,,,,,grippe
diarrhee,douleurs_abdominales,fatigue,nausees,vomissements,,,,,,,,,,,gastroenterite
abdomen_gonflé,essoufflement,fatigue,oedemes_jambes,palpitations,prise_de_poids,toux_nocturne,,,,,,,,,insuffisance_cardiaque
douleurs_abdominales,fievre,nausees,vomissements,,,,,,,,,,,,gastroenterite
faiblesse_bras,maux_de_tete_soudain,paralysie_faciale,perte_equilibre,trouble_parole,vertiges,,,,,,,,,,avc
anxiete,douleur_bras_gauche,douleur_thoracique,nausees,sueurs_froides,vertiges,,,,,,,,,,infarctus
aura_visuelle,maux_de_tete_intense,nausees,sensibilite_bruit,vertiges,vomissements,,,,,,,,,,migraine
alternance_diarrhee_constipation,ballonnements,crampes,douleurs_abdominales,fatigue,gaz,nausees,,,,,,,,,syndrome_colon_irritable
douleur_abdominale_droite,fatigue,jaunisse,perte_appetit,selles_decolorees,urine_foncee,,,,,,,,,,hepatite
diarrhee,fatigue,nervosité,palpitations,sudation_excessive,tremblements,,,,,,,,,,hyperthyroidie
confusion,eruption_cutanee,maux_de_tete_intense,photophobie,raideur_nuque,vomissements,,,,,,,,,,meningite
douleurs_musculaires,fatigue,maux_de_tete,perte_odorat,toux_seche,,,,,,,,,,,covid19
anxiete,douleur_thoracique,essoufflement,palpitations,syncope,vertiges,,,,,,,,,,arythmie
difficulte_a_avaler,fievre,ganglions_gonfles,mal_gorge,maux_de_tete,nausees,toux,,,,,,,,,angine
anxiete,essoufflement,fatigue,palpitations,syncope,vertiges,,,,,,,,,,arythmie
douleur_thoracique,essoufflement,expectorations,fatigue,toux,,,,,,,,,,,bronchite
eruption_cutanee,inflammation,peau_rouge,peau_seche,sensibilite_peau,,,,,,,,,,,eczema
confusion,faiblesse_bras,maux_de_tete_soudain,paralysie_faciale,trouble_parole,trouble_vision,,,,,,,,,,avc
demangeaisons,eruption_cutanee,peau_rouge,peau_seche,sensibilite_peau,,,,,,,,,,,eczema
diarrhee,exophtalmie,nervosité,palpitations,perte_de_poids,sudation_excessive,,,,,,,,,,hyperthyroidie
difficulte_a_avaler,fatigue,fievre,mal_gorge,maux_de_tete,nausees,,,,,,,,,,angine
douleur_thoracique,essoufflement,fatigue,fievre,frissons,sueurs_nocturnes,toux,,,,,,,,,pneumonie
douleur_thoracique,essoufflement,expectorations,fatigue,fievre,sifflement_respiratoire,toux,,,,,,,,,bronchite
douleurs_abdominales,fievre,nausees,perte_appetit,vomissements,,,,,,,,,,,gastroenterite
brulures_estomac,douleurs_abdominales,nausees,sang_dans_selles,vomissements,,,,,,,,,,,ulcere_gastrique
abdomen_gonflé,fatigue,oedemes_jambes,palpitations,toux_nocturne,,,,,,,,,,,insuffisance_cardiaque
bourdonnements_oreilles,epistaxis,essoufflement,maux_de_tete,palpitations,vertiges,,,,,,,,,,hypertension
difficulte_a_avaler,fatigue,fievre,ganglions_gonfles,mal_gorge,maux_de_tete,,,,,,,,,,angine
anxiete,douleur_thoracique,essoufflement,fatigue,palpitations,syncope,vertiges,,,,,,,,,arythmie
essoufflement,fatigue,oedemes_jambes,palpitations,prise_de_poids,vertiges,,,,,,,,,,insuffisance_cardiaque
douleur_thoracique,fatigue,fievre,hemoptysie,perte_appetit,perte_de_poids,sueurs_nocturnes,toux_chronique,,,,,,,,tuberculose
eternuements,fatigue,maux_de_tete,obstruction_nasale,yeux_qui_piquent,,,,,,,,,,,rhinite_allergique
confusion_post_crise,fatigue_post_crise,incontinence,perte_conscience,,,,,,,,,,,,epilepsie
douleur_dos,fatigue,irradiation_jambe,limitation_mouvement,spasmes_musculaires,,,,,,,,,,,lombalgie
essoufflement,expectorations,fievre,sueurs_nocturnes,toux,,,,,,,,,,,pneumonie
chaleur_articulaire,douleurs_articulaires,fievre,gonflement_articulations,raideur_matinale,,,,,,,,,,,arthrite
anemie,douleurs_musculaires,fievre_cyclique,frissons,maux_de_tete,nausees,vomissements,,,,,,,,,paludisme
eruption_cutanee,fievre,maux_de_tete_intense,nausees,raideur_nuque,vomissements,,,,,,,,,,meningite
alternance_diarrhee_constipation,ballonnements,crampes,douleurs_abdominales,fatigue,,,,,,,,,,,syndrome_colon_irritable
douleurs_musculaires,fatigue,fievre,frissons,perte_appetit,,,,,,,,,,,grippe
aura_visuelle,maux_de_tete_intense,nausees,sensibilite_lumiere,vertiges,vomissements,,,,,,,,,,migraine
essoufflement,fatigue,oppression_thoracique,sifflement_respiratoire,toux_seche,,,,,,,,,,,asthme
douleurs_musculaires,fatigue,fievre,frissons,maux_de_tete,perte_appetit,,,,,,,,,,grippe
douleurs_musculaires,fatigue,mal_gorge,maux_de_tete,nez_qui_coule,perte_appetit,,,,,,,,,,grippe
faim_excessive,fatigue,fourmillements,soif_excessive,urines_frequentes,vision_trouble,,,,,,,,,,diabete_type2
brulures_estomac,douleurs_abdominales,faim_douloureuse,nausees,perte_de_poids,vomissements,,,,,,,,,,ulcere_gastrique
abdomen_gonflé,essoufflement,fatigue,oedemes_jambes,prise_de_poids,toux_nocturne,vertiges,,,,,,,,,insuffisance_cardiaque
douleurs_articulaires,fievre,gonflement_articulations,raideur_matinale,,,,,,,,,,,,arthrite
douleur_bras_gauche,douleur_thoracique,essoufflement,fatigue_extreme,nausees,sueurs_froides,,,,,,,,,,infarctus
abdomen_gonflé,fatigue,oedemes_jambes,prise_de_poids,toux_nocturne,,,,,,,,,,,insuffisance_cardiaque
aura,confusion_post_crise,convulsions,fatigue_post_crise,incontinence,morsure_langue,,,,,,,,,,epilepsie
bourdonnements_oreilles,epistaxis,maux_de_tete,palpitations,vertiges,vision_trouble,,,,,,,,,,hypertension
constipation,fatigue,frilosite,oedemes,peau_seche,prise_de_poids,,,,,,,,,,hypothyroidie
brulures_estomac,douleurs_abdominales,faim_douloureuse,nausees,perte_de_poids,sang_dans_selles,vomissements,,,,,,,,,ulcere_gastrique
diarrhee,insomnie,palpitations,perte_de_poids,tremblements,,,,,,,,,,,hyperthyroidie
faim_excessive,fatigue,perte_de_poids,soif_excessive,urines_frequentes,vision_trouble,,,,,,,,,,diabete_type2
douleur_position,irradiation_jambe,limitation_mouvement,raideur_dos,spasmes_musculaires,,,,,,,,,,,lombalgie
douleur_thoracique,essoufflement,expectorations,fievre,sueurs_nocturnes,toux,,,,,,,,,,pneumonie
croutes,demangeaisons,eruption_cutanee,peau_qui_suinte,peau_rouge,peau_seche,,,,,,,,,,eczema
diarrhee,douleurs_musculaires,fatigue,fievre,perte_odorat,toux_seche,,,,,,,,,,covid19
confusion,fievre,maux_de_tete_intense,nausees,photophobie,raideur_nuque,,,,,,,,,,meningite
anxiete,essoufflement,fatigue,palpitations,syncope,,,,,,,,,,,arythmie
douleur_dos,douleur_position,fatigue,irradiation_jambe,limitation_mouvement,raideur_dos,spasmes_musculaires,,,,,,,,,lombalgie
fatigue,fievre,mal_gorge,maux_de_tete,perte_appetit,,,,,,,,,,,grippe
cicatrisation_lente,faim_excessive,fatigue,fourmillements,perte_de_poids,soif_excessive,urines_frequentes,vision_trouble,,,,,,,,diabete_type2
faim_excessive,fourmillements,perte_de_poids,soif_excessive,urines_frequentes,vision_trouble,,,,,,,,,,diabete_type2
constipation,depression,fatigue,frilosite,oedemes,prise_de_poids,,,,,,,,,,hypothyroidie
anxiete,difficulte_a_parler,essoufflement,fatigue,oppression_thoracique,sifflement_respiratoire,toux_seche,,,,,,,,,asthme
demangeaisons,inflammation,peau_ecailleuse,plaques_peau,sensibilite_peau,,,,,,,,,,,psoriasis
aura_visuelle,fatigue,nausees,sensibilite_bruit,sensibilite_lumiere,,,,,,,,,,,migraine
douleur_thoracique,essoufflement,expectorations,fievre,maux_de_tete,,,,,,,,,,,pneumonie
brulures_estomac,douleurs_abdominales,faim_douloureuse,nausees,sang_dans_selles,vomissements,,,,,,,,,,ulcere_gastrique
difficulte_a_avaler,ganglions_gonfles,mal_gorge,maux_de_tete,,,,,,,,,,,,angine
anxiete,difficulte_a_parler,essoufflement,oppression_thoracique,sifflement_respiratoire,toux_seche,,,,,,,,,,asthme
diarrhee,essoufflement,fatigue,fievre,mal_gorge,perte_odorat,toux_seche,,,,,,,,,covid19
douleur_thoracique,fatigue,fievre,hemoptysie,perte_appetit,sueurs_nocturnes,toux_chronique,,,,,,,,,tuberculose
bourdonnements_oreilles,essoufflement,fatigue,vertiges,,,,,,,,,,,,hypertension
difficulte_a_avaler,fatigue,fievre,ganglions_gonfles,mal_gorge,nausees,,,,,,,,,,angine
bradycardie,fatigue,frilosite,oedemes,prise_de_poids,,,,,,,,,,,hypothyroidie
anxiete,douleur_bras_gauche,douleur_thoracique,essoufflement,fatigue_extreme,nausees,sueurs_froides,vertiges,,,,,,,,infarctus
douleur_thoracique,essoufflement,expectorations,fievre,sifflement_respiratoire,toux,,,,,,,,,,bronchite
douleurs_musculaires,fatigue,fievre,frissons,maux_de_tete,perte_appetit,toux,,,,,,,,,grippe
douleur_dos,douleur_position,irradiation_jambe,raideur_dos,,,,,,,,,,,,lombalgie
alternance_diarrhee_constipation,ballonnements,douleurs_abdominales,fatigue,gaz,nausees,,,,,,,,,,syndrome_colon_irritable
aura,confusion_post_crise,convulsions,fatigue_post_crise,incontinence,morsure_langue,perte_conscience,,,,,,,,,epilepsie
diarrhee,douleur_abdominale_droite,fievre,nausees,perte_appetit,,,,,,,,,,,appendicite
exophtalmie,fatigue,insomnie,nervosité,palpitations,perte_de_poids,sudation_excessive,tremblements,,,,,,,,hyperthyroidie
anxiete,douleur_thoracique,essoufflement,fatigue,palpitations,syncope,vertiges,,,,,,,,,arythmie
douleur_position,fatigue,irradiation_jambe,limitation_mouvement,raideur_dos,spasmes_musculaires,,,,,,,,,,lombalgie
confusion,faiblesse_bras,maux_de_tete_soudain,paralysie_faciale,perte_equilibre,trouble_parole,trouble_vision,vertiges,,,,,,,,avc
anxiete,douleur_thoracique,fatigue,palpitations,vertiges,,,,,,,,,,,arythmie
confusion,faiblesse_bras,maux_de_tete_soudain,paralysie_faciale,trouble_parole,trouble_vision,vertiges,,,,,,,,,avc
faim_excessive,fatigue,fourmillements,perte_de_poids,soif_excessive,urines_frequentes,vision_trouble,,,,,,,,,diabete_type2
douleur_thoracique,expectorations,fatigue,fievre,maux_de_tete,sueurs_nocturnes,toux,,,,,,,,,pneumonie
confusion,eruption_cutanee,fievre,maux_de_tete_intense,nausees,photophobie,raideur_nuque,vomissements,,,,,,,,meningite
chaleur_articulaire,douleurs_articulaires,fatigue,fievre,gonflement_articulations,perte_appetit,raideur_matinale,,,,,,,,,arthrite
brulures_estomac,douleurs_abdominales,faim_douloureuse,nausees,sang_dans_selles,vomissements,,,,,,,,,,ulcere_gastrique
alternance_diarrhee_constipation,ballonnements,douleurs_abdominales,fatigue,gaz,nausees,,,,,,,,,,syndrome_colon_irritable
faim_excessive,fatigue,fourmillements,perte_de_poids,soif_excessive,vision_trouble,,,,,,,,,,diabete_type2
demangeaisons,eternuements,maux_de_tete,nez_qui_coule,obstruction_nasale,toux,yeux_qui_piquent,,,,,,,,,rhinite_allergique
douleur_thoracique,expectorations,fatigue,fievre,maux_de_tete,toux,,,,,,,,,,pneumonie
brulures_estomac,douleurs_abdominales,faim_douloureuse,nausees,perte_de_poids,sang_dans_selles,vomissements,,,,,,,,,ulcere_gastrique
aura,convulsions,fatigue_post_crise,incontinence,morsure_langue,perte_conscience,,,,,,,,,,epilepsie
fatigue,fievre,ganglions_gonfles,mal_gorge,toux,,,,,,,,,,,angine
anxiete,douleur_thoracique,essoufflement,fatigue_extreme,nausees,sueurs_froides,vertiges,,,,,,,,,infarctus
douleurs_musculaires,essoufflement,fievre,perte_odorat,toux_seche,,,,,,,,,,,covid19
anxiete,difficulte_a_parler,oppression_thoracique,sifflement_respiratoire,toux_seche,,,,,,,,,,,asthme
difficulte_a_avaler,fievre,ganglions_gonfles,mal_gorge,maux_de_tete,nausees,,,,,,,,,,angine
douleur_thoracique,essoufflement,expectorations,sifflement_respiratoire,toux,,,,,,,,,,,bronchite
confusion,faiblesse_bras,paralysie_faciale,perte_equilibre,trouble_parole,trouble_vision,vertiges,,,,,,,,,avc
demangeaisons,peau_ecailleuse,plaques_peau,sensibilite_peau,,,,,,,,,,,,psoriasis
douleur_thoracique,essoufflement,expectorations,fatigue,fievre,sifflement_respiratoire,toux,,,,,,,,,bronchite
anxiete,douleur_thoracique,essoufflement,syncope,vertiges,,,,,,,,,,,arythmie
brulures_estomac,douleurs_abdominales,faim_douloureuse,nausees,perte_de_poids,sang_dans_selles,vomissements,,,,,,,,,ulcere_gastrique
essoufflement,fatigue,palpitations,prise_de_poids,toux_nocturne,,,,,,,,,,,insuffisance_cardiaque
anxiete,difficulte_a_parler,essoufflement,fatigue,sifflement_respiratoire,toux_seche,,,,,,,,,,asthme
diarrhee,fatigue,fievre,mal_gorge,maux_de_tete,toux_seche,,,,,,,,,,covid19
crampes,douleurs_abdominales,fievre,nausees,perte_appetit,vomissements,,,,,,,,,,gastroenterite
douleur_thoracique,essoufflement,expectorations,fatigue,sifflement_respiratoire,toux,,,,,,,,,,bronchite
bradycardie,constipation,fatigue,peau_seche,prise_de_poids,,,,,,,,,,,hypothyroidie
douleur_thoracique,essoufflement,expectorations,fatigue,fievre,sifflement_respiratoire,toux,,,,,,,,,bronchite
abdomen_gonflé,essoufflement,fatigue,oedemes_jambes,palpitations,prise_de_poids,toux_nocturne,vertiges,,,,,,,,insuffisance_cardiaque
anemie,douleurs_musculaires,fievre_cyclique,frissons,maux_de_tete,sueurs,,,,,,,,,,paludisme
douleur_thoracique,essoufflement,expectorations,sifflement_respiratoire,toux,,,,,,,,,,,bronchite
faim_excessive,fatigue,perte_de_poids,soif_excessive,urines_frequentes,vision_trouble,,,,,,,,,,diabete_type2
chaleur_articulaire,fievre,gonflement_articulations,limitation_mouvement,perte_appetit,raideur_matinale,,,,,,,,,,arthrite
eruption_cutanee,fievre,maux_de_tete_intense,nausees,raideur_nuque,vomissements,,,,,,,,,,meningite
demangeaisons,inflammation,ongles_epaissis,peau_ecailleuse,plaques_peau,sensibilite_peau,,,,,,,,,,psoriasis
brulures_estomac,douleurs_abdominales,nausees,perte_de_poids,sang_dans_selles,vomissements,,,,,,,,,,ulcere_gastrique
fatigue,jaunisse,selles_decolorees,urine_foncee,vomissements,,,,,,,,,,,hepatite
essoufflement,expectorations,fatigue,fievre,sifflement_respiratoire,toux,,,,,,,,,,bronchite
essoufflement,expectorations,fievre,sifflement_respiratoire,toux,,,,,,,,,,,bronchite
cicatrisation_lente,fourmillements,soif_excessive,urines_frequentes,vision_trouble,,,,,,,,,,,diabete_type2
fatigue,maux_de_tete_intense,sensibilite_bruit,sensibilite_lumiere,vomissements,,,,,,,,,,,migraine
douleur_bras_gauche,douleur_thoracique,essoufflement,fatigue_extreme,nausees,sueurs_froides,vertiges,,,,,,,,,infarctus
douleur_thoracique,essoufflement,expectorations,fatigue,fievre,sifflement_respiratoire,toux,,,,,,,,,bronchite
difficulte_a_avaler,fievre,ganglions_gonfles,mal_gorge,toux,,,,,,,,,,,angine
demangeaisons,eternuements,fatigue,nez_qui_coule,obstruction_nasale,toux,yeux_qui_piquent,,,,,,,,,rhinite_allergique
anxiete,difficulte_a_parler,essoufflement,fatigue,sifflement_respiratoire,toux_seche,,,,,,,,,,asthme
constipation,diarrhee,douleur_abdominale_droite,fievre,perte_appetit,vomissements,,,,,,,,,,appendicite
confusion,faiblesse_bras,maux_de_tete_soudain,paralysie_faciale,perte_equilibre,trouble_vision,vertiges,,,,,,,,,avc
essoufflement,expectorations,fatigue,fievre,toux,,,,,,,,,,,pneumonie
demangeaisons,inflammation,ongles_epaissis,peau_ecailleuse,sensibilite_peau,,,,,,,,,,,psoriasis
aura_visuelle,fatigue,maux_de_tete_intense,nausees,sensibilite_bruit,sensibilite_lumiere,,,,,,,,,,migraine
bradycardie,constipation,depression,fatigue,prise_de_poids,,,,,,,,,,,hypothyroidie
diarrhee,insomnie,nervosité,palpitations,sudation_excessive,tremblements,,,,,,,,,,hyperthyroidie
demangeaisons,fatigue,nez_qui_coule,obstruction_nasale,yeux_qui_piquent,,,,,,,,,,,rhinite_allergique
faim_excessive,fatigue,fourmillements,perte_de_poids,soif_excessive,urines_frequentes,vision_trouble,,,,,,,,,diabete_type2
brulures_estomac,douleurs_abdominales,faim_douloureuse,nausees,perte_de_poids,sang_dans_selles,vomissements,,,,,,,,,ulcere_gastrique
essoufflement,fatigue,oedemes_jambes,palpitations,prise_de_poids,toux_nocturne,vertiges,,,,,,,,,insuffisance_cardiaque
croutes,demangeaisons,eruption_cutanee,peau_rouge,peau_seche,,,,,,,,,,,eczema
confusion,fievre,maux_de_tete_intense,nausees,raideur_nuque,vomissements,,,,,,,,,,meningite
diarrhee,douleur_abdominale_droite,douleur_au_mouvement,fievre,nausees,perte_appetit,vomissements,,,,,,,,,appendicite
difficulte_a_avaler,ganglions_gonfles,mal_gorge,toux,,,,,,,,,,,,angine
confusion,faiblesse_bras,maux_de_tete_soudain,paralysie_faciale,perte_equilibre,trouble_parole,trouble_vision,,,,,,,,,avc
croutes,demangeaisons,eruption_cutanee,inflammation,peau_seche,,,,,,,,,,,eczema
anemie,douleurs_musculaires,fievre_cyclique,frissons,maux_de_tete,vomissements,,,,,,,,,,paludisme
douleur_position,irradiation_jambe,limitation_mouvement,raideur_dos,,,,,,,,,,,,lombalgie
constipation,douleur_abdominale_droite,douleur_au_mouvement,nausees,perte_appetit,vomissements,,,,,,,,,,appendicite
aura_visuelle,fatigue,maux_de_tete_intense,nausees,sensibilite_bruit,sensibilite_lumiere,,,,,,,,,,migraine
douleur_thoracique,fatigue,fievre,hemoptysie,perte_appetit,perte_de_poids,sueurs_nocturnes,,,,,,,,,tuberculose
fatigue,insomnie,nervosité,perte_de_poids,sudation_excessive,tremblements,,,,,,,,,,hyperthyroidie
demangeaisons,douleurs_articulaires,inflammation,ongles_epaissis,peau_ecailleuse,plaques_peau,,,,,,,,,,psoriasis
brulures_estomac,douleurs_abdominales,faim_douloureuse,nausees,perte_de_poids,sang_dans_selles,vomissements,,,,,,,,,ulcere_gastrique
aura,confusion_post_crise,fatigue_post_crise,incontinence,morsure_langue,perte_conscience,,,,,,,,,,epilepsie
eternuements,nez_qui_coule,obstruction_nasale,toux,yeux_qui_piquent,,,,,,,,,,,rhinite_allergique
demangeaisons,eternuements,nez_qui_coule,yeux_qui_piquent,,,,,,,,,,,,rhinite_allergique
anxiete,douleur_bras_gauche,douleur_thoracique,essoufflement,sueurs_froides,vertiges,,,,,,,,,,infarctus
diarrhee,fatigue,insomnie,nervosité,palpitations,perte_de_poids,sudation_excessive,tremblements,,,,,,,,hyperthyroidie
anxiete,douleur_thoracique,fatigue,palpitations,syncope,vertiges,,,,,,,,,,arythmie
aura,confusion_post_crise,convulsions,fatigue_post_crise,perte_conscience,,,,,,,,,,,epilepsie
cheveux_cassants,constipation,depression,fatigue,peau_seche,prise_de_poids,,,,,,,,,,hypothyroidie
constipation,diarrhee,douleur_abdominale_droite,fievre,nausees,vomissements,,,,,,,,,,appendicite
difficulte_a_avaler,fievre,mal_gorge,maux_de_tete,toux,,,,,,,,,,,angine
diarrhee,douleurs_abdominales,fatigue,fievre,nausees,perte_appetit,vomissements,,,,,,,,,gastroenterite
douleur_thoracique,essoufflement,expectorations,fievre,sueurs_nocturnes,toux,,,,,,,,,,pneumonie
bradycardie,cheveux_cassants,constipation,depression,frilosite,peau_seche,prise_de_poids,,,,,,,,,hypothyroidie
douleur_thoracique,fatigue,fievre,hemoptysie,perte_appetit,perte_de_poids,sueurs_nocturnes,,,,,,,,,tuberculose
brulures_estomac,douleurs_abdominales,nausees,perte_de_poids,vomissements,,,,,,,,,,,ulcere_gastrique
diarrhee,douleurs_musculaires,fatigue,fievre,mal_gorge,maux_de_tete,perte_odorat,toux_seche,,,,,,,,covid19
douleur_thoracique,essoufflement,expectorations,fatigue,fievre,sifflement_respiratoire,toux,,,,,,,,,bronchite
douleur_thoracique,fatigue,fievre,hemoptysie,perte_de_poids,sueurs_nocturnes,toux_chronique,,,,,,,,,tuberculose
fatigue,fievre,jaunisse,perte_appetit,selles_decolorees,urine_foncee,vomissements,,,,,,,,,hepatite
douleur_thoracique,essoufflement,fievre,maux_de_tete,toux,,,,,,,,,,,pneumonie
confusion,faiblesse_bras,maux_de_tete_soudain,paralysie_faciale,trouble_parole,trouble_vision,vertiges,,,,,,,,,avc
douleurs_musculaires,frissons,maux_de_tete,nausees,sueurs,,,,,,,,,,,paludisme
alternance_diarrhee_constipation,ballonnements,crampes,douleurs_abdominales,fatigue,gaz,nausees,,,,,,,,,syndrome_colon_irritable
diarrhee,fievre,nausees,vomissements,,,,,,,,,,,,gastroenterite
douleur_position,irradiation_jambe,limitation_mouvement,raideur_dos,spasmes_musculaires,,,,,,,,,,,lombalgie
douleurs_musculaires,fatigue,fievre,maux_de_tete,nez_qui_coule,perte_appetit,toux,,,,,,,,,grippe
cicatrisation_lente,faim_excessive,fatigue,fourmillements,perte_de_poids,soif_excessive,urines_frequentes,vision_trouble,,,,,,,,diabete_type2
aura_visuelle,maux_de_tete_intense,sensibilite_bruit,sensibilite_lumiere,,,,,,,,,,,,migraine
crampes,diarrhee,douleurs_abdominales,nausees,vomissements,,,,,,,,,,,gastroenterite
douleur_thoracique,essoufflement,fatigue,syncope,vertiges,,,,,,,,,,,arythmie
bourdonnements_oreilles,epistaxis,essoufflement,palpitations,vertiges,,,,,,,,,,,hypertension
demangeaisons,eternuements,maux_de_tete,nez_qui_coule,obstruction_nasale,toux,yeux_qui_piquent,,,,,,,,,rhinite_allergique
anxiete,douleur_bras_gauche,douleur_thoracique,essoufflement,fatigue_extreme,nausees,sueurs_froides,vertiges,,,,,,,,infarctus
douleur_thoracique,essoufflement,expectorations,fievre,maux_de_tete,sueurs_nocturnes,,,,,,,,,,pneumonie
eternuements,nez_qui_coule,toux,yeux_qui_piquent,,,,,,,,,,,,rhinite_allergique
fatigue,nausees,sensibilite_bruit,sensibilite_lumiere,,,,,,,,,,,,migraine
anxiete,douleur_thoracique,fatigue,palpitations,vertiges,,,,,,,,,,,arythmie
bradycardie,cheveux_cassants,constipation,depression,fatigue,peau_seche,prise_de_poids,,,,,,,,,hypothyroidie
douleurs_musculaires,fatigue,fievre,maux_de_tete,nez_qui_coule,perte_appetit,toux,,,,,,,,,grippe
eternuements,fatigue,nez_qui_coule,obstruction_nasale,yeux_qui_piquent,,,,,,,,,,,rhinite_allergique
bradycardie,constipation,depression,fatigue,frilosite,peau_seche,prise_de_poids,,,,,,,,,hypothyroidie
difficulte_a_parler,essoufflement,fatigue,oppression_thoracique,sifflement_respiratoire,toux_seche,,,,,,,,,,asthme
fatigue,fievre,frissons,maux_de_tete,nez_qui_coule,perte_appetit,toux,,,,,,,,,grippe
eruption_cutanee,fievre,maux_de_tete_intense,nausees,photophobie,raideur_nuque,,,,,,,,,,meningite
anemie,fievre_cyclique,frissons,maux_de_tete,nausees,sueurs,vomissements,,,,,,,,,paludisme
aura_visuelle,maux_de_tete_intense,nausees,sensibilite_bruit,sensibilite_lumiere,,,,,,,,,,,migraine
abdomen_gonflé,essoufflement,fatigue,oedemes_jambes,palpitations,prise_de_poids,toux_nocturne,vertiges,,,,,,,,insuffisance_cardiaque
anxiete,fatigue,palpitations,syncope,vertiges,,,,,,,,,,,arythmie
douleur_thoracique,essoufflement,expectorations,fatigue,fievre,maux_de_tete,sueurs_nocturnes,toux,,,,,,,,pneumonie
abdomen_gonflé,fatigue,oedemes_jambes,palpitations,prise_de_poids,toux_nocturne,vertiges,,,,,,,,,insuffisance_cardiaque
diarrhee,insomnie,nervosité,palpitations,sudation_excessive,tremblements,,,,,,,,,,hyperthyroidie
anxiete,difficulte_a_parler,essoufflement,fatigue,oppression_thoracique,sifflement_respiratoire,toux_seche,,,,,,,,,asthme
cicatrisation_lente,faim_excessive,fatigue,soif_excessive,urines_frequentes,,,,,,,,,,,diabete_type2
confusion,eruption_cutanee,fievre,maux_de_tete_intense,nausees,raideur_nuque,vomissements,,,,,,,,,meningite
demangeaisons,eruption_cutanee,inflammation,peau_rouge,peau_seche,sensibilite_peau,,,,,,,,,,eczema
maux_de_tete_intense,nausees,sensibilite_bruit,sensibilite_lumiere,vertiges,,,,,,,,,,,migraine
bradycardie,constipation,depression,frilosite,peau_seche,prise_de_poids,,,,,,,,,,hypothyroidie
cheveux_cassants,constipation,fatigue,frilosite,oedemes,prise_de_poids,,,,,,,,,,hypothyroidie
douleur_dos,douleur_position,fatigue,limitation_mouvement,,,,,,,,,,,,lombalgie
douleur_thoracique,essoufflement,expectorations,fatigue,fievre,sifflement_respiratoire,toux,,,,,,,,,bronchite
anxiete,douleur_thoracique,essoufflement,fatigue_extreme,nausees,sueurs_froides,vertiges,,,,,,,,,infarctus
demangeaisons,douleurs_articulaires,inflammation,plaques_peau,sensibilite_peau,,,,,,,,,,,psoriasis
cheveux_cassants,constipation,frilosite,oedemes,prise_de_poids,,,,,,,,,,,hypothyroidie
confusion,eruption_cutanee,fievre,maux_de_tete_intense,nausees,photophobie,raideur_nuque,vomissements,,,,,,,,meningite
douleur_thoracique,essoufflement,expectorations,fatigue,fievre,sifflement_respiratoire,toux,,,,,,,,,bronchite
fatigue,fievre,jaunisse,nausees,selles_decolorees,urine_foncee,vomissements,,,,,,,,,hepatite
douleurs_musculaires,fatigue,fievre,frissons,maux_de_tete,nez_qui_coule,perte_appetit,,,,,,,,,grippe
fievre,ganglions_gonfles,mal_gorge,toux,,,,,,,,,,,,angine
anxiete,difficulte_a_parler,essoufflement,fatigue,oppression_thoracique,sifflement_respiratoire,toux_seche,,,,,,,,,asthme
insomnie,nervosité,perte_de_poids,sudation_excessive,tremblements,,,,,,,,,,,hyperthyroidie
anxiete,douleur_thoracique,fatigue,palpitations,syncope,vertiges,,,,,,,,,,arythmie
douleurs_musculaires,fatigue,fievre,nez_qui_coule,perte_appetit,toux,,,,,,,,,,grippe
douleur_dos,fatigue,limitation_mouvement,spasmes_musculaires,,,,,,,,,,,,lombalgie
abdomen_gonflé,essoufflement,oedemes_jambes,palpitations,prise_de_poids,toux_nocturne,vertiges,,,,,,,,,insuffisance_cardiaque
faiblesse_bras,maux_de_tete_soudain,paralysie_faciale,trouble_parole,trouble_vision,,,,,,,,,,,avc
bourdonnements_oreilles,epistaxis,essoufflement,maux_de_tete,palpitations,vertiges,vision_trouble,,,,,,,,,hypertension
essoufflement,fatigue,oedemes_jambes,prise_de_poids,toux_nocturne,vertiges,,,,,,,,,,insuffisance_cardiaque
diarrhee,douleurs_musculaires,fatigue,fievre,mal_gorge,maux_de_tete,perte_odorat,toux_seche,,,,,,,,covid19
eruption_cutanee,fievre,maux_de_tete_intense,nausees,photophobie,raideur_nuque,,,,,,,,,,meningite
difficulte_a_avaler,fatigue,ganglions_gonfles,mal_gorge,nausees,toux,,,,,,,,,,angine
douleur_dos,douleur_position,fatigue,irradiation_jambe,limitation_mouvement,spasmes_musculaires,,,,,,,,,,lombalgie
anxiete,douleur_thoracique,essoufflement,fatigue,palpitations,syncope,vertiges,,,,,,,,,arythmie
difficulte_a_avaler,fievre,mal_gorge,maux_de_tete,nausees,toux,,,,,,,,,,angine
douleur_thoracique,essoufflement,expectorations,fatigue,sifflement_respiratoire,toux,,,,,,,,,,bronchite
anemie,douleurs_musculaires,fatigue,fievre_cyclique,frissons,maux_de_tete,sueurs,vomissements,,,,,,,,paludisme
confusion,faiblesse_bras,maux_de_tete_soudain,paralysie_faciale,perte_equilibre,trouble_parole,trouble_vision,,,,,,,,,avc
douleurs_musculaires,fatigue,fievre_cyclique,frissons,maux_de_tete,nausees,sueurs,vomissements,,,,,,,,paludisme
douleurs_musculaires,fievre_cyclique,frissons,maux_de_tete,nausees,sueurs,,,,,,,,,,paludisme
anxiete,difficulte_a_parler,essoufflement,fatigue,oppression_thoracique,sifflement_respiratoire,,,,,,,,,,asthme
bourdonnements_oreilles,epistaxis,maux_de_tete,palpitations,,,,,,,,,,,,hypertension
demangeaisons,douleurs_articulaires,inflammation,ongles_epaissis,peau_ecailleuse,plaques_peau,sensibilite_peau,,,,,,,,,psoriasis
douleur_dos,fatigue,irradiation_jambe,raideur_dos,spasmes_musculaires,,,,,,,,,,,lombalgie
abdomen_gonflé,essoufflement,fatigue,oedemes_jambes,palpitations,toux_nocturne,vertiges,,,,,,,,,insuffisance_cardiaque
eternuements,fatigue,nez_qui_coule,obstruction_nasale,yeux_qui_piquent,,,,,,,,,,,rhinite_allergique
croutes,demangeaisons,eruption_cutanee,peau_qui_suinte,peau_rouge,peau_seche,,,,,,,,,,eczema
diarrhee,fievre,nausees,vomissements,,,,,,,,,,,,appendicite
cicatrisation_lente,faim_excessive,soif_excessive,urines_frequentes,vision_trouble,,,,,,,,,,,diabete_type2
demangeaisons,douleurs_articulaires,inflammation,ongles_epaissis,plaques_peau,,,,,,,,,,,psoriasis
abdomen_gonflé,essoufflement,fatigue,oedemes_jambes,toux_nocturne,vertiges,,,,,,,,,,insuffisance_cardiaque
crampes,diarrhee,douleurs_abdominales,nausees,vomissements,,,,,,,,,,,gastroenterite
chaleur_articulaire,douleurs_articulaires,fievre,gonflement_articulations,raideur_matinale,,,,,,,,,,,arthrite
abdomen_gonflé,essoufflement,oedemes_jambes,palpitations,prise_de_poids,toux_nocturne,vertiges,,,,,,,,,insuffisance_cardiaque
faiblesse_bras,maux_de_tete_soudain,paralysie_faciale,trouble_parole,vertiges,,,,,,,,,,,avc
alternance_diarrhee_constipation,ballonnements,crampes,douleurs_abdominales,fatigue,gaz,nausees,,,,,,,,,syndrome_colon_irritable
bradycardie,cheveux_cassants,constipation,fatigue,frilosite,oedemes,prise_de_poids,,,,,,,,,hypothyroidie
aura,confusion_post_crise,convulsions,fatigue_post_crise,incontinence,morsure_langue,perte_conscience,,,,,,,,,epilepsie
maux_de_tete_intense,nausees,sensibilite_bruit,sensibilite_lumiere,vomissements,,,,,,,,,,,migraine
bradycardie,constipation,fatigue,frilosite,oedemes,peau_seche,prise_de_poids,,,,,,,,,hypothyroidie
douleur_thoracique,essoufflement,expectorations,fatigue,fievre,frissons,sueurs_nocturnes,toux,,,,,,,,pneumonie
abdomen_gonflé,essoufflement,fatigue,oedemes_jambes,prise_de_poids,vertiges,,,,,,,,,,insuffisance_cardiaque
anxiete,difficulte_a_parler,essoufflement,fatigue,oppression_thoracique,sifflement_respiratoire,toux_seche,,,,,,,,,asthme
difficulte_a_avaler,fatigue,fievre,ganglions_gonfles,mal_gorge,,,,,,,,,,,angine
douleur_thoracique,fatigue,fievre,hemoptysie,perte_appetit,perte_de_poids,sueurs_nocturnes,toux_chronique,,,,,,,,tuberculose
alternance_diarrhee_constipation,ballonnements,crampes,douleurs_abdominales,fatigue,gaz,nausees,,,,,,,,,syndrome_colon_irritable
demangeaisons,inflammation,ongles_epaissis,peau_ecailleuse,,,,,,,,,,,,psoriasis
constipation,depression,fatigue,frilosite,oedemes,peau_seche,,,,,,,,,,hypothyroidie
douleur_abdominale_droite,fievre,jaunisse,perte_appetit,selles_decolorees,urine_foncee,vomissements,,,,,,,,,hepatite
difficulte_a_avaler,fatigue,fievre,ganglions_gonfles,mal_gorge,,,,,,,,,,,angine
demangeaisons,eternuements,fatigue,maux_de_tete,nez_qui_coule,obstruction_nasale,yeux_qui_piquent,,,,,,,,,rhinite_allergique
bourdonnements_oreilles,essoufflement,fatigue,vertiges,vision_trouble,,,,,,,,,,,hypertension
anemie,douleurs_musculaires,fatigue,fievre_cyclique,frissons,sueurs,vomissements,,,,,,,,,paludisme
douleurs_musculaires,fatigue,fievre,frissons,mal_gorge,maux_de_tete,nez_qui_coule,,,,,,,,,grippe
anemie,frissons,maux_de_tete,nausees,sueurs,,,,,,,,,,,paludisme
douleur_thoracique,essoufflement,fievre,maux_de_tete,sueurs_nocturnes,toux,,,,,,,,,,pneumonie
fatigue,jaunisse,nausees,urine_foncee,vomissements,,,,,,,,,,,hepatite
demangeaisons,inflammation,peau_ecailleuse,plaques_peau,sensibilite_peau,,,,,,,,,,,psoriasis
douleur_abdominale_droite,fatigue,fievre,jaunisse,nausees,perte_appetit,selles_decolorees,urine_foncee,,,,,,,,hepatite
douleur_abdominale_droite,fatigue,fievre,jaunisse,nausees,perte_appetit,urine_foncee,vomissements,,,,,,,,hepatite
douleurs_musculaires,fatigue,fievre,frissons,maux_de_tete,nez_qui_coule,perte_appetit,toux,,,,,,,,grippe
anxiete,difficulte_a_parler,essoufflement,fatigue,oppression_thoracique,toux_seche,,,,,,,,,,asthme
demangeaisons,eruption_cutanee,peau_qui_suinte,peau_rouge,peau_seche,sensibilite_peau,,,,,,,,,,eczema
fatigue,fievre,jaunisse,nausees,urine_foncee,vomissements,,,,,,,,,,hepatite
douleur_thoracique,essoufflement,fatigue,fievre,frissons,sueurs_nocturnes,toux,,,,,,,,,pneumonie
douleurs_musculaires,fatigue,fievre,maux_de_tete,perte_odorat,toux_seche,,,,,,,,,,covid19
anxiete,essoufflement,fatigue,syncope,vertiges,,,,,,,,,,,arythmie
maux_de_tete_intense,nausees,sensibilite_bruit,sensibilite_lumiere,vomissements,,,,,,,,,,,migraine
douleur_bras_gauche,douleur_thoracique,essoufflement,nausees,vertiges,,,,,,,,,,,infarctus
alternance_diarrhee_constipation,ballonnements,crampes,douleurs_abdominales,gaz,,,,,,,,,,,syndrome_colon_irritable
abdomen_gonflé,essoufflement,fatigue,oedemes_jambes,palpitations,prise_de_poids,vertiges,,,,,,,,,insuffisance_cardiaque
abdomen_gonflé,essoufflement,fatigue,oedemes_jambes,palpitations,vertiges,,,,,,,,,,insuffisance_cardiaque
douleur_dos,fatigue,irradiation_jambe,limitation_mouvement,raideur_dos,spasmes_musculaires,,,,,,,,,,lombalgie
bradycardie,constipation,depression,fatigue,prise_de_poids,,,,,,,,,,,hypothyroidie
demangeaisons,eternuements,maux_de_tete,nez_qui_coule,obstruction_nasale,yeux_qui_piquent,,,,,,,,,,rhinite_allergique
fatigue,nez_qui_coule,obstruction_nasale,toux,yeux_qui_piquent,,,,,,,,,,,rhinite_allergique
demangeaisons,douleurs_articulaires,inflammation,plaques_peau,sensibilite_peau,,,,,,,,,,,psoriasis
cicatrisation_lente,faim_excessive,fatigue,fourmillements,perte_de_poids,soif_excessive,urines_frequentes,vision_trouble,,,,,,,,diabete_type2
bourdonnements_oreilles,fatigue,maux_de_tete,palpitations,vertiges,,,,,,,,,,,hypertension
alternance_diarrhee_constipation,ballonnements,douleurs_abdominales,gaz,nausees,,,,,,,,,,,syndrome_colon_irritable
douleur_thoracique,essoufflement,expectorations,fievre,sifflement_respiratoire,toux,,,,,,,,,,bronchite
eternuements,fatigue,maux_de_tete,nez_qui_coule,obstruction_nasale,yeux_qui_piquent,,,,,,,,,,rhinite_allergique
anxiete,douleur_thoracique,essoufflement,palpitations,syncope,,,,,,,,,,,arythmie
diarrhee,douleurs_abdominales,nausees,perte_appetit,vomissements,,,,,,,,,,,gastroenterite
crampes,diarrhee,fatigue,fievre,nausees,vomissements,,,,,,,,,,gastroenterite
fatigue,maux_de_tete,nez_qui_coule,obstruction_nasale,toux,yeux_qui_piquent,,,,,,,,,,rhinite_allergique
anxiete,douleur_bras_gauche,douleur_thoracique,essoufflement,vertiges,,,,,,,,,,,infarctus
brulures_estomac,douleurs_abdominales,faim_douloureuse,nausees,perte_de_poids,sang_dans_selles,vomissements,,,,,,,,,ulcere_gastrique
douleur_thoracique,essoufflement,expectorations,fievre,frissons,maux_de_tete,sueurs_nocturnes,toux,,,,,,,,pneumonie
fatigue,fievre_cyclique,maux_de_tete,nausees,sueurs,,,,,,,,,,,paludisme
douleurs_musculaires,fatigue,fievre_cyclique,frissons,maux_de_tete,nausees,sueurs,vomissements,,,,,,,,paludisme
fatigue,jaunisse,nausees,selles_decolorees,urine_foncee,vomissements,,,,,,,,,,hepatite
aura,convulsions,fatigue_post_crise,incontinence,perte_conscience,,,,,,,,,,,epilepsie
brulures_estomac,douleurs_abdominales,faim_douloureuse,nausees,perte_de_poids,sang_dans_selles,vomissements,,,,,,,,,ulcere_gastrique
douleur_dos,douleur_position,fatigue,limitation_mouvement,raideur_dos,spasmes_musculaires,,,,,,,,,,lombalgie
chaleur_articulaire,douleurs_articulaires,gonflement_articulations,perte_appetit,,,,,,,,,,,,arthrite
faim_excessive,perte_de_poids,soif_excessive,urines_frequentes,vision_trouble,,,,,,,,,,,diabete_type2
difficulte_a_avaler,ganglions_gonfles,mal_gorge,nausees,,,,,,,,,,,,angine
douleur_abdominale_droite,douleur_au_mouvement,fievre,nausees,perte_appetit,vomissements,,,,,,,,,,appendicite
fatigue,fievre,hemoptysie,perte_de_poids,sueurs_nocturnes,,,,,,,,,,,tuberculose
eternuements,fatigue,nez_qui_coule,obstruction_nasale,yeux_qui_piquent,,,,,,,,,,,rhinite_allergique
crampes,diarrhee,douleurs_abdominales,nausees,perte_appetit,vomissements,,,,,,,,,,gastroenterite
diarrhee,douleurs_musculaires,essoufflement,fatigue,fievre,toux_seche,,,,,,,,,,covid19
fatigue,fievre,hemoptysie,perte_appetit,perte_de_poids,sueurs_nocturnes,,,,,,,,,,tuberculose
cheveux_cassants,constipation,fatigue,oedemes,peau_seche,prise_de_poids,,,,,,,,,,hypothyroidie
faim_excessive,fatigue,fourmillements,soif_excessive,urines_frequentes,vision_trouble,,,,,,,,,,diabete_type2
douleurs_articulaires,fatigue,gonflement_articulations,raideur_matinale,,,,,,,,,,,,arthrite
difficulte_a_avaler,fatigue,fievre,ganglions_gonfles,mal_gorge,toux,,,,,,,,,,angine
aura_visuelle,fatigue,maux_de_tete_intense,nausees,sensibilite_bruit,sensibilite_lumiere,vomissements,,,,,,,,,migraine
fatigue,jaunisse,selles_decolorees,urine_foncee,vomissements,,,,,,,,,,,hepatite
anxiete,difficulte_a_parler,essoufflement,oppression_thoracique,sifflement_respiratoire,toux_seche,,,,,,,,,,asthme
diarrhee,exophtalmie,fatigue,insomnie,nervosité,palpitations,perte_de_poids,tremblements,,,,,,,,hyperthyroidie
crampes,diarrhee,douleurs_abdominales,nausees,vomissements,,,,,,,,,,,gastroenterite
douleur_thoracique,essoufflement,expectorations,fatigue,fievre,sueurs_nocturnes,toux,,,,,,,,,pneumonie
diarrhee,essoufflement,fatigue,fievre,mal_gorge,maux_de_tete,perte_odorat,toux_seche,,,,,,,,covid19
chaleur_articulaire,douleurs_articulaires,gonflement_articulations,limitation_mouvement,,,,,,,,,,,,arthrite
bradycardie,cheveux_cassants,constipation,fatigue,frilosite,oedemes,peau_seche,prise_de_poids,,,,,,,,hypothyroidie
demangeaisons,douleurs_articulaires,inflammation,ongles_epaissis,peau_ecailleuse,plaques_peau,sensibilite_peau,,,,,,,,,psoriasis
douleurs_articulaires,fatigue,fievre,gonflement_articulations,limitation_mouvement,raideur_matinale,,,,,,,,,,arthrite
anxiete,douleur_thoracique,essoufflement,fatigue,palpitations,syncope,vertiges,,,,,,,,,arythmie
douleur_thoracique,essoufflement,expectorations,fievre,frissons,maux_de_tete,sueurs_nocturnes,toux,,,,,,,,pneumonie
douleur_dos,fatigue,limitation_mouvement,raideur_dos,spasmes_musculaires,,,,,,,,,,,lombalgie
douleurs_musculaires,fatigue,fievre,frissons,maux_de_tete,toux,,,,,,,,,,grippe
diarrhee,douleurs_musculaires,essoufflement,fatigue,fievre,mal_gorge,toux_seche,,,,,,,,,covid19
essoufflement,fatigue,oedemes_jambes,prise_de_poids,toux_nocturne,vertiges,,,,,,,,,,insuffisance_cardiaque
douleur_abdominale_droite,fievre,jaunisse,nausees,selles_decolorees,urine_foncee,,,,,,,,,,hepatite
aura_visuelle,maux_de_tete_intense,sensibilite_bruit,sensibilite_lumiere,vertiges,,,,,,,,,,,migraine
croutes,demangeaisons,eruption_cutanee,inflammation,peau_rouge,peau_seche,sensibilite_peau,,,,,,,,,eczema
eternuements,maux_de_tete,obstruction_nasale,yeux_qui_piquent,,,,,,,,,,,,rhinite_allergique
douleur_thoracique,essoufflement,fievre,maux_de_tete,toux,,,,,,,,,,,pneumonie
alternance_diarrhee_constipation,ballonnements,crampes,douleurs_abdominales,gaz,,,,,,,,,,,syndrome_colon_irritable
confusion,fievre,maux_de_tete_intense,photophobie,raideur_nuque,vomissements,,,,,,,,,,meningite
demangeaisons,ongles_epaissis,peau_ecailleuse,plaques_peau,sensibilite_peau,,,,,,,,,,,psoriasis
diarrhee,fievre,nausees,perte_appetit,vomissements,,,,,,,,,,,gastroenterite
douleur_thoracique,essoufflement,expectorations,fatigue,sifflement_respiratoire,toux,,,,,,,,,,bronchite
chaleur_articulaire,fatigue,gonflement_articulations,limitation_mouvement,raideur_matinale,,,,,,,,,,,arthrite
demangeaisons,douleurs_articulaires,inflammation,ongles_epaissis,peau_ecailleuse,plaques_peau,sensibilite_peau,,,,,,,,,psoriasis
anxiete,oppression_thoracique,sifflement_respiratoire,toux_seche,,,,,,,,,,,,asthme
bourdonnements_oreilles,epistaxis,essoufflement,fatigue,maux_de_tete,vision_trouble,,,,,,,,,,hypertension
croutes,demangeaisons,eruption_cutanee,peau_qui_suinte,peau_seche,sensibilite_peau,,,,,,,,,,eczema
crampes,diarrhee,douleurs_abdominales,nausees,perte_appetit,vomissements,,,,,,,,,,gastroenterite
fatigue,nervosité,palpitations,perte_de_poids,sudation_excessive,tremblements,,,,,,,,,,hyperthyroidie
fatigue,oppression_thoracique,sifflement_respiratoire,toux_seche,,,,,,,,,,,,asthme
demangeaisons,inflammation,peau_ecailleuse,plaques_peau,sensibilite_peau,,,,,,,,,,,psoriasis
anxiete,difficulte_a_parler,essoufflement,fatigue,oppression_thoracique,sifflement_respiratoire,toux_seche,,,,,,,,,asthme
confusion,faiblesse_bras,perte_equilibre,trouble_parole,trouble_vision,,,,,,,,,,,avc
demangeaisons,douleurs_articulaires,inflammation,ongles_epaissis,plaques_peau,sensibilite_peau,,,,,,,,,,psoriasis
douleur_dos,douleur_position,fatigue,irradiation_jambe,limitation_mouvement,spasmes_musculaires,,,,,,,,,,lombalgie
difficulte_a_avaler,fievre,ganglions_gonfles,mal_gorge,maux_de_tete,,,,,,,,,,,angine
demangeaisons,eruption_cutanee,inflammation,peau_qui_suinte,peau_rouge,peau_seche,sensibilite_peau,,,,,,,,,eczema
demangeaisons,douleurs_articulaires,inflammation,peau_ecailleuse,sensibilite_peau,,,,,,,,,,,psoriasis
anemie,fatigue,fievre_cyclique,frissons,maux_de_tete,nausees,sueurs,,,,,,,,,paludisme
douleur_thoracique,essoufflement,expectorations,fatigue,fievre,sifflement_respiratoire,toux,,,,,,,,,bronchite
confusion,faiblesse_bras,paralysie_faciale,perte_equilibre,trouble_vision,vertiges,,,,,,,,,,avc
cicatrisation_lente,fatigue,fourmillements,soif_excessive,urines_frequentes,vision_trouble,,,,,,,,,,diabete_type2
diarrhee,douleur_abdominale_droite,douleur_au_mouvement,fievre,nausees,,,,,,,,,,,appendicite
exophtalmie,fatigue,nervosité,palpitations,perte_de_poids,sudation_excessive,tremblements,,,,,,,,,hyperthyroidie
bradycardie,cheveux_cassants,constipation,fatigue,frilosite,oedemes,prise_de_poids,,,,,,,,,hypothyroidie
douleur_thoracique,essoufflement,expectorations,fatigue,fievre,maux_de_tete,sueurs_nocturnes,,,,,,,,,pneumonie
anxiete,douleur_thoracique,essoufflement,vertiges,,,,,,,,,,,,arythmie
diarrhee,fatigue,fievre,mal_gorge,perte_odorat,toux_seche,,,,,,,,,,covid19
confusion_post_crise,convulsions,fatigue_post_crise,incontinence,morsure_langue,perte_conscience,,,,,,,,,,epilepsie
alternance_diarrhee_constipation,ballonnements,crampes,douleurs_abdominales,fatigue,nausees,,,,,,,,,,syndrome_colon_irritable
confusion,maux_de_tete_soudain,paralysie_faciale,perte_equilibre,trouble_parole,trouble_vision,vertiges,,,,,,,,,avc
anemie,douleurs_musculaires,fievre_cyclique,maux_de_tete,sueurs,vomissements,,,,,,,,,,paludisme
bourdonnements_oreilles,epistaxis,fatigue,maux_de_tete,palpitations,vertiges,,,,,,,,,,hypertension
demangeaisons,eternuements,maux_de_tete,nez_qui_coule,obstruction_nasale,yeux_qui_piquent,,,,,,,,,,rhinite_allergique
eternuements,fatigue,maux_de_tete,nez_qui_coule,yeux_qui_piquent,,,,,,,,,,,rhinite_allergique
douleur_dos,douleur_position,irradiation_jambe,limitation_mouvement,raideur_dos,,,,,,,,,,,lombalgie
confusion,faiblesse_bras,maux_de_tete_soudain,trouble_parole,trouble_vision,,,,,,,,,,,avc
fievre,maux_de_tete_intense,nausees,photophobie,raideur_nuque,vomissements,,,,,,,,,,meningite
confusion,eruption_cutanee,fievre,maux_de_tete_intense,nausees,photophobie,raideur_nuque,vomissements,,,,,,,,meningite
douleurs_musculaires,fatigue,fievre,frissons,mal_gorge,maux_de_tete,nez_qui_coule,toux,,,,,,,,grippe
constipation,diarrhee,douleur_au_mouvement,fievre,nausees,vomissements,,,,,,,,,,appendicite
faim_excessive,fourmillements,soif_excessive,urines_frequentes,vision_trouble,,,,,,,,,,,diabete_type2
fatigue,jaunisse,nausees,perte_appetit,urine_foncee,vomissements,,,,,,,,,,hepatite
difficulte_a_avaler,fatigue,fievre,ganglions_gonfles,maux_de_tete,nausees,,,,,,,,,,angine
constipation,douleur_abdominale_droite,nausees,perte_appetit,vomissements,,,,,,,,,,,appendicite
essoufflement,expectorations,fatigue,fievre,sifflement_respiratoire,toux,,,,,,,,,,bronchite
epistaxis,essoufflement,maux_de_tete,vertiges,vision_trouble,,,,,,,,,,,hypertension
diarrhee,fatigue,palpitations,perte_de_poids,tremblements,,,,,,,,,,,hyperthyroidie
douleur_thoracique,essoufflement,expectorations,fatigue,fievre,sueurs_nocturnes,,,,,,,,,,pneumonie
bourdonnements_oreilles,epistaxis,essoufflement,maux_de_tete,palpitations,vertiges,vision_trouble,,,,,,,,,hypertension
anxiete,difficulte_a_parler,essoufflement,oppression_thoracique,sifflement_respiratoire,,,,,,,,,,,asthme
douleurs_musculaires,fatigue,fievre,frissons,mal_gorge,,,,,,,,,,,grippe
fatigue,oppression_thoracique,sifflement_respiratoire,toux_seche,,,,,,,,,,,,asthme
brulures_estomac,douleurs_abdominales,faim_douloureuse,nausees,sang_dans_selles,,,,,,,,,,,ulcere_gastrique
douleurs_musculaires,fatigue,frissons,maux_de_tete,toux,,,,,,,,,,,grippe
diarrhee,exophtalmie,fatigue,insomnie,nervosité,palpitations,perte_de_poids,tremblements,,,,,,,,hyperthyroidie
faim_excessive,fatigue,perte_de_poids,soif_excessive,urines_frequentes,vision_trouble,,,,,,,,,,diabete_type2
diarrhee,douleurs_abdominales,fatigue,fievre,nausees,perte_appetit,vomissements,,,,,,,,,gastroenterite
douleurs_musculaires,fievre,mal_gorge,maux_de_tete,nez_qui_coule,perte_appetit,toux,,,,,,,,,grippe
douleurs_articulaires,fievre,gonflement_articulations,perte_appetit,raideur_matinale,,,,,,,,,,,arthrite
maux_de_tete_intense,nausees,sensibilite_bruit,sensibilite_lumiere,vertiges,vomissements,,,,,,,,,,migraine
diarrhee,douleurs_musculaires,essoufflement,fatigue,fievre,mal_gorge,perte_odorat,toux_seche,,,,,,,,covid19
essoufflement,fatigue,maux_de_tete,palpitations,vertiges,,,,,,,,,,,hypertension
constipation,douleur_abdominale_droite,fievre,nausees,,,,,,,,,,,,appendicite
cicatrisation_lente,faim_excessive,perte_de_poids,soif_excessive,urines_frequentes,vision_trouble,,,,,,,,,,diabete_type2
difficulte_a_parler,essoufflement,sifflement_respiratoire,toux_seche,,,,,,,,,,,,asthme
demangeaisons,douleurs_articulaires,inflammation,ongles_epaissis,peau_ecailleuse,plaques_peau,,,,,,,,,,psoriasis
brulures_estomac,douleurs_abdominales,nausees,sang_dans_selles,vomissements,,,,,,,,,,,ulcere_gastrique
bourdonnements_oreilles,epistaxis,maux_de_tete,palpitations,vision_trouble,,,,,,,,,,,hypertension
difficulte_a_avaler,fatigue,ganglions_gonfles,mal_gorge,maux_de_tete,toux,,,,,,,,,,angine
douleur_dos,fatigue,irradiation_jambe,limitation_mouvement,raideur_dos,spasmes_musculaires,,,,,,,,,,lombalgie
brulures_estomac,douleurs_abdominales,faim_douloureuse,nausees,vomissements,,,,,,,,,,,ulcere_gastrique
douleur_thoracique,essoufflement,expectorations,fievre,toux,,,,,,,,,,,bronchite
bradycardie,cheveux_cassants,constipation,depression,fatigue,frilosite,,,,,,,,,,hypothyroidie
eruption_cutanee,fievre,maux_de_tete_intense,photophobie,raideur_nuque,vomissements,,,,,,,,,,meningite
douleur_thoracique,essoufflement,expectorations,fatigue,fievre,frissons,maux_de_tete,toux,,,,,,,,pneumonie
diarrhee,douleur_abdominale_droite,douleur_au_mouvement,fievre,nausees,vomissements,,,,,,,,,,appendicite
douleur_thoracique,essoufflement,expectorations,fatigue,sifflement_respiratoire,toux,,,,,,,,,,bronchite
douleur_thoracique,essoufflement,fatigue,syncope,vertiges,,,,,,,,,,,arythmie
difficulte_a_avaler,fievre,ganglions_gonfles,mal_gorge,maux_de_tete,nausees,toux,,,,,,,,,angine
demangeaisons,inflammation,ongles_epaissis,plaques_peau,sensibilite_peau,,,,,,,,,,,psoriasis
demangeaisons,eternuements,fatigue,maux_de_tete,nez_qui_coule,yeux_qui_piquent,,,,,,,,,,rhinite_allergique
douleur_thoracique,essoufflement,expectorations,fatigue,toux,,,,,,,,,,,pneumonie
epistaxis,maux_de_tete,palpitations,vertiges,vision_trouble,,,,,,,,,,,hypertension
fatigue,fievre,jaunisse,nausees,selles_decolorees,urine_foncee,,,,,,,,,,hepatite
chaleur_articulaire,douleurs_articulaires,fatigue,gonflement_articulations,limitation_mouvement,perte_appetit,raideur_matinale,,,,,,,,,arthrite
douleur_abdominale_droite,fievre,jaunisse,perte_appetit,selles_decolorees,urine_foncee,vomissements,,,,,,,,,hepatite
douleur_thoracique,fatigue,fievre,hemoptysie,perte_appetit,perte_de_poids,sueurs_nocturnes,toux_chronique,,,,,,,,tuberculose
douleur_abdominale_droite,fatigue,fievre,perte_appetit,selles_decolorees,urine_foncee,vomissements,,,,,,,,,hepatite
douleur_thoracique,essoufflement,expectorations,fatigue,fievre,maux_de_tete,sueurs_nocturnes,toux,,,,,,,,pneumonie
bourdonnements_oreilles,epistaxis,essoufflement,palpitations,vertiges,vision_trouble,,,,,,,,,,hypertension
aura,confusion_post_crise,convulsions,incontinence,perte_conscience,,,,,,,,,,,epilepsie
essoufflement,fatigue,oedemes_jambes,palpitations,prise_de_poids,toux_nocturne,,,,,,,,,,insuffisance_cardiaque
anxiete,fatigue,palpitations,syncope,vertiges,,,,,,,,,,,arythmie
croutes,demangeaisons,eruption_cutanee,peau_qui_suinte,peau_seche,,,,,,,,,,,eczema
douleur_thoracique,essoufflement,expectorations,fatigue,sifflement_respiratoire,toux,,,,,,,,,,bronchite
fatigue,maux_de_tete_intense,nausees,sensibilite_bruit,sensibilite_lumiere,vertiges,,,,,,,,,,migraine
diarrhee,douleur_abdominale_droite,fievre,nausees,vomissements,,,,,,,,,,,appendicite
douleur_thoracique,essoufflement,fatigue,palpitations,vertiges,,,,,,,,,,,arythmie
chaleur_articulaire,douleurs_articulaires,gonflement_articulations,perte_appetit,,,,,,,,,,,,arthrite
abdomen_gonflé,fatigue,oedemes_jambes,palpitations,toux_nocturne,vertiges,,,,,,,,,,insuffisance_cardiaque
douleur_dos,douleur_position,fatigue,irradiation_jambe,raideur_dos,spasmes_musculaires,,,,,,,,,,lombalgie
difficulte_a_avaler,fievre,ganglions_gonfles,mal_gorge,maux_de_tete,nausees,,,,,,,,,,angine
douleurs_musculaires,fatigue,maux_de_tete,nez_qui_coule,perte_appetit,toux,,,,,,,,,,grippe
difficulte_a_parler,fatigue,oppression_thoracique,sifflement_respiratoire,toux_seche,,,,,,,,,,,asthme
maux_de_tete,nez_qui_coule,obstruction_nasale,yeux_qui_piquent,,,,,,,,,,,,rhinite_allergique
douleurs_musculaires,essoufflement,fatigue,fievre,maux_de_tete,perte_odorat,toux_seche,,,,,,,,,covid19
anxiete,essoufflement,fatigue,palpitations,syncope,,,,,,,,,,,arythmie
abdomen_gonflé,essoufflement,fatigue,prise_de_poids,toux_nocturne,,,,,,,,,,,insuffisance_cardiaque
difficulte_a_avaler,fatigue,fievre,ganglions_gonfles,mal_gorge,,,,,,,,,,,angine
demangeaisons,eruption_cutanee,peau_qui_suinte,peau_seche,sensibilite_peau,,,,,,,,,,,eczema
diarrhee,essoufflement,fatigue,maux_de_tete,perte_odorat,toux_seche,,,,,,,,,,covid19
crampes,diarrhee,douleurs_abdominales,nausees,vomissements,,,,,,,,,,,gastroenterite
douleur_thoracique,essoufflement,expectorations,fievre,frissons,maux_de_tete,toux,,,,,,,,,pneumonie
bradycardie,constipation,depression,fatigue,frilosite,oedemes,prise_de_poids,,,,,,,,,hypothyroidie
douleur_bras_gauche,douleur_thoracique,essoufflement,fatigue_extreme,sueurs_froides,vertiges,,,,,,,,,,infarctus
bradycardie,cheveux_cassants,constipation,depression,fatigue,peau_seche,prise_de_poids,,,,,,,,,hypothyroidie
douleur_dos,douleur_position,fatigue,irradiation_jambe,raideur_dos,spasmes_musculaires,,,,,,,,,,lombalgie
douleur_abdominale_droite,fatigue,jaunisse,nausees,urine_foncee,vomissements,,,,,,,,,,hepatite
douleur_thoracique,fatigue,fievre,perte_appetit,perte_de_poids,sueurs_nocturnes,toux_chronique,,,,,,,,,tuberculose
chaleur_articulaire,douleurs_articulaires,fatigue,fievre,gonflement_articulations,perte_appetit,,,,,,,,,,arthrite
anxiete,essoufflement,sifflement_respiratoire,toux_seche,,,,,,,,,,,,asthme
cicatrisation_lente,faim_excessive,fatigue,perte_de_poids,soif_excessive,urines_frequentes,vision_trouble,,,,,,,,,diabete_type2
essoufflement,expectorations,fatigue,fievre,toux,,,,,,,,,,,bronchite
demangeaisons,eternuements,fatigue,maux_de_tete,nez_qui_coule,obstruction_nasale,yeux_qui_piquent,,,,,,,,,rhinite_allergique
douleur_abdominale_droite,fievre,nausees,perte_appetit,vomissements,,,,,,,,,,,appendicite
essoufflement,expectorations,fatigue,sifflement_respiratoire,toux,,,,,,,,,,,bronchite
douleurs_musculaires,fatigue,frissons,mal_gorge,maux_de_tete,nez_qui_coule,toux,,,,,,,,,grippe
constipation,fievre,nausees,perte_appetit,vomissements,,,,,,,,,,,appendicite
maux_de_tete_intense,sensibilite_bruit,sensibilite_lumiere,vertiges,,,,,,,,,,,,migraine
anxiete,essoufflement,fatigue,palpitations,syncope,vertiges,,,,,,,,,,arythmie
diarrhee,exophtalmie,insomnie,nervosité,palpitations,perte_de_poids,tremblements,,,,,,,,,hyperthyroidie
douleur_bras_gauche,douleur_thoracique,essoufflement,fatigue_extreme,sueurs_froides,vertiges,,,,,,,,,,infarctus
demangeaisons,inflammation,ongles_epaissis,plaques_peau,,,,,,,,,,,,psoriasis
constipation,fatigue,frilosite,oedemes,peau_seche,prise_de_poids,,,,,,,,,,hypothyroidie
bourdonnements_oreilles,palpitations,vertiges,vision_trouble,,,,,,,,,,,,hypertension
douleur_abdominale_droite,fatigue,fievre,jaunisse,urine_foncee,vomissements,,,,,,,,,,hepatite
douleur_thoracique,essoufflement,expectorations,fatigue,fievre,sifflement_respiratoire,toux,,,,,,,,,bronchite
croutes,demangeaisons,eruption_cutanee,inflammation,peau_rouge,,,,,,,,,,,eczema
aura_visuelle,fatigue,maux_de_tete_intense,nausees,sensibilite_bruit,sensibilite_lumiere,vertiges,,,,,,,,,migraine
diarrhee,douleur_abdominale_droite,douleur_au_mouvement,fievre,nausees,perte_appetit,vomissements,,,,,,,,,appendicite
douleur_thoracique,essoufflement,expectorations,fatigue,fievre,toux,,,,,,,,,,pneumonie
confusion_post_crise,convulsions,fatigue_post_crise,incontinence,morsure_langue,perte_conscience,,,,,,,,,,epilepsie
confusion,eruption_cutanee,fievre,maux_de_tete_intense,photophobie,raideur_nuque,,,,,,,,,,meningite
alternance_diarrhee_constipation,ballonnements,crampes,douleurs_abdominales,fatigue,gaz,,,,,,,,,,syndrome_colon_irritable
anemie,fatigue,fievre_cyclique,frissons,maux_de_tete,nausees,sueurs,vomissements,,,,,,,,paludisme
anemie,douleurs_musculaires,fatigue,fievre_cyclique,maux_de_tete,sueurs,vomissements,,,,,,,,,paludisme
brulures_estomac,douleurs_abdominales,nausees,sang_dans_selles,vomissements,,,,,,,,,,,ulcere_gastrique
alternance_diarrhee_constipation,ballonnements,crampes,douleurs_abdominales,fatigue,gaz,,,,,,,,,,syndrome_colon_irritable
cicatrisation_lente,fatigue,fourmillements,perte_de_poids,urines_frequentes,vision_trouble,,,,,,,,,,diabete_type2
abdomen_gonflé,essoufflement,fatigue,oedemes_jambes,palpitations,prise_de_poids,vertiges,,,,,,,,,insuffisance_cardiaque
demangeaisons,inflammation,peau_ecailleuse,plaques_peau,sensibilite_peau,,,,,,,,,,,psoriasis
douleur_thoracique,essoufflement,expectorations,fievre,frissons,maux_de_tete,sueurs_nocturnes,toux,,,,,,,,pneumonie
brulures_estomac,douleurs_abdominales,faim_douloureuse,nausees,perte_de_poids,vomissements,,,,,,,,,,ulcere_gastrique
fatigue,maux_de_tete,nez_qui_coule,obstruction_nasale,toux,yeux_qui_piquent,,,,,,,,,,rhinite_allergique
fatigue,fourmillements,perte_de_poids,soif_excessive,vision_trouble,,,,,,,,,,,diabete_type2
douleurs_musculaires,fatigue,fievre,frissons,maux_de_tete,perte_appetit,,,,,,,,,,grippe
constipation,diarrhee,douleur_abdominale_droite,nausees,perte_appetit,vomissements,,,,,,,,,,appendicite
eternuements,fatigue,maux_de_tete,nez_qui_coule,obstruction_nasale,yeux_qui_piquent,,,,,,,,,,rhinite_allergique
chaleur_articulaire,douleurs_articulaires,gonflement_articulations,limitation_mouvement,perte_appetit,raideur_matinale,,,,,,,,,,arthrite
douleur_bras_gauche,douleur_thoracique,essoufflement,fatigue_extreme,nausees,sueurs_froides,,,,,,,,,,infarctus
douleur_thoracique,essoufflement,expectorations,fatigue,sifflement_respiratoire,toux,,,,,,,,,,bronchite
bradycardie,cheveux_cassants,fatigue,frilosite,oedemes,peau_seche,prise_de_poids,,,,,,,,,hypothyroidie
crampes,diarrhee,douleurs_abdominales,fievre,nausees,vomissements,,,,,,,,,,gastroenterite
demangeaisons,douleurs_articulaires,inflammation,peau_ecailleuse,plaques_peau,,,,,,,,,,,psoriasis
demangeaisons,eternuements,nez_qui_coule,obstruction_nasale,,,,,,,,,,,,rhinite_allergique
confusion,eruption_cutanee,maux_de_tete_intense,nausees,photophobie,raideur_nuque,vomissements,,,,,,,,,meningite
bradycardie,cheveux_cassants,depression,fatigue,frilosite,peau_seche,prise_de_poids,,,,,,,,,hypothyroidie
confusion,faiblesse_bras,maux_de_tete_soudain,paralysie_faciale,trouble_parole,trouble_vision,,,,,,,,,,avc
bourdonnements_oreilles,epistaxis,essoufflement,fatigue,maux_de_tete,vertiges,,,,,,,,,,hypertension
douleur_thoracique,essoufflement,fievre,frissons,toux,,,,,,,,,,,pneumonie
difficulte_a_parler,essoufflement,fatigue,oppression_thoracique,sifflement_respiratoire,toux_seche,,,,,,,,,,asthme
anemie,fatigue,fievre_cyclique,maux_de_tete,nausees,sueurs,,,,,,,,,,paludisme
croutes,demangeaisons,eruption_cutanee,peau_qui_suinte,peau_rouge,peau_seche,sensibilite_peau,,,,,,,,,eczema
frissons,maux_de_tete,nausees,sueurs,vomissements,,,,,,,,,,,paludisme
douleur_thoracique,essoufflement,expectorations,fatigue,fievre,sifflement_respiratoire,toux,,,,,,,,,bronchite
alternance_diarrhee_constipation,ballonnements,douleurs_abdominales,fatigue,nausees,,,,,,,,,,,syndrome_colon_irritable
douleur_position,fatigue,irradiation_jambe,limitation_mouvement,raideur_dos,spasmes_musculaires,,,,,,,,,,lombalgie
douleurs_musculaires,fatigue,fievre,frissons,maux_de_tete,toux,,,,,,,,,,grippe
maux_de_tete_intense,nausees,sensibilite_lumiere,vomissements,,,,,,,,,,,,migraine
anemie,douleurs_musculaires,fievre_cyclique,frissons,maux_de_tete,sueurs,,,,,,,,,,paludisme
confusion,eruption_cutanee,fievre,maux_de_tete_intense,nausees,photophobie,,,,,,,,,,meningite
douleurs_musculaires,fatigue,frissons,mal_gorge,maux_de_tete,toux,,,,,,,,,,grippe
diarrhee,nervosité,palpitations,perte_de_poids,sudation_excessive,tremblements,,,,,,,,,,hyperthyroidie
abdomen_gonflé,essoufflement,fatigue,palpitations,prise_de_poids,toux_nocturne,,,,,,,,,,insuffisance_cardiaque
confusion,eruption_cutanee,fievre,maux_de_tete_intense,photophobie,raideur_nuque,vomissements,,,,,,,,,meningite
diarrhee,insomnie,nervosité,palpitations,perte_de_poids,sudation_excessive,tremblements,,,,,,,,,hyperthyroidie
douleur_abdominale_droite,fatigue,fievre,jaunisse,perte_appetit,selles_decolorees,urine_foncee,vomissements,,,,,,,,hepatite
abdomen_gonflé,essoufflement,fatigue,palpitations,toux_nocturne,vertiges,,,,,,,,,,insuffisance_cardiaque
aura_visuelle,maux_de_tete_intense,sensibilite_bruit,sensibilite_lumiere,,,,,,,,,,,,migraine
bourdonnements_oreilles,epistaxis,essoufflement,vertiges,vision_trouble,,,,,,,,,,,hypertension
douleurs_musculaires,fatigue,frissons,mal_gorge,maux_de_tete,perte_appetit,toux,,,,,,,,,grippe
diarrhee,douleurs_abdominales,nausees,perte_appetit,vomissements,,,,,,,,,,,gastroenterite
essoufflement,fatigue,oedemes_jambes,palpitations,prise_de_poids,toux_nocturne,vertiges,,,,,,,,,insuffisance_cardiaque
alternance_diarrhee_constipation,ballonnements,douleurs_abdominales,fatigue,gaz,,,,,,,,,,,syndrome_colon_irritable
confusion,eruption_cutanee,fievre,maux_de_tete_intense,nausees,photophobie,raideur_nuque,vomissements,,,,,,,,meningite
demangeaisons,douleurs_articulaires,inflammation,ongles_epaissis,peau_ecailleuse,plaques_peau,sensibilite_peau,,,,,,,,,psoriasis
brulures_estomac,douleurs_abdominales,nausees,perte_de_poids,sang_dans_selles,,,,,,,,,,,ulcere_gastrique
douleur_dos,douleur_position,fatigue,irradiation_jambe,limitation_mouvement,raideur_dos,spasmes_musculaires,,,,,,,,,lombalgie
bourdonnements_oreilles,essoufflement,fatigue,maux_de_tete,palpitations,vertiges,vision_trouble,,,,,,,,,hypertension
anxiete,douleur_thoracique,fatigue,palpitations,syncope,vertiges,,,,,,,,,,arythmie
douleur_abdominale_droite,fatigue,jaunisse,nausees,perte_appetit,urine_foncee,,,,,,,,,,hepatite
douleurs_musculaires,fievre_cyclique,frissons,maux_de_tete,nausees,vomissements,,,,,,,,,,paludisme
alternance_diarrhee_constipation,ballonnements,crampes,douleurs_abdominales,fatigue,nausees,,,,,,,,,,syndrome_colon_irritable
fatigue,maux_de_tete_intense,nausees,sensibilite_bruit,vertiges,vomissements,,,,,,,,,,migraine
douleur_thoracique,essoufflement,expectorations,fatigue,sifflement_respiratoire,toux,,,,,,,,,,bronchite
fatigue,fievre,hemoptysie,perte_appetit,perte_de_poids,sueurs_nocturnes,toux_chronique,,,,,,,,,tuberculose
douleur_thoracique,fatigue,fievre,hemoptysie,perte_appetit,perte_de_poids,sueurs_nocturnes,toux_chronique,,,,,,,,tuberculose
crampes,douleurs_abdominales,fatigue,fievre,nausees,vomissements,,,,,,,,,,gastroenterite
aura_visuelle,fatigue,maux_de_tete_intense,nausees,sensibilite_lumiere,vomissements,,,,,,,,,,migraine
demangeaisons,eternuements,fatigue,obstruction_nasale,yeux_qui_piquent,,,,,,,,,,,rhinite_allergique
bourdonnements_oreilles,epistaxis,essoufflement,maux_de_tete,palpitations,vertiges,vision_trouble,,,,,,,,,hypertension
cicatrisation_lente,faim_excessive,fatigue,soif_excessive,urines_frequentes,vision_trouble,,,,,,,,,,diabete_type2
bourdonnements_oreilles,epistaxis,fatigue,maux_de_tete,palpitations,vertiges,vision_trouble,,,,,,,,,hypertension
cicatrisation_lente,faim_excessive,fatigue,perte_de_poids,soif_excessive,urines_frequentes,,,,,,,,,,diabete_type2
anxiete,douleur_bras_gauche,douleur_thoracique,essoufflement,fatigue_extreme,sueurs_froides,vertiges,,,,,,,,,infarctus
fatigue,fievre_cyclique,maux_de_tete,nausees,sueurs,,,,,,,,,,,paludisme
douleurs_musculaires,fatigue,fievre,frissons,mal_gorge,,,,,,,,,,,grippe
bradycardie,cheveux_cassants,constipation,frilosite,prise_de_poids,,,,,,,,,,,hypothyroidie
crampes,diarrhee,douleurs_abdominales,fatigue,fievre,nausees,,,,,,,,,,gastroenterite
brulures_estomac,douleurs_abdominales,faim_douloureuse,nausees,perte_de_poids,sang_dans_selles,vomissements,,,,,,,,,ulcere_gastrique
chaleur_articulaire,fievre,gonflement_articulations,raideur_matinale,,,,,,,,,,,,arthrite
aura,confusion_post_crise,convulsions,morsure_langue,perte_conscience,,,,,,,,,,,epilepsie
anxiete,douleur_thoracique,fatigue,palpitations,syncope,vertiges,,,,,,,,,,arythmie
demangeaisons,eruption_cutanee,inflammation,peau_qui_suinte,peau_rouge,peau_seche,sensibilite_peau,,,,,,,,,eczema
bourdonnements_oreilles,epistaxis,fatigue,maux_de_tete,palpitations,vertiges,vision_trouble,,,,,,,,,hypertension
douleur_abdominale_droite,fatigue,fievre,nausees,perte_appetit,selles_decolorees,urine_foncee,,,,,,,,,hepatite
anxiete,douleur_bras_gauche,douleur_thoracique,essoufflement,fatigue_extreme,nausees,sueurs_froides,vertiges,,,,,,,,infarctus
bourdonnements_oreilles,epistaxis,essoufflement,maux_de_tete,palpitations,vision_trouble,,,,,,,,,,hypertension
confusion,faiblesse_bras,maux_de_tete_soudain,trouble_parole,trouble_vision,vertiges,,,,,,,,,,avc
cicatrisation_lente,faim_excessive,fatigue,perte_de_poids,soif_excessive,urines_frequentes,vision_trouble,,,,,,,,,diabete_type2
confusion,faiblesse_bras,maux_de_tete_soudain,paralysie_faciale,perte_equilibre,trouble_parole,trouble_vision,vertiges,,,,,,,,avc
brulures_estomac,douleurs_abdominales,faim_douloureuse,nausees,perte_de_poids,vomissements,,,,,,,,,,ulcere_gastrique
exophtalmie,fatigue,insomnie,palpitations,perte_de_poids,sudation_excessive,tremblements,,,,,,,,,hyperthyroidie
convulsions,fatigue_post_crise,incontinence,morsure_langue,perte_conscience,,,,,,,,,,,epilepsie
diarrhee,douleurs_musculaires,fievre,mal_gorge,perte_odorat,toux_seche,,,,,,,,,,covid19
maux_de_tete_intense,sensibilite_bruit,sensibilite_lumiere,vertiges,,,,,,,,,,,,migraine
douleur_thoracique,fatigue,fievre,hemoptysie,perte_appetit,perte_de_poids,sueurs_nocturnes,toux_chronique,,,,,,,,tuberculose
diarrhee,douleurs_musculaires,essoufflement,fatigue,fievre,maux_de_tete,perte_odorat,toux_seche,,,,,,,,covid19
anxiete,difficulte_a_parler,essoufflement,fatigue,sifflement_respiratoire,toux_seche,,,,,,,,,,asthme
eruption_cutanee,fievre,maux_de_tete_intense,nausees,photophobie,raideur_nuque,,,,,,,,,,meningite
eruption_cutanee,inflammation,peau_qui_suinte,peau_rouge,peau_seche,sensibilite_peau,,,,,,,,,,eczema
confusion,maux_de_tete_soudain,paralysie_faciale,perte_equilibre,trouble_parole,trouble_vision,vertiges,,,,,,,,,avc
douleur_thoracique,essoufflement,expectorations,fievre,toux,,,,,,,,,,,bronchite
chaleur_articulaire,douleurs_articulaires,gonflement_articulations,limitation_mouvement,raideur_matinale,,,,,,,,,,,arthrite
douleur_abdominale_droite,fatigue,fievre,jaunisse,nausees,perte_appetit,selles_decolorees,urine_foncee,,,,,,,,hepatite
diarrhee,douleur_abdominale_droite,douleur_au_mouvement,fievre,perte_appetit,vomissements,,,,,,,,,,appendicite
brulures_estomac,douleurs_abdominales,faim_douloureuse,nausees,perte_de_poids,sang_dans_selles,vomissements,,,,,,,,,ulcere_gastrique
alternance_diarrhee_constipation,ballonnements,crampes,douleurs_abdominales,fatigue,,,,,,,,,,,syndrome_colon_irritable
bradycardie,cheveux_cassants,constipation,fatigue,peau_seche,prise_de_poids,,,,,,,,,,hypothyroidie
difficulte_a_avaler,fievre,ganglions_gonfles,toux,,,,,,,,,,,,angine
essoufflement,expectorations,fatigue,fievre,toux,,,,,,,,,,,bronchite
douleur_thoracique,fatigue,fievre,perte_appetit,perte_de_poids,sueurs_nocturnes,,,,,,,,,,tuberculose
douleur_dos,douleur_position,fatigue,irradiation_jambe,limitation_mouvement,raideur_dos,spasmes_musculaires,,,,,,,,,lombalgie
anxiete,douleur_thoracique,essoufflement,fatigue,palpitations,syncope,vertiges,,,,,,,,,arythmie
douleur_thoracique,fatigue,fievre,sueurs_nocturnes,toux_chronique,,,,,,,,,,,tuberculose
douleurs_musculaires,fatigue,frissons,maux_de_tete,sueurs,vomissements,,,,,,,,,,paludisme
cicatrisation_lente,faim_excessive,fatigue,fourmillements,perte_de_poids,soif_excessive,urines_frequentes,vision_trouble,,,,,,,,diabete_type2
difficulte_a_avaler,fievre,ganglions_gonfles,maux_de_tete,toux,,,,,,,,,,,angine
cicatrisation_lente,fatigue,perte_de_poids,soif_excessive,urines_frequentes,vision_trouble,,,,,,,,,,diabete_type2
alternance_diarrhee_constipation,ballonnements,crampes,douleurs_abdominales,gaz,nausees,,,,,,,,,,syndrome_colon_irritable
douleur_thoracique,essoufflement,fievre,maux_de_tete,sueurs_nocturnes,toux,,,,,,,,,,pneumonie
brulures_estomac,douleurs_abdominales,faim_douloureuse,nausees,sang_dans_selles,vomissements,,,,,,,,,,ulcere_gastrique
aura_visuelle,fatigue,maux_de_tete_intense,nausees,sensibilite_lumiere,,,,,,,,,,,migraine
fatigue,fievre,ganglions_gonfles,mal_gorge,nausees,,,,,,,,,,,angine
croutes,eruption_cutanee,inflammation,peau_rouge,peau_seche,sensibilite_peau,,,,,,,,,,eczema
aura,confusion_post_crise,convulsions,fatigue_post_crise,incontinence,morsure_langue,,,,,,,,,,epilepsie
faiblesse_bras,maux_de_tete_soudain,paralysie_faciale,perte_equilibre,trouble_parole,trouble_vision,vertiges,,,,,,,,,avc
confusion,fievre,maux_de_tete_intense,nausees,photophobie,vomissements,,,,,,,,,,meningite
chaleur_articulaire,douleurs_articulaires,gonflement_articulations,limitation_mouvement,perte_appetit,raideur_matinale,,,,,,,,,,arthrite
aura_visuelle,maux_de_tete_intense,nausees,sensibilite_lumiere,,,,,,,,,,,,migraine
douleur_thoracique,essoufflement,expectorations,fievre,frissons,maux_de_tete,sueurs_nocturnes,toux,,,,,,,,pneumonie
douleur_thoracique,expectorations,fievre,frissons,toux,,,,,,,,,,,pneumonie
eternuements,fatigue,obstruction_nasale,toux,yeux_qui_piquent,,,,,,,,,,,rhinite_allergique
eruption_cutanee,inflammation,peau_qui_suinte,peau_rouge,peau_seche,,,,,,,,,,,eczema
diarrhee,essoufflement,fievre,mal_gorge,perte_odorat,toux_seche,,,,,,,,,,covid19
cicatrisation_lente,faim_excessive,fatigue,fourmillements,perte_de_poids,urines_frequentes,vision_trouble,,,,,,,,,diabete_type2
fatigue,maux_de_tete_intense,nausees,sensibilite_bruit,vertiges,vomissements,,,,,,,,,,migraine
fatigue,fievre,frissons,mal_gorge,maux_de_tete,perte_appetit,toux,,,,,,,,,grippe
diarrhee,douleur_abdominale_droite,douleur_au_mouvement,fievre,nausees,,,,,,,,,,,appendicite
chaleur_articulaire,douleurs_articulaires,fatigue,fievre,limitation_mouvement,raideur_matinale,,,,,,,,,,arthrite
aura,confusion_post_crise,convulsions,fatigue_post_crise,incontinence,morsure_langue,perte_conscience,,,,,,,,,epilepsie
cicatrisation_lente,faim_excessive,fatigue,fourmillements,perte_de_poids,soif_excessive,vision_trouble,,,,,,,,,diabete_type2
demangeaisons,eternuements,maux_de_tete,nez_qui_coule,obstruction_nasale,yeux_qui_piquent,,,,,,,,,,rhinite_allergique
anxiete,essoufflement,palpitations,syncope,vertiges,,,,,,,,,,,arythmie
bourdonnements_oreilles,epistaxis,fatigue,palpitations,vertiges,vision_trouble,,,,,,,,,,hypertension
eternuements,maux_de_tete,nez_qui_coule,yeux_qui_piquent,,,,,,,,,,,,rhinite_allergique
anxiete,essoufflement,fatigue,palpitations,syncope,vertiges,,,,,,,,,,arythmie
cheveux_cassants,constipation,fatigue,frilosite,peau_seche,prise_de_poids,,,,,,,,,,hypothyroidie
anxiete,douleur_thoracique,essoufflement,sueurs_froides,vertiges,,,,,,,,,,,infarctus
aura_visuelle,maux_de_tete_intense,nausees,sensibilite_bruit,sensibilite_lumiere,,,,,,,,,,,migraine
cicatrisation_lente,faim_excessive,fatigue,fourmillements,soif_excessive,vision_trouble,,,,,,,,,,diabete_type2
crampes,douleurs_abdominales,fatigue,fievre,nausees,vomissements,,,,,,,,,,gastroenterite
diarrhee,douleur_abdominale_droite,fievre,nausees,perte_appetit,vomissements,,,,,,,,,,appendicite
douleur_dos,douleur_position,limitation_mouvement,raideur_dos,spasmes_musculaires,,,,,,,,,,,lombalgie
douleur_thoracique,essoufflement,expectorations,fatigue,fievre,frissons,maux_de_tete,toux,,,,,,,,pneumonie
chaleur_articulaire,douleurs_articulaires,fatigue,fievre,gonflement_articulations,limitation_mouvement,raideur_matinale,,,,,,,,,arthrite
confusion,eruption_cutanee,fievre,nausees,photophobie,raideur_nuque,vomissements,,,,,,,,,meningite
difficulte_a_avaler,fatigue,fievre,ganglions_gonfles,,,,,,,,,,,,angine
diarrhee,exophtalmie,nervosité,palpitations,perte_de_poids,sudation_excessive,tremblements,,,,,,,,,hyperthyroidie
anxiete,douleur_bras_gauche,douleur_thoracique,fatigue_extreme,nausees,sueurs_froides,vertiges,,,,,,,,,infarctus
bradycardie,cheveux_cassants,constipation,depression,fatigue,frilosite,peau_seche,prise_de_poids,,,,,,,,hypothyroidie
chaleur_articulaire,douleurs_articulaires,fatigue,gonflement_articulations,raideur_matinale,,,,,,,,,,,arthrite
crampes,diarrhee,douleurs_abdominales,fievre,nausees,vomissements,,,,,,,,,,gastroenterite
demangeaisons,eternuements,fatigue,nez_qui_coule,obstruction_nasale,yeux_qui_piquent,,,,,,,,,,rhinite_allergique
exophtalmie,insomnie,palpitations,perte_de_poids,tremblements,,,,,,,,,,,hyperthyroidie
essoufflement,expectorations,fatigue,fievre,sifflement_respiratoire,toux,,,,,,,,,,bronchite
cicatrisation_lente,faim_excessive,soif_excessive,urines_frequentes,vision_trouble,,,,,,,,,,,diabete_type2
demangeaisons,eternuements,nez_qui_coule,obstruction_nasale,toux,yeux_qui_piquent,,,,,,,,,,rhinite_allergique
douleur_abdominale_droite,fatigue,fievre,jaunisse,urine_foncee,vomissements,,,,,,,,,,hepatite
abdomen_gonflé,fatigue,oedemes_jambes,palpitations,prise_de_poids,toux_nocturne,vertiges,,,,,,,,,insuffisance_cardiaque
demangeaisons,eruption_cutanee,inflammation,peau_qui_suinte,peau_rouge,peau_seche,sensibilite_peau,,,,,,,,,eczema
anxiete,difficulte_a_parler,essoufflement,fatigue,oppression_thoracique,sifflement_respiratoire,toux_seche,,,,,,,,,asthme
constipation,douleur_abdominale_droite,fievre,nausees,perte_appetit,vomissements,,,,,,,,,,appendicite
exophtalmie,fatigue,nervosité,palpitations,sudation_excessive,tremblements,,,,,,,,,,hyperthyroidie
cicatrisation_lente,faim_excessive,fourmillements,perte_de_poids,soif_excessive,urines_frequentes,vision_trouble,,,,,,,,,diabete_type2
chaleur_articulaire,douleurs_articulaires,fievre,gonflement_articulations,limitation_mouvement,perte_appetit,raideur_matinale,,,,,,,,,arthrite
difficulte_a_avaler,ganglions_gonfles,mal_gorge,maux_de_tete,,,,,,,,,,,,angine
douleur_dos,fatigue,irradiation_jambe,limitation_mouvement,,,,,,,,,,,,lombalgie
confusion,faiblesse_bras,maux_de_tete_soudain,paralysie_faciale,perte_equilibre,trouble_parole,trouble_vision,vertiges,,,,,,,,avc
douleurs_articulaires,gonflement_articulations,perte_appetit,raideur_matinale,,,,,,,,,,,,arthrite
douleur_dos,fatigue,irradiation_jambe,limitation_mouvement,spasmes_musculaires,,,,,,,,,,,lombalgie
brulures_estomac,douleurs_abdominales,faim_douloureuse,nausees,perte_de_poids,vomissements,,,,,,,,,,ulcere_gastrique
douleur_thoracique,fievre,hemoptysie,perte_appetit,perte_de_poids,sueurs_nocturnes,toux_chronique,,,,,,,,,tuberculose
chaleur_articulaire,douleurs_articulaires,fievre,gonflement_articulations,limitation_mouvement,raideur_matinale,,,,,,,,,,arthrite
aura,confusion_post_crise,convulsions,fatigue_post_crise,incontinence,morsure_langue,perte_conscience,,,,,,,,,epilepsie
eternuements,fatigue,maux_de_tete,nez_qui_coule,obstruction_nasale,yeux_qui_piquent,,,,,,,,,,rhinite_allergique
brulures_estomac,douleurs_abdominales,faim_douloureuse,nausees,perte_de_poids,sang_dans_selles,,,,,,,,,,ulcere_gastrique
douleur_thoracique,fatigue,fievre,hemoptysie,perte_appetit,perte_de_poids,sueurs_nocturnes,,,,,,,,,tuberculose
bourdonnements_oreilles,epistaxis,essoufflement,vertiges,vision_trouble,,,,,,,,,,,hypertension
brulures_estomac,douleurs_abdominales,faim_douloureuse,nausees,perte_de_poids,sang_dans_selles,vomissements,,,,,,,,,ulcere_gastrique
anxiete,douleur_thoracique,essoufflement,fatigue,syncope,vertiges,,,,,,,,,,arythmie
diarrhee,douleur_abdominale_droite,douleur_au_mouvement,fievre,nausees,vomissements,,,,,,,,,,appendicite
difficulte_a_avaler,fievre,ganglions_gonfles,maux_de_tete,,,,,,,,,,,,angine
essoufflement,fatigue,fievre,mal_gorge,perte_odorat,toux_seche,,,,,,,,,,covid19
diarrhee,essoufflement,fatigue,fievre,maux_de_tete,perte_odorat,toux_seche,,,,,,,,,covid19
douleur_thoracique,fievre,perte_appetit,sueurs_nocturnes,toux_chronique,,,,,,,,,,,tuberculose
douleur_abdominale_droite,fatigue,jaunisse,perte_appetit,selles_decolorees,urine_foncee,vomissements,,,,,,,,,hepatite
brulures_estomac,douleurs_abdominales,faim_douloureuse,nausees,perte_de_poids,sang_dans_selles,vomissements,,,,,,,,,ulcere_gastrique
douleurs_musculaires,fievre_cyclique,frissons,maux_de_tete,sueurs,vomissements,,,,,,,,,,paludisme
anxiete,essoufflement,fatigue,oppression_thoracique,sifflement_respiratoire,toux_seche,,,,,,,,,,asthme
aura_visuelle,fatigue,maux_de_tete_intense,nausees,sensibilite_bruit,sensibilite_lumiere,vertiges,,,,,,,,,migraine
confusion,faiblesse_bras,maux_de_tete_soudain,paralysie_faciale,perte_equilibre,trouble_parole,trouble_vision,vertiges,,,,,,,,avc
diarrhee,fatigue,fievre,mal_gorge,maux_de_tete,perte_odorat,toux_seche,,,,,,,,,covid19
chaleur_articulaire,douleurs_articulaires,fievre,gonflement_articulations,perte_appetit,raideur_matinale,,,,,,,,,,arthrite
crampes,diarrhee,fievre,nausees,vomissements,,,,,,,,,,,gastroenterite
douleur_abdominale_droite,fatigue,jaunisse,perte_appetit,urine_foncee,vomissements,,,,,,,,,,hepatite
douleurs_musculaires,fatigue,fievre,frissons,mal_gorge,maux_de_tete,nez_qui_coule,toux,,,,,,,,grippe
douleur_bras_gauche,douleur_thoracique,essoufflement,nausees,sueurs_froides,vertiges,,,,,,,,,,infarctus
bourdonnements_oreilles,essoufflement,fatigue,maux_de_tete,vertiges,,,,,,,,,,,hypertension
diarrhee,exophtalmie,fatigue,nervosité,palpitations,perte_de_poids,sudation_excessive,tremblements,,,,,,,,hyperthyroidie
douleur_abdominale_droite,jaunisse,nausees,perte_appetit,selles_decolorees,urine_foncee,,,,,,,,,,hepatite
douleur_dos,douleur_position,fatigue,irradiation_jambe,raideur_dos,spasmes_musculaires,,,,,,,,,,lombalgie
confusion,maux_de_tete_soudain,paralysie_faciale,perte_equilibre,trouble_parole,vertiges,,,,,,,,,,avc
confusion_post_crise,convulsions,fatigue_post_crise,morsure_langue,perte_conscience,,,,,,,,,,,epilepsie
douleurs_articulaires,gonflement_articulations,perte_appetit,raideur_matinale,,,,,,,,,,,,arthrite
eruption_cutanee,peau_qui_suinte,peau_rouge,peau_seche,,,,,,,,,,,,eczema
douleur_dos,douleur_position,fatigue,limitation_mouvement,spasmes_musculaires,,,,,,,,,,,lombalgie
faim_excessive,fatigue,fourmillements,perte_de_poids,soif_excessive,urines_frequentes,vision_trouble,,,,,,,,,diabete_type2
brulures_estomac,douleurs_abdominales,faim_douloureuse,nausees,perte_de_poids,,,,,,,,,,,ulcere_gastrique
essoufflement,expectorations,fievre,maux_de_tete,toux,,,,,,,,,,,pneumonie
constipation,diarrhee,fievre,nausees,vomissements,,,,,,,,,,,appendicite
confusion,eruption_cutanee,fievre,maux_de_tete_intense,nausees,photophobie,raideur_nuque,vomissements,,,,,,,,meningite
douleur_thoracique,essoufflement,expectorations,fievre,frissons,maux_de_tete,toux,,,,,,,,,pneumonie
douleur_dos,fatigue,irradiation_jambe,limitation_mouvement,raideur_dos,spasmes_musculaires,,,,,,,,,,lombalgie
confusion,fievre,maux_de_tete_intense,photophobie,vomissements,,,,,,,,,,,meningite
bourdonnements_oreilles,epistaxis,maux_de_tete,palpitations,vertiges,vision_trouble,,,,,,,,,,hypertension
demangeaisons,douleurs_articulaires,inflammation,ongles_epaissis,peau_ecailleuse,plaques_peau,,,,,,,,,,psoriasis
diarrhee,douleurs_abdominales,fatigue,fievre,nausees,vomissements,,,,,,,,,,gastroenterite
demangeaisons,inflammation,ongles_epaissis,peau_ecailleuse,,,,,,,,,,,,psoriasis
cicatrisation_lente,faim_excessive,fatigue,soif_excessive,urines_frequentes,,,,,,,,,,,diabete_type2
douleur_thoracique,essoufflement,fatigue,fievre,frissons,sueurs_nocturnes,toux,,,,,,,,,pneumonie
douleur_thoracique,essoufflement,expectorations,fievre,toux,,,,,,,,,,,bronchite
anemie,fatigue,frissons,maux_de_tete,nausees,sueurs,,,,,,,,,,paludisme
anxiete,douleur_bras_gauche,essoufflement,fatigue_extreme,nausees,sueurs_froides,vertiges,,,,,,,,,infarctus
bradycardie,fatigue,frilosite,oedemes,prise_de_poids,,,,,,,,,,,hypothyroidie
douleurs_musculaires,fatigue,fievre,mal_gorge,maux_de_tete,nez_qui_coule,perte_appetit,toux,,,,,,,,grippe
constipation,diarrhee,douleur_abdominale_droite,fievre,nausees,vomissements,,,,,,,,,,appendicite
chaleur_articulaire,douleurs_articulaires,fatigue,gonflement_articulations,,,,,,,,,,,,arthrite
douleurs_articulaires,inflammation,ongles_epaissis,peau_ecailleuse,plaques_peau,sensibilite_peau,,,,,,,,,,psoriasis
abdomen_gonflé,essoufflement,oedemes_jambes,prise_de_poids,toux_nocturne,,,,,,,,,,,insuffisance_cardiaque
croutes,demangeaisons,eruption_cutanee,peau_rouge,peau_seche,,,,,,,,,,,eczema
exophtalmie,palpitations,perte_de_poids,sudation_excessive,tremblements,,,,,,,,,,,hyperthyroidie
fatigue,hemoptysie,perte_appetit,perte_de_poids,sueurs_nocturnes,toux_chronique,,,,,,,,,,tuberculose
alternance_diarrhee_constipation,ballonnements,crampes,douleurs_abdominales,fatigue,gaz,nausees,,,,,,,,,syndrome_colon_irritable
demangeaisons,eternuements,maux_de_tete,nez_qui_coule,obstruction_nasale,toux,yeux_qui_piquent,,,,,,,,,rhinite_allergique
difficulte_a_avaler,fatigue,fievre,ganglions_gonfles,nausees,,,,,,,,,,,angine
bradycardie,cheveux_cassants,constipation,depression,fatigue,frilosite,peau_seche,prise_de_poids,,,,,,,,hypothyroidie
confusion_post_crise,convulsions,fatigue_post_crise,incontinence,morsure_langue,,,,,,,,,,,epilepsie
difficulte_a_avaler,fatigue,ganglions_gonfles,mal_gorge,maux_de_tete,toux,,,,,,,,,,angine
douleur_abdominale_droite,fatigue,fievre,jaunisse,nausees,selles_decolorees,vomissements,,,,,,,,,hepatite
crampes,diarrhee,douleurs_abdominales,fatigue,perte_appetit,vomissements,,,,,,,,,,gastroenterite
essoufflement,fatigue,oedemes_jambes,palpitations,prise_de_poids,,,,,,,,,,,insuffisance_cardiaque
essoufflement,fatigue,oedemes_jambes,palpitations,vertiges,,,,,,,,,,,insuffisance_cardiaque
douleur_abdominale_droite,fatigue,fievre,jaunisse,nausees,selles_decolorees,urine_foncee,,,,,,,,,hepatite
anxiete,difficulte_a_parler,essoufflement,fatigue,sifflement_respiratoire,toux_seche,,,,,,,,,,asthme
demangeaisons,douleurs_articulaires,inflammation,ongles_epaissis,peau_ecailleuse,plaques_peau,,,,,,,,,,psoriasis
demangeaisons,douleurs_articulaires,peau_ecailleuse,plaques_peau,sensibilite_peau,,,,,,,,,,,psoriasis
bourdonnements_oreilles,epistaxis,fatigue,maux_de_tete,vertiges,,,,,,,,,,,hypertension
abdomen_gonflé,essoufflement,fatigue,oedemes_jambes,palpitations,prise_de_poids,toux_nocturne,vertiges,,,,,,,,insuffisance_cardiaque
douleurs_musculaires,fatigue,fievre_cyclique,frissons,maux_de_tete,nausees,sueurs,,,,,,,,,paludisme
douleur_bras_gauche,douleur_thoracique,essoufflement,nausees,sueurs_froides,vertiges,,,,,,,,,,infarctus
epistaxis,maux_de_tete,palpitations,vertiges,vision_trouble,,,,,,,,,,,hypertension
demangeaisons,eruption_cutanee,peau_rouge,peau_seche,sensibilite_peau,,,,,,,,,,,eczema
faim_excessive,fatigue,fourmillements,perte_de_poids,soif_excessive,urines_frequentes,vision_trouble,,,,,,,,,diabete_type2
aura_visuelle,maux_de_tete_intense,nausees,sensibilite_bruit,sensibilite_lumiere,vomissements,,,,,,,,,,migraine
abdomen_gonflé,essoufflement,fatigue,oedemes_jambes,prise_de_poids,toux_nocturne,vertiges,,,,,,,,,insuffisance_cardiaque
douleurs_articulaires,fievre,gonflement_articulations,perte_appetit,raideur_matinale,,,,,,,,,,,arthrite
aura_visuelle,maux_de_tete_intense,nausees,sensibilite_bruit,,,,,,,,,,,,migraine
croutes,demangeaisons,eruption_cutanee,inflammation,peau_seche,sensibilite_peau,,,,,,,,,,eczema
fatigue,fievre,frissons,maux_de_tete,toux,,,,,,,,,,,grippe
diarrhee,essoufflement,fatigue,fievre,mal_gorge,maux_de_tete,perte_odorat,toux_seche,,,,,,,,covid19
douleur_thoracique,essoufflement,fatigue,palpitations,syncope,vertiges,,,,,,,,,,arythmie
fatigue,fievre_cyclique,frissons,sueurs,vomissements,,,,,,,,,,,paludisme
aura,confusion_post_crise,incontinence,morsure_langue,perte_conscience,,,,,,,,,,,epilepsie
diarrhee,douleurs_musculaires,fatigue,fievre,mal_gorge,maux_de_tete,perte_odorat,toux_seche,,,,,,,,covid19
aura,convulsions,fatigue_post_crise,incontinence,perte_conscience,,,,,,,,,,,epilepsie
constipation,douleur_abdominale_droite,fievre,nausees,vomissements,,,,,,,,,,,appendicite
crampes,diarrhee,douleurs_abdominales,fatigue,nausees,vomissements,,,,,,,,,,gastroenterite
douleur_bras_gauche,douleur_thoracique,essoufflement,fatigue_extreme,nausees,sueurs_froides,vertiges,,,,,,,,,infarctus
confusion,maux_de_tete_soudain,paralysie_faciale,trouble_parole,trouble_vision,vertiges,,,,,,,,,,avc
douleurs_musculaires,fatigue,fievre,mal_gorge,maux_de_tete,perte_appetit,,,,,,,,,,grippe
demangeaisons,nez_qui_coule,obstruction_nasale,toux,yeux_qui_piquent,,,,,,,,,,,rhinite_allergique
douleur_thoracique,fatigue,fievre,hemoptysie,perte_appetit,perte_de_poids,toux_chronique,,,,,,,,,tuberculose
croutes,demangeaisons,eruption_cutanee,peau_qui_suinte,peau_rouge,peau_seche,sensibilite_peau,,,,,,,,,eczema
confusion,faiblesse_bras,maux_de_tete_soudain,paralysie_faciale,vertiges,,,,,,,,,,,avc
douleur_position,fatigue,irradiation_jambe,limitation_mouvement,raideur_dos,spasmes_musculaires,,,,,,,,,,lombalgie
difficulte_a_parler,essoufflement,oppression_thoracique,sifflement_respiratoire,,,,,,,,,,,,asthme
anxiete,douleur_bras_gauche,essoufflement,fatigue_extreme,nausees,sueurs_froides,vertiges,,,,,,,,,infarctus
anxiete,douleur_thoracique,essoufflement,sueurs_froides,vertiges,,,,,,,,,,,infarctus
douleurs_musculaires,fatigue,fievre,frissons,mal_gorge,maux_de_tete,perte_appetit,toux,,,,,,,,grippe
douleur_abdominale_droite,fatigue,jaunisse,nausees,perte_appetit,selles_decolorees,urine_foncee,vomissements,,,,,,,,hepatite
exophtalmie,fatigue,insomnie,nervosité,palpitations,perte_de_poids,sudation_excessive,tremblements,,,,,,,,hyperthyroidie
douleur_thoracique,essoufflement,expectorations,maux_de_tete,toux,,,,,,,,,,,pneumonie
cicatrisation_lente,faim_excessive,fatigue,fourmillements,soif_excessive,vision_trouble,,,,,,,,,,diabete_type2
maux_de_tete_intense,nausees,sensibilite_bruit,sensibilite_lumiere,vertiges,,,,,,,,,,,migraine
douleurs_musculaires,essoufflement,fatigue,mal_gorge,perte_odorat,toux_seche,,,,,,,,,,covid19
douleur_thoracique,essoufflement,expectorations,fatigue,fievre,toux,,,,,,,,,,bronchite
alternance_diarrhee_constipation,ballonnements,crampes,douleurs_abdominales,fatigue,gaz,nausees,,,,,,,,,syndrome_colon_irritable
douleur_dos,douleur_position,fatigue,irradiation_jambe,raideur_dos,,,,,,,,,,,lombalgie
cicatrisation_lente,fourmillements,perte_de_poids,soif_excessive,urines_frequentes,vision_trouble,,,,,,,,,,diabete_type2
crampes,diarrhee,douleurs_abdominales,fatigue,fievre,nausees,vomissements,,,,,,,,,gastroenterite
anxiete,douleur_bras_gauche,douleur_thoracique,essoufflement,fatigue_extreme,nausees,sueurs_froides,vertiges,,,,,,,,infarctus
confusion,faiblesse_bras,maux_de_tete_soudain,paralysie_faciale,perte_equilibre,trouble_parole,trouble_vision,vertiges,,,,,,,,avc
confusion,faiblesse_bras,maux_de_tete_soudain,perte_equilibre,trouble_parole,trouble_vision,vertiges,,,,,,,,,avc
crampes,diarrhee,douleurs_abdominales,fatigue,perte_appetit,vomissements,,,,,,,,,,gastroenterite
anxiete,douleur_thoracique,essoufflement,fatigue,palpitations,syncope,vertiges,,,,,,,,,arythmie
diarrhee,fatigue,insomnie,nervosité,perte_de_poids,sudation_excessive,tremblements,,,,,,,,,hyperthyroidie
bourdonnements_oreilles,epistaxis,essoufflement,maux_de_tete,palpitations,vertiges,,,,,,,,,,hypertension
douleur_thoracique,essoufflement,expectorations,fievre,frissons,toux,,,,,,,,,,pneumonie
exophtalmie,nervosité,palpitations,perte_de_poids,sudation_excessive,tremblements,,,,,,,,,,hyperthyroidie
douleurs_musculaires,essoufflement,fatigue,fievre,perte_odorat,toux_seche,,,,,,,,,,covid19
brulures_estomac,douleurs_abdominales,nausees,perte_de_poids,sang_dans_selles,vomissements,,,,,,,,,,ulcere_gastrique
brulures_estomac,douleurs_abdominales,faim_douloureuse,nausees,perte_de_poids,sang_dans_selles,,,,,,,,,,ulcere_gastrique
anxiete,douleur_thoracique,fatigue,palpitations,syncope,vertiges,,,,,,,,,,arythmie
confusion,faiblesse_bras,maux_de_tete_soudain,paralysie_faciale,trouble_parole,trouble_vision,,,,,,,,,,avc
aura,confusion_post_crise,fatigue_post_crise,morsure_langue,perte_conscience,,,,,,,,,,,epilepsie
essoufflement,fatigue,oppression_thoracique,toux_seche,,,,,,,,,,,,asthme
bradycardie,cheveux_cassants,constipation,fatigue,oedemes,peau_seche,prise_de_poids,,,,,,,,,hypothyroidie
bourdonnements_oreilles,epistaxis,essoufflement,maux_de_tete,vision_trouble,,,,,,,,,,,hypertension
anxiete,douleur_thoracique,essoufflement,fatigue_extreme,sueurs_froides,,,,,,,,,,,infarctus
demangeaisons,eternuements,maux_de_tete,nez_qui_coule,obstruction_nasale,toux,yeux_qui_piquent,,,,,,,,,rhinite_allergique
difficulte_a_avaler,fievre,ganglions_gonfles,mal_gorge,maux_de_tete,nausees,toux,,,,,,,,,angine
brulures_estomac,douleurs_abdominales,faim_douloureuse,nausees,perte_de_poids,sang_dans_selles,vomissements,,,,,,,,,ulcere_gastrique
chaleur_articulaire,douleurs_articulaires,fievre,gonflement_articulations,raideur_matinale,,,,,,,,,,,arthrite
douleurs_abdominales,fatigue,nausees,perte_appetit,vomissements,,,,,,,,,,,gastroenterite
faim_excessive,fatigue,perte_de_poids,soif_excessive,urines_frequentes,vision_trouble,,,,,,,,,,diabete_type2
cicatrisation_lente,fatigue,perte_de_poids,soif_excessive,urines_frequentes,,,,,,,,,,,diabete_type2
confusion,fievre,maux_de_tete_intense,photophobie,vomissements,,,,,,,,,,,meningite
diarrhee,douleurs_abdominales,fievre,nausees,vomissements,,,,,,,,,,,gastroenterite
alternance_diarrhee_constipation,ballonnements,douleurs_abdominales,gaz,nausees,,,,,,,,,,,syndrome_colon_irritable
anemie,douleurs_musculaires,fatigue,frissons,maux_de_tete,sueurs,vomissements,,,,,,,,,paludisme
abdomen_gonflé,essoufflement,fatigue,oedemes_jambes,prise_de_poids,toux_nocturne,vertiges,,,,,,,,,insuffisance_cardiaque
fatigue,fievre,maux_de_tete,nez_qui_coule,toux,,,,,,,,,,,grippe
douleur_thoracique,fatigue,fievre,perte_de_poids,sueurs_nocturnes,toux_chronique,,,,,,,,,,tuberculose
crampes,douleurs_abdominales,fatigue,fievre,nausees,vomissements,,,,,,,,,,gastroenterite
demangeaisons,eternuements,maux_de_tete,nez_qui_coule,obstruction_nasale,yeux_qui_piquent,,,,,,,,,,rhinite_allergique
douleurs_musculaires,fatigue,fievre,frissons,mal_gorge,maux_de_tete,perte_appetit,toux,,,,,,,,grippe
douleur_thoracique,fatigue,fievre,hemoptysie,perte_de_poids,sueurs_nocturnes,toux_chronique,,,,,,,,,tuberculose
brulures_estomac,douleurs_abdominales,faim_douloureuse,nausees,perte_de_poids,vomissements,,,,,,,,,,ulcere_gastrique
crampes,diarrhee,douleurs_abdominales,nausees,vomissements,,,,,,,,,,,gastroenterite
cicatrisation_lente,fatigue,fourmillements,perte_de_poids,soif_excessive,urines_frequentes,vision_trouble,,,,,,,,,diabete_type2
diarrhee,douleur_abdominale_droite,fievre,nausees,perte_appetit,vomissements,,,,,,,,,,appendicite
brulures_estomac,douleurs_abdominales,faim_douloureuse,nausees,perte_de_poids,sang_dans_selles,,,,,,,,,,ulcere_gastrique
brulures_estomac,douleurs_abdominales,faim_douloureuse,nausees,perte_de_poids,vomissements,,,,,,,,,,ulcere_gastrique
anxiete,essoufflement,fatigue,oppression_thoracique,toux_seche,,,,,,,,,,,asthme
demangeaisons,douleurs_articulaires,inflammation,ongles_epaissis,peau_ecailleuse,plaques_peau,sensibilite_peau,,,,,,,,,psoriasis
difficulte_a_avaler,fatigue,fievre,ganglions_gonfles,mal_gorge,maux_de_tete,toux,,,,,,,,,angine
anemie,douleurs_musculaires,fievre_cyclique,frissons,maux_de_tete,nausees,sueurs,vomissements,,,,,,,,paludisme
douleur_thoracique,essoufflement,fatigue,palpitations,syncope,vertiges,,,,,,,,,,arythmie
douleur_thoracique,fatigue,fievre,hemoptysie,perte_appetit,perte_de_poids,sueurs_nocturnes,toux_chronique,,,,,,,,tuberculose
essoufflement,fatigue,fievre,mal_gorge,maux_de_tete,toux_seche,,,,,,,,,,covid19
essoufflement,expectorations,fatigue,fievre,sifflement_respiratoire,toux,,,,,,,,,,bronchite
confusion,eruption_cutanee,fievre,maux_de_tete_intense,photophobie,raideur_nuque,vomissements,,,,,,,,,meningite
fatigue,fievre,hemoptysie,perte_de_poids,toux_chronique,,,,,,,,,,,tuberculose
douleur_thoracique,fatigue,fievre,hemoptysie,perte_appetit,perte_de_poids,sueurs_nocturnes,toux_chronique,,,,,,,,tuberculose
diarrhee,douleurs_musculaires,fatigue,perte_odorat,toux_seche,,,,,,,,,,,covid19
douleur_thoracique,fatigue,fievre,hemoptysie,perte_appetit,perte_de_poids,sueurs_nocturnes,,,,,,,,,tuberculose
confusion,eruption_cutanee,fievre,maux_de_tete_intense,raideur_nuque,,,,,,,,,,,meningite
demangeaisons,eternuements,fatigue,nez_qui_coule,obstruction_nasale,toux,yeux_qui_piquent,,,,,,,,,rhinite_allergique
constipation,douleur_abdominale_droite,fievre,nausees,vomissements,,,,,,,,,,,appendicite
constipation,douleur_abdominale_droite,fievre,nausees,vomissements,,,,,,,,,,,appendicite
insomnie,nervosité,perte_de_poids,sudation_excessive,tremblements,,,,,,,,,,,hyperthyroidie
anxiete,douleur_bras_gauche,douleur_thoracique,essoufflement,fatigue_extreme,nausees,sueurs_froides,,,,,,,,,infarctus
demangeaisons,douleurs_articulaires,inflammation,ongles_epaissis,peau_ecailleuse,plaques_peau,sensibilite_peau,,,,,,,,,psoriasis
anxiete,difficulte_a_parler,essoufflement,sifflement_respiratoire,toux_seche,,,,,,,,,,,asthme
exophtalmie,insomnie,nervosité,palpitations,tremblements,,,,,,,,,,,hyperthyroidie
douleur_thoracique,essoufflement,fatigue,fievre,frissons,maux_de_tete,toux,,,,,,,,,pneumonie
bourdonnements_oreilles,epistaxis,maux_de_tete,palpitations,,,,,,,,,,,,hypertension
douleur_thoracique,expectorations,fievre,frissons,maux_de_tete,sueurs_nocturnes,toux,,,,,,,,,pneumonie
fatigue,oppression_thoracique,sifflement_respiratoire,toux_seche,,,,,,,,,,,,asthme
cheveux_cassants,constipation,fatigue,frilosite,oedemes,,,,,,,,,,,hypothyroidie
difficulte_a_avaler,fievre,mal_gorge,maux_de_tete,nausees,toux,,,,,,,,,,angine
cicatrisation_lente,perte_de_poids,soif_excessive,urines_frequentes,vision_trouble,,,,,,,,,,,diabete_type2
brulures_estomac,douleurs_abdominales,faim_douloureuse,nausees,perte_de_poids,sang_dans_selles,vomissements,,,,,,,,,ulcere_gastrique
eternuements,maux_de_tete,nez_qui_coule,obstruction_nasale,yeux_qui_piquent,,,,,,,,,,,rhinite_allergique
confusion,faiblesse_bras,paralysie_faciale,trouble_parole,trouble_vision,vertiges,,,,,,,,,,avc
confusion,eruption_cutanee,fievre,nausees,photophobie,raideur_nuque,vomissements,,,,,,,,,meningite
confusion,eruption_cutanee,fievre,maux_de_tete_intense,nausees,photophobie,vomissements,,,,,,,,,meningite
demangeaisons,douleurs_articulaires,inflammation,ongles_epaissis,peau_ecailleuse,plaques_peau,sensibilite_peau,,,,,,,,,psoriasis
douleurs_musculaires,fatigue,maux_de_tete,perte_odorat,toux_seche,,,,,,,,,,,covid19
brulures_estomac,douleurs_abdominales,faim_douloureuse,nausees,perte_de_poids,sang_dans_selles,vomissements,,,,,,,,,ulcere_gastrique
diarrhee,fatigue,nervosité,palpitations,tremblements,,,,,,,,,,,hyperthyroidie
douleur_thoracique,essoufflement,expectorations,fievre,maux_de_tete,toux,,,,,,,,,,pneumonie
croutes,demangeaisons,eruption_cutanee,inflammation,peau_qui_suinte,peau_rouge,,,,,,,,,,eczema
anxiete,douleur_thoracique,essoufflement,fatigue,palpitations,syncope,,,,,,,,,,arythmie
douleur_thoracique,fatigue,fievre,perte_appetit,perte_de_poids,sueurs_nocturnes,toux_chronique,,,,,,,,,tuberculose
diarrhee,douleurs_musculaires,fatigue,fievre,mal_gorge,toux_seche,,,,,,,,,,covid19
bradycardie,constipation,depression,fatigue,frilosite,peau_seche,prise_de_poids,,,,,,,,,hypothyroidie
essoufflement,fatigue,oedemes_jambes,prise_de_poids,vertiges,,,,,,,,,,,insuffisance_cardiaque
anxiete,difficulte_a_parler,essoufflement,oppression_thoracique,sifflement_respiratoire,,,,,,,,,,,asthme
anxiete,difficulte_a_parler,essoufflement,oppression_thoracique,toux_seche,,,,,,,,,,,asthme
douleur_abdominale_droite,fievre,jaunisse,nausees,selles_decolorees,urine_foncee,vomissements,,,,,,,,,hepatite
confusion,faiblesse_bras,maux_de_tete_soudain,paralysie_faciale,perte_equilibre,trouble_parole,,,,,,,,,,avc
diarrhee,douleurs_musculaires,essoufflement,fatigue,fievre,maux_de_tete,perte_odorat,toux_seche,,,,,,,,covid19
douleur_thoracique,essoufflement,expectorations,fatigue,sifflement_respiratoire,toux,,,,,,,,,,bronchite
alternance_diarrhee_constipation,ballonnements,crampes,douleurs_abdominales,gaz,nausees,,,,,,,,,,syndrome_colon_irritable
croutes,demangeaisons,peau_qui_suinte,peau_rouge,peau_seche,,,,,,,,,,,eczema
alternance_diarrhee_constipation,ballonnements,crampes,douleurs_abdominales,gaz,nausees,,,,,,,,,,syndrome_colon_irritable
demangeaisons,eruption_cutanee,inflammation,peau_qui_suinte,peau_rouge,peau_seche,sensibilite_peau,,,,,,,,,eczema
constipation,douleur_abdominale_droite,douleur_au_mouvement,nausees,perte_appetit,vomissements,,,,,,,,,,appendicite
anxiete,douleur_thoracique,essoufflement,fatigue,palpitations,syncope,vertiges,,,,,,,,,arythmie
eternuements,maux_de_tete,nez_qui_coule,obstruction_nasale,yeux_qui_piquent,,,,,,,,,,,rhinite_allergique
crampes,diarrhee,douleurs_abdominales,fievre,nausees,vomissements,,,,,,,,,,gastroenterite
anxiete,douleur_bras_gauche,essoufflement,fatigue_extreme,nausees,sueurs_froides,,,,,,,,,,infarctus
eternuements,fatigue,nez_qui_coule,obstruction_nasale,toux,yeux_qui_piquent,,,,,,,,,,rhinite_allergique
douleurs_musculaires,fievre_cyclique,frissons,maux_de_tete,sueurs,vomissements,,,,,,,,,,paludisme
aura_visuelle,fatigue,maux_de_tete_intense,nausees,sensibilite_lumiere,vomissements,,,,,,,,,,migraine
bourdonnements_oreilles,essoufflement,fatigue,maux_de_tete,vertiges,vision_trouble,,,,,,,,,,hypertension
fatigue,fievre,hemoptysie,perte_de_poids,toux_chronique,,,,,,,,,,,tuberculose
anxiete,douleur_bras_gauche,douleur_thoracique,essoufflement,nausees,vertiges,,,,,,,,,,infarctus
abdomen_gonflé,essoufflement,fatigue,palpitations,toux_nocturne,vertiges,,,,,,,,,,insuffisance_cardiaque
douleurs_abdominales,nausees,perte_appetit,vomissements,,,,,,,,,,,,gastroenterite
diarrhee,douleurs_abdominales,fievre,nausees,perte_appetit,vomissements,,,,,,,,,,gastroenterite
fatigue,fievre,mal_gorge,maux_de_tete,nez_qui_coule,perte_appetit,toux,,,,,,,,,grippe
chaleur_articulaire,fatigue,fievre,gonflement_articulations,perte_appetit,raideur_matinale,,,,,,,,,,arthrite
chaleur_articulaire,douleurs_articulaires,fatigue,limitation_mouvement,raideur_matinale,,,,,,,,,,,arthrite
douleur_thoracique,expectorations,fatigue,fievre,toux,,,,,,,,,,,pneumonie
douleur_abdominale_droite,fatigue,nausees,perte_appetit,selles_decolorees,urine_foncee,vomissements,,,,,,,,,hepatite
crampes,douleurs_abdominales,fatigue,fievre,nausees,vomissements,,,,,,,,,,gastroenterite
anxiete,douleur_thoracique,essoufflement,palpitations,syncope,vertiges,,,,,,,,,,arythmie
brulures_estomac,douleurs_abdominales,faim_douloureuse,nausees,sang_dans_selles,vomissements,,,,,,,,,,ulcere_gastrique
diarrhee,douleurs_abdominales,fievre,nausees,perte_appetit,vomissements,,,,,,,,,,gastroenterite
diarrhee,douleur_abdominale_droite,fievre,nausees,perte_appetit,vomissements,,,,,,,,,,appendicite
constipation,diarrhee,douleur_abdominale_droite,fievre,nausees,perte_appetit,vomissements,,,,,,,,,appendicite
constipation,douleur_abdominale_droite,douleur_au_mouvement,fievre,nausees,perte_appetit,vomissements,,,,,,,,,appendicite
demangeaisons,inflammation,peau_rouge,peau_seche,sensibilite_peau,,,,,,,,,,,eczema
alternance_diarrhee_constipation,ballonnements,douleurs_abdominales,fatigue,gaz,nausees,,,,,,,,,,syndrome_colon_irritable
anemie,douleurs_musculaires,fatigue,frissons,maux_de_tete,nausees,sueurs,,,,,,,,,paludisme
diarrhee,nervosité,palpitations,sudation_excessive,tremblements,,,,,,,,,,,hyperthyroidie
eruption_cutanee,peau_qui_suinte,peau_rouge,peau_seche,,,,,,,,,,,,eczema
demangeaisons,inflammation,ongles_epaissis,peau_ecailleuse,plaques_peau,sensibilite_peau,,,,,,,,,,psoriasis
anxiete,douleur_thoracique,essoufflement,fatigue,palpitations,syncope,vertiges,,,,,,,,,arythmie
diarrhee,douleurs_musculaires,essoufflement,fatigue,fievre,mal_gorge,perte_odorat,toux_seche,,,,,,,,covid19
cicatrisation_lente,faim_excessive,fatigue,fourmillements,soif_excessive,urines_frequentes,,,,,,,,,,diabete_type2
aura,confusion_post_crise,convulsions,fatigue_post_crise,incontinence,morsure_langue,perte_conscience,,,,,,,,,epilepsie
bourdonnements_oreilles,maux_de_tete,palpitations,vertiges,vision_trouble,,,,,,,,,,,hypertension
diarrhee,essoufflement,fatigue,fievre,mal_gorge,perte_odorat,toux_seche,,,,,,,,,covid19
confusion,faiblesse_bras,maux_de_tete_soudain,paralysie_faciale,perte_equilibre,trouble_parole,vertiges,,,,,,,,,avc
eternuements,fatigue,maux_de_tete,nez_qui_coule,obstruction_nasale,toux,yeux_qui_piquent,,,,,,,,,rhinite_allergique
bradycardie,cheveux_cassants,constipation,depression,fatigue,frilosite,,,,,,,,,,hypothyroidie
demangeaisons,eruption_cutanee,inflammation,peau_qui_suinte,peau_rouge,sensibilite_peau,,,,,,,,,,eczema
douleur_thoracique,fievre,hemoptysie,sueurs_nocturnes,toux_chronique,,,,,,,,,,,tuberculose
constipation,douleur_abdominale_droite,douleur_au_mouvement,fievre,vomissements,,,,,,,,,,,appendicite
essoufflement,expectorations,fatigue,sifflement_respiratoire,toux,,,,,,,,,,,bronchite
bourdonnements_oreilles,essoufflement,fatigue,maux_de_tete,vision_trouble,,,,,,,,,,,hypertension
cicatrisation_lente,faim_excessive,fatigue,fourmillements,perte_de_poids,urines_frequentes,vision_trouble,,,,,,,,,diabete_type2
diarrhee,douleurs_abdominales,fatigue,fievre,vomissements,,,,,,,,,,,gastroenterite
difficulte_a_parler,essoufflement,oppression_thoracique,sifflement_respiratoire,toux_seche,,,,,,,,,,,asthme
anxiete,douleur_thoracique,essoufflement,fatigue,palpitations,syncope,,,,,,,,,,arythmie
douleur_bras_gauche,douleur_thoracique,nausees,sueurs_froides,vertiges,,,,,,,,,,,infarctus
crampes,diarrhee,douleurs_abdominales,fatigue,fievre,vomissements,,,,,,,,,,gastroenterite
confusion,faiblesse_bras,maux_de_tete_soudain,paralysie_faciale,trouble_parole,trouble_vision,vertiges,,,,,,,,,avc
douleur_thoracique,essoufflement,expectorations,fatigue,toux,,,,,,,,,,,bronchite
douleurs_musculaires,essoufflement,fatigue,fievre,mal_gorge,perte_odorat,,,,,,,,,,covid19
douleur_thoracique,fatigue,hemoptysie,perte_appetit,perte_de_poids,sueurs_nocturnes,toux_chronique,,,,,,,,,tuberculose
bourdonnements_oreilles,fatigue,maux_de_tete,palpitations,,,,,,,,,,,,hypertension
douleurs_musculaires,fatigue,fievre,frissons,mal_gorge,maux_de_tete,toux,,,,,,,,,grippe
douleur_abdominale_droite,fatigue,fievre,nausees,selles_decolorees,urine_foncee,,,,,,,,,,hepatite
diarrhee,douleurs_musculaires,fatigue,fievre,perte_odorat,toux_seche,,,,,,,,,,covid19
douleur_thoracique,essoufflement,expectorations,fatigue,fievre,sifflement_respiratoire,toux,,,,,,,,,bronchite
brulures_estomac,douleurs_abdominales,faim_douloureuse,nausees,sang_dans_selles,,,,,,,,,,,ulcere_gastrique
confusion,faiblesse_bras,maux_de_tete_soudain,paralysie_faciale,perte_equilibre,trouble_parole,trouble_vision,vertiges,,,,,,,,avc
alternance_diarrhee_constipation,ballonnements,crampes,douleurs_abdominales,fatigue,gaz,nausees,,,,,,,,,syndrome_colon_irritable
diarrhee,douleur_abdominale_droite,douleur_au_mouvement,fievre,nausees,,,,,,,,,,,appendicite
diarrhee,fatigue,insomnie,nervosité,palpitations,perte_de_poids,sudation_excessive,tremblements,,,,,,,,hyperthyroidie
alternance_diarrhee_constipation,ballonnements,douleurs_abdominales,fatigue,gaz,nausees,,,,,,,,,,syndrome_colon_irritable
fatigue,maux_de_tete_intense,nausees,sensibilite_bruit,vertiges,,,,,,,,,,,migraine
chaleur_articulaire,douleurs_articulaires,fievre,gonflement_articulations,limitation_mouvement,perte_appetit,raideur_matinale,,,,,,,,,arthrite
douleurs_musculaires,fatigue,mal_gorge,maux_de_tete,perte_odorat,toux_seche,,,,,,,,,,covid19
bourdonnements_oreilles,epistaxis,essoufflement,fatigue,vertiges,vision_trouble,,,,,,,,,,hypertension
fievre_cyclique,frissons,maux_de_tete,nausees,sueurs,vomissements,,,,,,,,,,paludisme
douleur_thoracique,essoufflement,fatigue,palpitations,syncope,vertiges,,,,,,,,,,arythmie
essoufflement,maux_de_tete,vertiges,vision_trouble,,,,,,,,,,,,hypertension
bradycardie,constipation,depression,fatigue,frilosite,oedemes,prise_de_poids,,,,,,,,,hypothyroidie
croutes,demangeaisons,eruption_cutanee,peau_rouge,,,,,,,,,,,,eczema
fatigue,maux_de_tete_intense,nausees,sensibilite_bruit,sensibilite_lumiere,vertiges,,,,,,,,,,migraine
alternance_diarrhee_constipation,ballonnements,douleurs_abdominales,fatigue,gaz,,,,,,,,,,,syndrome_colon_irritable
douleur_dos,fatigue,irradiation_jambe,raideur_dos,spasmes_musculaires,,,,,,,,,,,lombalgie
constipation,depression,fatigue,frilosite,oedemes,peau_seche,,,,,,,,,,hypothyroidie
douleur_dos,fatigue,irradiation_jambe,limitation_mouvement,spasmes_musculaires,,,,,,,,,,,lombalgie
douleur_dos,douleur_position,irradiation_jambe,limitation_mouvement,,,,,,,,,,,,lombalgie
douleur_bras_gauche,douleur_thoracique,essoufflement,fatigue_extreme,nausees,vertiges,,,,,,,,,,infarctus
fatigue,palpitations,perte_de_poids,sudation_excessive,tremblements,,,,,,,,,,,hyperthyroidie
chaleur_articulaire,douleurs_articulaires,fatigue,gonflement_articulations,limitation_mouvement,perte_appetit,,,,,,,,,,arthrite
douleur_thoracique,essoufflement,expectorations,fatigue,maux_de_tete,sueurs_nocturnes,toux,,,,,,,,,pneumonie
aura_visuelle,maux_de_tete_intense,nausees,sensibilite_bruit,sensibilite_lumiere,vomissements,,,,,,,,,,migraine
aura,confusion_post_crise,convulsions,incontinence,perte_conscience,,,,,,,,,,,epilepsie
fatigue,fievre,hemoptysie,perte_appetit,perte_de_poids,sueurs_nocturnes,toux_chronique,,,,,,,,,tuberculose
douleur_thoracique,fatigue,fievre,hemoptysie,perte_appetit,perte_de_poids,sueurs_nocturnes,toux_chronique,,,,,,,,tuberculose
alternance_diarrhee_constipation,ballonnements,crampes,douleurs_abdominales,fatigue,gaz,nausees,,,,,,,,,syndrome_colon_irritable
confusion,maux_de_tete_soudain,paralysie_faciale,perte_equilibre,trouble_parole,vertiges,,,,,,,,,,avc
aura,confusion_post_crise,convulsions,fatigue_post_crise,perte_conscience,,,,,,,,,,,epilepsie
brulures_estomac,douleurs_abdominales,faim_douloureuse,nausees,sang_dans_selles,vomissements,,,,,,,,,,ulcere_gastrique
brulures_estomac,douleurs_abdominales,faim_douloureuse,nausees,perte_de_poids,sang_dans_selles,vomissements,,,,,,,,,ulcere_gastrique
cicatrisation_lente,faim_excessive,fatigue,fourmillements,perte_de_poids,urines_frequentes,vision_trouble,,,,,,,,,diabete_type2
diarrhee,insomnie,nervosité,palpitations,perte_de_poids,tremblements,,,,,,,,,,hyperthyroidie
chaleur_articulaire,douleurs_articulaires,gonflement_articulations,limitation_mouvement,raideur_matinale,,,,,,,,,,,arthrite
confusion,maux_de_tete_soudain,paralysie_faciale,perte_equilibre,trouble_parole,trouble_vision,vertiges,,,,,,,,,avc
eternuements,fatigue,nez_qui_coule,obstruction_nasale,toux,,,,,,,,,,,rhinite_allergique
cheveux_cassants,constipation,fatigue,frilosite,oedemes,peau_seche,prise_de_poids,,,,,,,,,hypothyroidie
aura,convulsions,incontinence,morsure_langue,perte_conscience,,,,,,,,,,,epilepsie
douleur_thoracique,essoufflement,expectorations,fievre,sifflement_respiratoire,toux,,,,,,,,,,bronchite
anxiete,difficulte_a_parler,essoufflement,fatigue,oppression_thoracique,sifflement_respiratoire,toux_seche,,,,,,,,,asthme
douleur_abdominale_droite,fatigue,nausees,perte_appetit,urine_foncee,vomissements,,,,,,,,,,hepatite
cicatrisation_lente,faim_excessive,fatigue,fourmillements,perte_de_poids,soif_excessive,urines_frequentes,vision_trouble,,,,,,,,diabete_type2
crampes,diarrhee,douleurs_abdominales,nausees,perte_appetit,vomissements,,,,,,,,,,gastroenterite
douleur_dos,douleur_position,fatigue,limitation_mouvement,raideur_dos,spasmes_musculaires,,,,,,,,,,lombalgie
diarrhee,essoufflement,fatigue,fievre,mal_gorge,perte_odorat,toux_seche,,,,,,,,,covid19
douleurs_musculaires,fatigue,fievre,frissons,toux,,,,,,,,,,,grippe
douleur_thoracique,essoufflement,expectorations,fievre,maux_de_tete,toux,,,,,,,,,,pneumonie
douleur_thoracique,fatigue,fievre,hemoptysie,perte_de_poids,sueurs_nocturnes,toux_chronique,,,,,,,,,tuberculose
demangeaisons,inflammation,peau_ecailleuse,plaques_peau,sensibilite_peau,,,,,,,,,,,psoriasis
demangeaisons,eternuements,maux_de_tete,nez_qui_coule,yeux_qui_piquent,,,,,,,,,,,rhinite_allergique
diarrhee,douleurs_musculaires,fatigue,fievre,mal_gorge,maux_de_tete,perte_odorat,toux_seche,,,,,,,,covid19
confusion,faiblesse_bras,maux_de_tete_soudain,paralysie_faciale,trouble_parole,trouble_vision,,,,,,,,,,avc
bourdonnements_oreilles,epistaxis,essoufflement,fatigue,maux_de_tete,vision_trouble,,,,,,,,,,hypertension
confusion,faiblesse_bras,maux_de_tete_soudain,paralysie_faciale,perte_equilibre,trouble_parole,trouble_vision,,,,,,,,,avc
aura_visuelle,maux_de_tete_intense,nausees,sensibilite_bruit,sensibilite_lumiere,,,,,,,,,,,migraine
confusion,faiblesse_bras,maux_de_tete_soudain,perte_equilibre,trouble_parole,trouble_vision,vertiges,,,,,,,,,avc
crampes,diarrhee,douleurs_abdominales,fatigue,nausees,perte_appetit,vomissements,,,,,,,,,gastroenterite
confusion_post_crise,convulsions,fatigue_post_crise,incontinence,morsure_langue,perte_conscience,,,,,,,,,,epilepsie
confusion,faiblesse_bras,maux_de_tete_soudain,paralysie_faciale,perte_equilibre,trouble_parole,trouble_vision,vertiges,,,,,,,,avc
difficulte_a_parler,essoufflement,oppression_thoracique,sifflement_respiratoire,toux_seche,,,,,,,,,,,asthme
essoufflement,expectorations,fatigue,fievre,sueurs_nocturnes,toux,,,,,,,,,,pneumonie
essoufflement,oedemes_jambes,palpitations,toux_nocturne,vertiges,,,,,,,,,,,insuffisance_cardiaque
demangeaisons,douleurs_articulaires,inflammation,ongles_epaissis,peau_ecailleuse,plaques_peau,sensibilite_peau,,,,,,,,,psoriasis
alternance_diarrhee_constipation,ballonnements,crampes,douleurs_abdominales,fatigue,nausees,,,,,,,,,,syndrome_colon_irritable
cicatrisation_lente,faim_excessive,fatigue,fourmillements,perte_de_poids,soif_excessive,urines_frequentes,vision_trouble,,,,,,,,diabete_type2
demangeaisons,douleurs_articulaires,inflammation,plaques_peau,,,,,,,,,,,,psoriasis
bourdonnements_oreilles,essoufflement,fatigue,maux_de_tete,vertiges,vision_trouble,,,,,,,,,,hypertension
douleurs_articulaires,fatigue,gonflement_articulations,limitation_mouvement,perte_appetit,raideur_matinale,,,,,,,,,,arthrite
abdomen_gonflé,essoufflement,fatigue,oedemes_jambes,palpitations,toux_nocturne,vertiges,,,,,,,,,insuffisance_cardiaque
difficulte_a_avaler,fievre,ganglions_gonfles,mal_gorge,nausees,,,,,,,,,,,angine
douleurs_musculaires,fatigue,fievre,mal_gorge,maux_de_tete,toux,,,,,,,,,,grippe
difficulte_a_avaler,ganglions_gonfles,mal_gorge,maux_de_tete,nausees,,,,,,,,,,,angine
demangeaisons,douleurs_articulaires,inflammation,plaques_peau,,,,,,,,,,,,psoriasis
eruption_cutanee,inflammation,peau_rouge,peau_seche,sensibilite_peau,,,,,,,,,,,eczema
demangeaisons,inflammation,ongles_epaissis,peau_ecailleuse,plaques_peau,sensibilite_peau,,,,,,,,,,psoriasis
diarrhee,douleurs_musculaires,fievre,mal_gorge,perte_odorat,toux_seche,,,,,,,,,,covid19
cicatrisation_lente,faim_excessive,fourmillements,perte_de_poids,soif_excessive,urines_frequentes,vision_trouble,,,,,,,,,diabete_type2
anxiete,douleur_bras_gauche,douleur_thoracique,essoufflement,fatigue_extreme,sueurs_froides,vertiges,,,,,,,,,infarctus
demangeaisons,inflammation,ongles_epaissis,plaques_peau,,,,,,,,,,,,psoriasis
essoufflement,expectorations,fatigue,sifflement_respiratoire,toux,,,,,,,,,,,bronchite
anemie,fatigue,fievre_cyclique,frissons,maux_de_tete,sueurs,,,,,,,,,,paludisme
anxiete,douleur_bras_gauche,douleur_thoracique,essoufflement,fatigue_extreme,nausees,sueurs_froides,,,,,,,,,infarctus
crampes,diarrhee,douleurs_abdominales,fatigue,nausees,perte_appetit,vomissements,,,,,,,,,gastroenterite
anxiete,douleur_thoracique,essoufflement,fatigue,syncope,vertiges,,,,,,,,,,arythmie
douleurs_musculaires,fatigue,fievre,frissons,mal_gorge,maux_de_tete,nez_qui_coule,toux,,,,,,,,grippe
bourdonnements_oreilles,epistaxis,fatigue,maux_de_tete,vertiges,vision_trouble,,,,,,,,,,hypertension
brulures_estomac,douleurs_abdominales,faim_douloureuse,nausees,perte_de_poids,sang_dans_selles,vomissements,,,,,,,,,ulcere_gastrique
depression,fatigue,frilosite,oedemes,peau_seche,prise_de_poids,,,,,,,,,,hypothyroidie
douleur_dos,irradiation_jambe,limitation_mouvement,raideur_dos,spasmes_musculaires,,,,,,,,,,,lombalgie
bradycardie,constipation,fatigue,oedemes,prise_de_poids,,,,,,,,,,,hypothyroidie
douleur_bras_gauche,douleur_thoracique,essoufflement,fatigue_extreme,nausees,,,,,,,,,,,infarctus
douleur_thoracique,essoufflement,expectorations,fievre,maux_de_tete,sueurs_nocturnes,toux,,,,,,,,,pneumonie
anxiete,essoufflement,sifflement_respiratoire,toux_seche,,,,,,,,,,,,asthme
alternance_diarrhee_constipation,ballonnements,crampes,douleurs_abdominales,gaz,,,,,,,,,,,syndrome_colon_irritable
essoufflement,fatigue,sifflement_respiratoire,toux_seche,,,,,,,,,,,,asthme
fievre_cyclique,frissons,nausees,sueurs,vomissements,,,,,,,,,,,paludisme
anxiete,douleur_bras_gauche,douleur_thoracique,essoufflement,fatigue_extreme,nausees,sueurs_froides,vertiges,,,,,,,,infarctus
confusion,faiblesse_bras,maux_de_tete_soudain,paralysie_faciale,trouble_parole,trouble_vision,vertiges,,,,,,,,,avc
fatigue,maux_de_tete_intense,sensibilite_bruit,sensibilite_lumiere,,,,,,,,,,,,migraine
douleurs_musculaires,fatigue,fievre_cyclique,maux_de_tete,nausees,sueurs,vomissements,,,,,,,,,paludisme
fatigue,fievre,mal_gorge,maux_de_tete,toux_seche,,,,,,,,,,,covid19
douleurs_musculaires,fatigue,fievre,mal_gorge,maux_de_tete,nez_qui_coule,toux,,,,,,,,,grippe
croutes,eruption_cutanee,peau_qui_suinte,peau_rouge,peau_seche,sensibilite_peau,,,,,,,,,,eczema
constipation,douleur_abdominale_droite,douleur_au_mouvement,fievre,vomissements,,,,,,,,,,,appendicite
demangeaisons,douleurs_articulaires,inflammation,ongles_epaissis,plaques_peau,sensibilite_peau,,,,,,,,,,psoriasis
chaleur_articulaire,fatigue,gonflement_articulations,raideur_matinale,,,,,,,,,,,,arthrite
brulures_estomac,douleurs_abdominales,faim_douloureuse,nausees,perte_de_poids,sang_dans_selles,vomissements,,,,,,,,,ulcere_gastrique
confusion_post_crise,convulsions,fatigue_post_crise,incontinence,morsure_langue,,,,,,,,,,,epilepsie
douleur_abdominale_droite,fatigue,fievre,jaunisse,perte_appetit,,,,,,,,,,,hepatite
douleur_thoracique,fievre,perte_appetit,sueurs_nocturnes,toux_chronique,,,,,,,,,,,tuberculose
douleurs_musculaires,fatigue,fievre,maux_de_tete,nez_qui_coule,perte_appetit,toux,,,,,,,,,grippe
confusion,eruption_cutanee,fievre,maux_de_tete_intense,nausees,photophobie,vomissements,,,,,,,,,meningite
diarrhee,fatigue,fievre,mal_gorge,perte_odorat,toux_seche,,,,,,,,,,covid19
croutes,demangeaisons,inflammation,peau_rouge,peau_seche,sensibilite_peau,,,,,,,,,,eczema
essoufflement,fievre,mal_gorge,perte_odorat,toux_seche,,,,,,,,,,,covid19
fatigue,fievre,hemoptysie,perte_appetit,sueurs_nocturnes,toux_chronique,,,,,,,,,,tuberculose
fatigue,fievre,mal_gorge,maux_de_tete,perte_odorat,,,,,,,,,,,covid19
chaleur_articulaire,douleurs_articulaires,fievre,gonflement_articulations,limitation_mouvement,perte_appetit,raideur_matinale,,,,,,,,,arthrite
bradycardie,constipation,depression,fatigue,frilosite,peau_seche,prise_de_poids,,,,,,,,,hypothyroidie
alternance_diarrhee_constipation,ballonnements,crampes,douleurs_abdominales,nausees,,,,,,,,,,,syndrome_colon_irritable
fatigue,oedemes_jambes,palpitations,toux_nocturne,vertiges,,,,,,,,,,,insuffisance_cardiaque
douleurs_articulaires,fatigue,fievre,gonflement_articulations,limitation_mouvement,raideur_matinale,,,,,,,,,,arthrite
aura,convulsions,incontinence,perte_conscience,,,,,,,,,,,,epilepsie
douleur_dos,douleur_position,irradiation_jambe,limitation_mouvement,,,,,,,,,,,,lombalgie
confusion,eruption_cutanee,fievre,maux_de_tete_intense,nausees,photophobie,raideur_nuque,vomissements,,,,,,,,meningite
anxiete,douleur_thoracique,essoufflement,fatigue,palpitations,syncope,vertiges,,,,,,,,,arythmie
brulures_estomac,douleurs_abdominales,faim_douloureuse,nausees,perte_de_poids,sang_dans_selles,vomissements,,,,,,,,,ulcere_gastrique
croutes,eruption_cutanee,peau_qui_suinte,peau_rouge,peau_seche,,,,,,,,,,,eczema
cheveux_cassants,constipation,depression,fatigue,frilosite,oedemes,peau_seche,prise_de_poids,,,,,,,,hypothyroidie
diarrhee,douleur_abdominale_droite,fievre,nausees,vomissements,,,,,,,,,,,appendicite
aura,confusion_post_crise,convulsions,fatigue_post_crise,morsure_langue,perte_conscience,,,,,,,,,,epilepsie
aura_visuelle,fatigue,maux_de_tete_intense,nausees,sensibilite_bruit,sensibilite_lumiere,vertiges,,,,,,,,,migraine
eruption_cutanee,fievre,maux_de_tete_intense,nausees,raideur_nuque,vomissements,,,,,,,,,,meningite
fatigue,maux_de_tete_intense,nausees,sensibilite_bruit,sensibilite_lumiere,vertiges,vomissements,,,,,,,,,migraine
cicatrisation_lente,faim_excessive,fatigue,soif_excessive,urines_frequentes,vision_trouble,,,,,,,,,,diabete_type2
confusion,faiblesse_bras,paralysie_faciale,perte_equilibre,trouble_parole,trouble_vision,,,,,,,,,,avc
bradycardie,cheveux_cassants,constipation,frilosite,oedemes,peau_seche,prise_de_poids,,,,,,,,,hypothyroidie
confusion,faiblesse_bras,maux_de_tete_soudain,paralysie_faciale,perte_equilibre,trouble_parole,trouble_vision,,,,,,,,,avc
diarrhee,exophtalmie,fatigue,nervosité,perte_de_poids,tremblements,,,,,,,,,,hyperthyroidie
cicatrisation_lente,faim_excessive,fatigue,urines_frequentes,vision_trouble,,,,,,,,,,,diabete_type2
chaleur_articulaire,douleurs_articulaires,gonflement_articulations,limitation_mouvement,,,,,,,,,,,,arthrite
douleur_dos,douleur_position,limitation_mouvement,raideur_dos,spasmes_musculaires,,,,,,,,,,,lombalgie
confusion,faiblesse_bras,maux_de_tete_soudain,paralysie_faciale,perte_equilibre,trouble_vision,vertiges,,,,,,,,,avc
aura,confusion_post_crise,convulsions,fatigue_post_crise,,,,,,,,,,,,epilepsie
douleurs_musculaires,fatigue,fievre_cyclique,maux_de_tete,nausees,sueurs,vomissements,,,,,,,,,paludisme
alternance_diarrhee_constipation,ballonnements,crampes,douleurs_abdominales,gaz,,,,,,,,,,,syndrome_colon_irritable
nausees,sensibilite_bruit,sensibilite_lumiere,vertiges,,,,,,,,,,,,migraine
anxiete,douleur_bras_gauche,douleur_thoracique,essoufflement,fatigue_extreme,sueurs_froides,vertiges,,,,,,,,,infarctus
faim_excessive,fatigue,fourmillements,perte_de_poids,soif_excessive,urines_frequentes,vision_trouble,,,,,,,,,diabete_type2
douleur_thoracique,essoufflement,expectorations,fatigue,fievre,sifflement_respiratoire,toux,,,,,,,,,bronchite
essoufflement,expectorations,fatigue,fievre,frissons,maux_de_tete,toux,,,,,,,,,pneumonie
demangeaisons,inflammation,ongles_epaissis,peau_ecailleuse,sensibilite_peau,,,,,,,,,,,psoriasis
douleurs_musculaires,essoufflement,fievre,maux_de_tete,perte_odorat,toux_seche,,,,,,,,,,covid19
confusion,faiblesse_bras,paralysie_faciale,perte_equilibre,trouble_parole,vertiges,,,,,,,,,,avc
douleurs_musculaires,fievre,frissons,maux_de_tete,nez_qui_coule,,,,,,,,,,,grippe
anxiete,douleur_thoracique,essoufflement,syncope,vertiges,,,,,,,,,,,arythmie
alternance_diarrhee_constipation,ballonnements,douleurs_abdominales,fatigue,nausees,,,,,,,,,,,syndrome_colon_irritable
confusion_post_crise,convulsions,fatigue_post_crise,incontinence,morsure_langue,perte_conscience,,,,,,,,,,epilepsie
douleur_abdominale_droite,fatigue,fievre,jaunisse,nausees,perte_appetit,urine_foncee,vomissements,,,,,,,,hepatite
douleur_thoracique,essoufflement,expectorations,fatigue,fievre,maux_de_tete,toux,,,,,,,,,pneumonie
diarrhee,fatigue,insomnie,nervosité,palpitations,perte_de_poids,tremblements,,,,,,,,,hyperthyroidie
douleur_abdominale_droite,douleur_au_mouvement,fievre,vomissements,,,,,,,,,,,,appendicite
brulures_estomac,douleurs_abdominales,faim_douloureuse,nausees,perte_de_poids,sang_dans_selles,vomissements,,,,,,,,,ulcere_gastrique
aura,confusion_post_crise,convulsions,fatigue_post_crise,morsure_langue,perte_conscience,,,,,,,,,,epilepsie
anemie,fatigue,fievre_cyclique,frissons,maux_de_tete,,,,,,,,,,,paludisme
difficulte_a_avaler,fatigue,fievre,ganglions_gonfles,mal_gorge,toux,,,,,,,,,,angine
fievre,maux_de_tete_intense,nausees,photophobie,raideur_nuque,vomissements,,,,,,,,,,meningite
douleur_thoracique,essoufflement,fatigue,palpitations,vertiges,,,,,,,,,,,arythmie
cicatrisation_lente,faim_excessive,fatigue,soif_excessive,vision_trouble,,,,,,,,,,,diabete_type2
croutes,demangeaisons,inflammation,peau_rouge,peau_seche,,,,,,,,,,,eczema
abdomen_gonflé,essoufflement,fatigue,oedemes_jambes,palpitations,toux_nocturne,vertiges,,,,,,,,,insuffisance_cardiaque
anxiete,douleur_thoracique,essoufflement,fatigue,palpitations,syncope,vertiges,,,,,,,,,arythmie
demangeaisons,douleurs_articulaires,inflammation,ongles_epaissis,peau_ecailleuse,plaques_peau,sensibilite_peau,,,,,,,,,psoriasis
abdomen_gonflé,essoufflement,fatigue,oedemes_jambes,palpitations,prise_de_poids,toux_nocturne,vertiges,,,,,,,,insuffisance_cardiaque
confusion,faiblesse_bras,paralysie_faciale,perte_equilibre,trouble_parole,trouble_vision,vertiges,,,,,,,,,avc
eruption_cutanee,fievre,maux_de_tete_intense,nausees,photophobie,raideur_nuque,vomissements,,,,,,,,,meningite
difficulte_a_parler,essoufflement,oppression_thoracique,toux_seche,,,,,,,,,,,,asthme
difficulte_a_parler,essoufflement,oppression_thoracique,sifflement_respiratoire,toux_seche,,,,,,,,,,,asthme
fatigue,fievre,hemoptysie,perte_de_poids,sueurs_nocturnes,toux_chronique,,,,,,,,,,tuberculose
fatigue,insomnie,nervosité,palpitations,perte_de_poids,sudation_excessive,tremblements,,,,,,,,,hyperthyroidie
anxiete,essoufflement,sifflement_respiratoire,toux_seche,,,,,,,,,,,,asthme
cicatrisation_lente,faim_excessive,fatigue,fourmillements,perte_de_poids,soif_excessive,urines_frequentes,vision_trouble,,,,,,,,diabete_type2
aura,convulsions,fatigue_post_crise,perte_conscience,,,,,,,,,,,,epilepsie
chaleur_articulaire,douleurs_articulaires,fatigue,fievre,gonflement_articulations,limitation_mouvement,raideur_matinale,,,,,,,,,arthrite
douleur_abdominale_droite,jaunisse,nausees,selles_decolorees,urine_foncee,vomissements,,,,,,,,,,hepatite
diarrhee,douleurs_abdominales,fatigue,fievre,vomissements,,,,,,,,,,,gastroenterite
confusion,faiblesse_bras,maux_de_tete_soudain,paralysie_faciale,trouble_vision,vertiges,,,,,,,,,,avc
essoufflement,fatigue,oedemes_jambes,palpitations,prise_de_poids,toux_nocturne,vertiges,,,,,,,,,insuffisance_cardiaque
douleur_thoracique,essoufflement,expectorations,fatigue,fievre,sifflement_respiratoire,toux,,,,,,,,,bronchite
douleurs_musculaires,fatigue,fievre,frissons,maux_de_tete,nez_qui_coule,perte_appetit,,,,,,,,,grippe
confusion,fievre,maux_de_tete_intense,nausees,photophobie,,,,,,,,,,,meningite
difficulte_a_avaler,fatigue,fievre,ganglions_gonfles,toux,,,,,,,,,,,angine
confusion,fievre,photophobie,raideur_nuque,vomissements,,,,,,,,,,,meningite
brulures_estomac,douleurs_abdominales,faim_douloureuse,nausees,perte_de_poids,sang_dans_selles,,,,,,,,,,ulcere_gastrique
douleur_dos,douleur_position,raideur_dos,spasmes_musculaires,,,,,,,,,,,,lombalgie
chaleur_articulaire,douleurs_articulaires,fatigue,gonflement_articulations,limitation_mouvement,perte_appetit,raideur_matinale,,,,,,,,,arthrite
cicatrisation_lente,faim_excessive,fatigue,fourmillements,perte_de_poids,soif_excessive,urines_frequentes,vision_trouble,,,,,,,,diabete_type2
demangeaisons,eternuements,fatigue,nez_qui_coule,obstruction_nasale,toux,yeux_qui_piquent,,,,,,,,,rhinite_allergique
fatigue,insomnie,nervosité,perte_de_poids,tremblements,,,,,,,,,,,hyperthyroidie
chaleur_articulaire,douleurs_articulaires,fievre,gonflement_articulations,limitation_mouvement,perte_appetit,raideur_matinale,,,,,,,,,arthrite
abdomen_gonflé,essoufflement,fatigue,oedemes_jambes,prise_de_poids,toux_nocturne,vertiges,,,,,,,,,insuffisance_cardiaque
difficulte_a_avaler,ganglions_gonfles,mal_gorge,toux,,,,,,,,,,,,angine
chaleur_articulaire,douleurs_articulaires,fatigue,fievre,gonflement_articulations,limitation_mouvement,raideur_matinale,,,,,,,,,arthrite
douleur_abdominale_droite,fatigue,fievre,jaunisse,nausees,perte_appetit,selles_decolorees,urine_foncee,,,,,,,,hepatite
douleurs_musculaires,fatigue,fievre_cyclique,frissons,nausees,sueurs,vomissements,,,,,,,,,paludisme
cicatrisation_lente,faim_excessive,fatigue,fourmillements,perte_de_poids,soif_excessive,urines_frequentes,,,,,,,,,diabete_type2
demangeaisons,inflammation,ongles_epaissis,peau_ecailleuse,plaques_peau,,,,,,,,,,,psoriasis
douleur_thoracique,essoufflement,expectorations,fatigue,fievre,frissons,sueurs_nocturnes,toux,,,,,,,,pneumonie
abdomen_gonflé,essoufflement,fatigue,oedemes_jambes,prise_de_poids,toux_nocturne,vertiges,,,,,,,,,insuffisance_cardiaque
douleur_thoracique,fatigue,fievre,perte_appetit,sueurs_nocturnes,toux_chronique,,,,,,,,,,tuberculose
confusion_post_crise,fatigue_post_crise,incontinence,perte_conscience,,,,,,,,,,,,epilepsie
douleur_bras_gauche,douleur_thoracique,fatigue_extreme,nausees,sueurs_froides,,,,,,,,,,,infarctus
douleur_abdominale_droite,fatigue,fievre,jaunisse,nausees,perte_appetit,urine_foncee,,,,,,,,,hepatite
cheveux_cassants,constipation,depression,frilosite,oedemes,prise_de_poids,,,,,,,,,,hypothyroidie
diarrhee,fatigue,fievre,maux_de_tete,perte_odorat,,,,,,,,,,,covid19
demangeaisons,eruption_cutanee,inflammation,peau_qui_suinte,peau_rouge,peau_seche,sensibilite_peau,,,,,,,,,eczema
douleurs_musculaires,fatigue,fievre,frissons,mal_gorge,maux_de_tete,nez_qui_coule,,,,,,,,,grippe
confusion,faiblesse_bras,paralysie_faciale,perte_equilibre,trouble_parole,vertiges,,,,,,,,,,avc
difficulte_a_avaler,fatigue,ganglions_gonfles,mal_gorge,nausees,toux,,,,,,,,,,angine
demangeaisons,inflammation,ongles_epaissis,peau_ecailleuse,plaques_peau,,,,,,,,,,,psoriasis
cicatrisation_lente,faim_excessive,fatigue,fourmillements,perte_de_poids,soif_excessive,urines_frequentes,,,,,,,,,diabete_type2
bradycardie,cheveux_cassants,constipation,fatigue,frilosite,prise_de_poids,,,,,,,,,,hypothyroidie
difficulte_a_avaler,fievre,ganglions_gonfles,maux_de_tete,nausees,toux,,,,,,,,,,angine
douleurs_musculaires,fatigue,fievre,mal_gorge,maux_de_tete,perte_odorat,toux_seche,,,,,,,,,covid19
douleur_thoracique,essoufflement,expectorations,fatigue,toux,,,,,,,,,,,bronchite
crampes,diarrhee,douleurs_abdominales,nausees,perte_appetit,,,,,,,,,,,gastroenterite
douleurs_musculaires,fatigue,fievre,frissons,mal_gorge,maux_de_tete,perte_appetit,toux,,,,,,,,grippe
cheveux_cassants,depression,fatigue,frilosite,peau_seche,prise_de_poids,,,,,,,,,,hypothyroidie
brulures_estomac,douleurs_abdominales,nausees,perte_de_poids,sang_dans_selles,vomissements,,,,,,,,,,ulcere_gastrique
exophtalmie,fatigue,nervosité,palpitations,perte_de_poids,tremblements,,,,,,,,,,hyperthyroidie
difficulte_a_avaler,fievre,ganglions_gonfles,mal_gorge,nausees,toux,,,,,,,,,,angine
eternuements,maux_de_tete,nez_qui_coule,obstruction_nasale,yeux_qui_piquent,,,,,,,,,,,rhinite_allergique
aura,confusion_post_crise,convulsions,morsure_langue,perte_conscience,,,,,,,,,,,epilepsie
douleur_thoracique,fatigue,fievre,hemoptysie,perte_appetit,perte_de_poids,sueurs_nocturnes,toux_chronique,,,,,,,,tuberculose
diarrhee,douleurs_musculaires,essoufflement,fatigue,fievre,mal_gorge,perte_odorat,,,,,,,,,covid19
alternance_diarrhee_constipation,ballonnements,douleurs_abdominales,gaz,nausees,,,,,,,,,,,syndrome_colon_irritable
anxiete,douleur_bras_gauche,douleur_thoracique,fatigue_extreme,sueurs_froides,vertiges,,,,,,,,,,infarctus
croutes,demangeaisons,eruption_cutanee,inflammation,peau_rouge,peau_seche,,,,,,,,,,eczema
anxiete,essoufflement,fatigue,palpitations,syncope,vertiges,,,,,,,,,,arythmie
cicatrisation_lente,faim_excessive,fatigue,fourmillements,perte_de_poids,urines_frequentes,vision_trouble,,,,,,,,,diabete_type2
bourdonnements_oreilles,epistaxis,fatigue,maux_de_tete,palpitations,vertiges,,,,,,,,,,hypertension
essoufflement,fatigue,oedemes_jambes,palpitations,prise_de_poids,,,,,,,,,,,insuffisance_cardiaque
maux_de_tete_intense,nausees,sensibilite_bruit,sensibilite_lumiere,vertiges,vomissements,,,,,,,,,,migraine
anxiete,difficulte_a_parler,essoufflement,oppression_thoracique,sifflement_respiratoire,toux_seche,,,,,,,,,,asthme
abdomen_gonflé,essoufflement,fatigue,oedemes_jambes,palpitations,prise_de_poids,toux_nocturne,vertiges,,,,,,,,insuffisance_cardiaque
diarrhee,douleurs_abdominales,fatigue,fievre,nausees,vomissements,,,,,,,,,,gastroenterite
douleurs_articulaires,inflammation,ongles_epaissis,peau_ecailleuse,plaques_peau,sensibilite_peau,,,,,,,,,,psoriasis
confusion,eruption_cutanee,maux_de_tete_intense,nausees,photophobie,raideur_nuque,vomissements,,,,,,,,,meningite
difficulte_a_parler,essoufflement,fatigue,oppression_thoracique,sifflement_respiratoire,toux_seche,,,,,,,,,,asthme
confusion,maux_de_tete_soudain,paralysie_faciale,perte_equilibre,trouble_parole,trouble_vision,vertiges,,,,,,,,,avc
confusion,faiblesse_bras,maux_de_tete_soudain,paralysie_faciale,perte_equilibre,trouble_parole,trouble_vision,,,,,,,,,avc
aura,confusion_post_crise,fatigue_post_crise,incontinence,morsure_langue,perte_conscience,,,,,,,,,,epilepsie
brulures_estomac,douleurs_abdominales,faim_douloureuse,nausees,vomissements,,,,,,,,,,,ulcere_gastrique
chaleur_articulaire,fievre,gonflement_articulations,perte_appetit,raideur_matinale,,,,,,,,,,,arthrite
douleur_thoracique,fatigue,fievre,perte_appetit,perte_de_poids,sueurs_nocturnes,,,,,,,,,,tuberculose
chaleur_articulaire,douleurs_articulaires,gonflement_articulations,limitation_mouvement,perte_appetit,raideur_matinale,,,,,,,,,,arthrite
abdomen_gonflé,essoufflement,fatigue,oedemes_jambes,palpitations,prise_de_poids,toux_nocturne,vertiges,,,,,,,,insuffisance_cardiaque
croutes,demangeaisons,eruption_cutanee,inflammation,peau_qui_suinte,peau_rouge,,,,,,,,,,eczema
bourdonnements_oreilles,epistaxis,essoufflement,vertiges,vision_trouble,,,,,,,,,,,hypertension
chaleur_articulaire,douleurs_articulaires,fatigue,gonflement_articulations,limitation_mouvement,perte_appetit,raideur_matinale,,,,,,,,,arthrite
anemie,fievre_cyclique,frissons,maux_de_tete,nausees,sueurs,vomissements,,,,,,,,,paludisme
douleur_abdominale_droite,douleur_au_mouvement,fievre,nausees,vomissements,,,,,,,,,,,appendicite
confusion,eruption_cutanee,maux_de_tete_intense,nausees,photophobie,raideur_nuque,vomissements,,,,,,,,,meningite
douleur_abdominale_droite,fatigue,jaunisse,perte_appetit,selles_decolorees,urine_foncee,vomissements,,,,,,,,,hepatite
douleur_thoracique,fatigue,hemoptysie,perte_appetit,perte_de_poids,sueurs_nocturnes,toux_chronique,,,,,,,,,tuberculose
exophtalmie,insomnie,nervosité,palpitations,perte_de_poids,sudation_excessive,,,,,,,,,,hyperthyroidie
anxiete,douleur_bras_gauche,douleur_thoracique,essoufflement,fatigue_extreme,nausees,vertiges,,,,,,,,,infarctus
bourdonnements_oreilles,epistaxis,essoufflement,fatigue,maux_de_tete,,,,,,,,,,,hypertension
demangeaisons,eruption_cutanee,peau_qui_suinte,peau_seche,sensibilite_peau,,,,,,,,,,,eczema
confusion,faiblesse_bras,maux_de_tete_soudain,paralysie_faciale,perte_equilibre,trouble_vision,,,,,,,,,,avc
anxiete,difficulte_a_parler,essoufflement,oppression_thoracique,sifflement_respiratoire,toux_seche,,,,,,,,,,asthme
demangeaisons,douleurs_articulaires,inflammation,ongles_epaissis,peau_ecailleuse,plaques_peau,sensibilite_peau,,,,,,,,,psoriasis
diarrhee,essoufflement,fatigue,fievre,toux_seche,,,,,,,,,,,covid19
crampes,diarrhee,douleurs_abdominales,vomissements,,,,,,,,,,,,gastroenterite
douleurs_musculaires,fatigue,mal_gorge,maux_de_tete,nez_qui_coule,perte_appetit,toux,,,,,,,,,grippe
anxiete,fatigue,palpitations,vertiges,,,,,,,,,,,,arythmie
diarrhee,fatigue,insomnie,nervosité,palpitations,perte_de_poids,sudation_excessive,,,,,,,,,hyperthyroidie
diarrhee,douleurs_abdominales,fatigue,vomissements,,,,,,,,,,,,gastroenterite
fatigue,fievre_cyclique,frissons,maux_de_tete,nausees,sueurs,vomissements,,,,,,,,,paludisme
chaleur_articulaire,douleurs_articulaires,fatigue,fievre,gonflement_articulations,perte_appetit,raideur_matinale,,,,,,,,,arthrite
alternance_diarrhee_constipation,ballonnements,douleurs_abdominales,gaz,nausees,,,,,,,,,,,syndrome_colon_irritable
aura,confusion_post_crise,convulsions,fatigue_post_crise,incontinence,morsure_langue,perte_conscience,,,,,,,,,epilepsie
douleur_thoracique,essoufflement,expectorations,fatigue,toux,,,,,,,,,,,bronchite
eternuements,fatigue,maux_de_tete,nez_qui_coule,toux,yeux_qui_piquent,,,,,,,,,,rhinite_allergique
anxiete,douleur_bras_gauche,douleur_thoracique,essoufflement,fatigue_extreme,nausees,sueurs_froides,vertiges,,,,,,,,infarctus
brulures_estomac,douleurs_abdominales,faim_douloureuse,nausees,perte_de_poids,sang_dans_selles,vomissements,,,,,,,,,ulcere_gastrique
fatigue,nez_qui_coule,obstruction_nasale,yeux_qui_piquent,,,,,,,,,,,,rhinite_allergique
douleur_thoracique,essoufflement,expectorations,fatigue,fievre,sifflement_respiratoire,toux,,,,,,,,,bronchite
confusion,eruption_cutanee,maux_de_tete_intense,nausees,photophobie,raideur_nuque,vomissements,,,,,,,,,meningite
diarrhee,douleurs_abdominales,fievre,nausees,vomissements,,,,,,,,,,,gastroenterite
diarrhee,exophtalmie,fatigue,nervosité,perte_de_poids,sudation_excessive,tremblements,,,,,,,,,hyperthyroidie
douleurs_musculaires,fatigue,fievre,maux_de_tete,perte_appetit,toux,,,,,,,,,,grippe
aura_visuelle,maux_de_tete_intense,nausees,sensibilite_bruit,sensibilite_lumiere,,,,,,,,,,,migraine
crampes,diarrhee,douleurs_abdominales,fatigue,fievre,nausees,vomissements,,,,,,,,,gastroenterite
douleur_abdominale_droite,fatigue,fievre,jaunisse,perte_appetit,selles_decolorees,urine_foncee,vomissements,,,,,,,,hepatite
fatigue,fievre,hemoptysie,perte_appetit,sueurs_nocturnes,toux_chronique,,,,,,,,,,tuberculose
abdomen_gonflé,essoufflement,fatigue,oedemes_jambes,prise_de_poids,vertiges,,,,,,,,,,insuffisance_cardiaque
douleur_dos,douleur_position,fatigue,irradiation_jambe,limitation_mouvement,raideur_dos,spasmes_musculaires,,,,,,,,,lombalgie
alternance_diarrhee_constipation,ballonnements,crampes,douleurs_abdominales,fatigue,gaz,nausees,,,,,,,,,syndrome_colon_irritable
eternuements,fatigue,obstruction_nasale,toux,yeux_qui_piquent,,,,,,,,,,,rhinite_allergique
douleur_abdominale_droite,fatigue,fievre,jaunisse,nausees,perte_appetit,urine_foncee,vomissements,,,,,,,,hepatite
douleur_dos,douleur_position,fatigue,irradiation_jambe,limitation_mouvement,raideur_dos,spasmes_musculaires,,,,,,,,,lombalgie
crampes,diarrhee,douleurs_abdominales,fievre,nausees,vomissements,,,,,,,,,,gastroenterite
douleur_thoracique,fatigue,hemoptysie,perte_appetit,perte_de_poids,sueurs_nocturnes,toux_chronique,,,,,,,,,tuberculose
difficulte_a_avaler,fatigue,fievre,ganglions_gonfles,mal_gorge,maux_de_tete,,,,,,,,,,angine
aura,confusion_post_crise,convulsions,fatigue_post_crise,incontinence,perte_conscience,,,,,,,,,,epilepsie
anxiete,douleur_thoracique,essoufflement,fatigue_extreme,nausees,sueurs_froides,,,,,,,,,,infarctus
confusion,eruption_cutanee,fievre,maux_de_tete_intense,nausees,raideur_nuque,,,,,,,,,,meningite
alternance_diarrhee_constipation,ballonnements,crampes,douleurs_abdominales,nausees,,,,,,,,,,,syndrome_colon_irritable
alternance_diarrhee_constipation,ballonnements,crampes,douleurs_abdominales,fatigue,gaz,nausees,,,,,,,,,syndrome_colon_irritable
difficulte_a_avaler,ganglions_gonfles,mal_gorge,maux_de_tete,,,,,,,,,,,,angine
douleur_dos,douleur_position,fatigue,irradiation_jambe,limitation_mouvement,raideur_dos,spasmes_musculaires,,,,,,,,,lombalgie
faiblesse_bras,paralysie_faciale,perte_equilibre,trouble_parole,trouble_vision,,,,,,,,,,,avc
demangeaisons,douleurs_articulaires,inflammation,peau_ecailleuse,sensibilite_peau,,,,,,,,,,,psoriasis
anemie,douleurs_musculaires,fievre_cyclique,frissons,maux_de_tete,sueurs,vomissements,,,,,,,,,paludisme
fatigue,maux_de_tete_intense,nausees,sensibilite_bruit,sensibilite_lumiere,vertiges,,,,,,,,,,migraine
anemie,fievre_cyclique,frissons,maux_de_tete,sueurs,vomissements,,,,,,,,,,paludisme
bourdonnements_oreilles,essoufflement,maux_de_tete,vertiges,vision_trouble,,,,,,,,,,,hypertension
diarrhee,douleurs_abdominales,fievre,nausees,perte_appetit,vomissements,,,,,,,,,,gastroenterite
abdomen_gonflé,essoufflement,fatigue,oedemes_jambes,palpitations,prise_de_poids,toux_nocturne,,,,,,,,,insuffisance_cardiaque
demangeaisons,douleurs_articulaires,inflammation,ongles_epaissis,peau_ecailleuse,plaques_peau,sensibilite_peau,,,,,,,,,psoriasis
constipation,diarrhee,douleur_abdominale_droite,douleur_au_mouvement,fievre,nausees,,,,,,,,,,appendicite
crampes,diarrhee,douleurs_abdominales,fatigue,nausees,,,,,,,,,,,gastroenterite
confusion,maux_de_tete_intense,photophobie,raideur_nuque,vomissements,,,,,,,,,,,meningite
alternance_diarrhee_constipation,ballonnements,douleurs_abdominales,gaz,nausees,,,,,,,,,,,syndrome_colon_irritable
confusion,faiblesse_bras,maux_de_tete_soudain,paralysie_faciale,perte_equilibre,trouble_parole,trouble_vision,vertiges,,,,,,,,avc
douleur_position,fatigue,irradiation_jambe,limitation_mouvement,raideur_dos,spasmes_musculaires,,,,,,,,,,lombalgie
diarrhee,douleurs_musculaires,essoufflement,fatigue,fievre,maux_de_tete,toux_seche,,,,,,,,,covid19
douleurs_musculaires,fatigue,fievre_cyclique,frissons,maux_de_tete,sueurs,vomissements,,,,,,,,,paludisme
brulures_estomac,douleurs_abdominales,faim_douloureuse,nausees,perte_de_poids,sang_dans_selles,,,,,,,,,,ulcere_gastrique
douleur_thoracique,fatigue,fievre,hemoptysie,perte_de_poids,sueurs_nocturnes,toux_chronique,,,,,,,,,tuberculose
chaleur_articulaire,douleurs_articulaires,fatigue,gonflement_articulations,limitation_mouvement,perte_appetit,raideur_matinale,,,,,,,,,arthrite
demangeaisons,eternuements,maux_de_tete,nez_qui_coule,yeux_qui_piquent,,,,,,,,,,,rhinite_allergique
confusion,eruption_cutanee,fievre,maux_de_tete_intense,nausees,raideur_nuque,vomissements,,,,,,,,,meningite
douleur_thoracique,essoufflement,expectorations,sifflement_respiratoire,toux,,,,,,,,,,,bronchite
douleur_thoracique,essoufflement,fatigue,palpitations,vertiges,,,,,,,,,,,arythmie
chaleur_articulaire,douleurs_articulaires,fievre,gonflement_articulations,raideur_matinale,,,,,,,,,,,arthrite
douleur_dos,douleur_position,irradiation_jambe,limitation_mouvement,raideur_dos,,,,,,,,,,,lombalgie
confusion,faiblesse_bras,paralysie_faciale,trouble_parole,trouble_vision,vertiges,,,,,,,,,,avc
fatigue,fievre,jaunisse,urine_foncee,vomissements,,,,,,,,,,,hepatite
confusion,eruption_cutanee,fievre,maux_de_tete_intense,nausees,photophobie,raideur_nuque,vomissements,,,,,,,,meningite
difficulte_a_parler,oppression_thoracique,sifflement_respiratoire,toux_seche,,,,,,,,,,,,asthme
faiblesse_bras,maux_de_tete_soudain,paralysie_faciale,perte_equilibre,trouble_parole,trouble_vision,vertiges,,,,,,,,,avc
alternance_diarrhee_constipation,ballonnements,douleurs_abdominales,fatigue,gaz,nausees,,,,,,,,,,syndrome_colon_irritable
croutes,demangeaisons,eruption_cutanee,inflammation,peau_qui_suinte,peau_seche,,,,,,,,,,eczema
confusion,faiblesse_bras,maux_de_tete_soudain,perte_equilibre,trouble_parole,trouble_vision,vertiges,,,,,,,,,avc
maux_de_tete_intense,nausees,sensibilite_bruit,vomissements,,,,,,,,,,,,migraine
confusion,eruption_cutanee,maux_de_tete_intense,nausees,photophobie,raideur_nuque,vomissements,,,,,,,,,meningite
constipation,fatigue,frilosite,oedemes,peau_seche,prise_de_poids,,,,,,,,,,hypothyroidie
douleurs_musculaires,fatigue,fievre,mal_gorge,maux_de_tete,nez_qui_coule,toux,,,,,,,,,grippe
douleurs_articulaires,gonflement_articulations,limitation_mouvement,perte_appetit,raideur_matinale,,,,,,,,,,,arthrite
convulsions,fatigue_post_crise,incontinence,morsure_langue,perte_conscience,,,,,,,,,,,epilepsie
confusion,eruption_cutanee,fievre,photophobie,raideur_nuque,vomissements,,,,,,,,,,meningite
douleur_thoracique,essoufflement,palpitations,syncope,vertiges,,,,,,,,,,,arythmie
douleurs_articulaires,fievre,gonflement_articulations,raideur_matinale,,,,,,,,,,,,arthrite
crampes,douleurs_abdominales,nausees,vomissements,,,,,,,,,,,,gastroenterite
crampes,diarrhee,nausees,vomissements,,,,,,,,,,,,gastroenterite
diarrhee,douleurs_musculaires,essoufflement,fatigue,fievre,mal_gorge,perte_odorat,toux_seche,,,,,,,,covid19
bourdonnements_oreilles,epistaxis,fatigue,maux_de_tete,palpitations,vision_trouble,,,,,,,,,,hypertension
aura_visuelle,fatigue,maux_de_tete_intense,nausees,sensibilite_bruit,sensibilite_lumiere,,,,,,,,,,migraine
anxiete,essoufflement,fatigue,palpitations,vertiges,,,,,,,,,,,arythmie
alternance_diarrhee_constipation,ballonnements,douleurs_abdominales,gaz,nausees,,,,,,,,,,,syndrome_colon_irritable
douleur_thoracique,essoufflement,expectorations,maux_de_tete,toux,,,,,,,,,,,pneumonie
douleur_dos,irradiation_jambe,limitation_mouvement,raideur_dos,spasmes_musculaires,,,,,,,,,,,lombalgie
essoufflement,fatigue,palpitations,syncope,vertiges,,,,,,,,,,,arythmie
fatigue,fievre,hemoptysie,perte_appetit,perte_de_poids,sueurs_nocturnes,toux_chronique,,,,,,,,,tuberculose
douleur_abdominale_droite,douleur_au_mouvement,fievre,nausees,vomissements,,,,,,,,,,,appendicite
bourdonnements_oreilles,essoufflement,vertiges,vision_trouble,,,,,,,,,,,,hypertension
demangeaisons,douleurs_articulaires,inflammation,ongles_epaissis,peau_ecailleuse,plaques_peau,sensibilite_peau,,,,,,,,,psoriasis
demangeaisons,douleurs_articulaires,inflammation,ongles_epaissis,peau_ecailleuse,plaques_peau,sensibilite_peau,,,,,,,,,psoriasis
confusion_post_crise,convulsions,fatigue_post_crise,morsure_langue,perte_conscience,,,,,,,,,,,epilepsie
anxiete,douleur_thoracique,essoufflement,fatigue,palpitations,syncope,vertiges,,,,,,,,,arythmie
diarrhee,exophtalmie,nervosité,palpitations,perte_de_poids,sudation_excessive,,,,,,,,,,hyperthyroidie
fievre,ganglions_gonfles,mal_gorge,toux,,,,,,,,,,,,angine
anemie,fievre_cyclique,frissons,maux_de_tete,sueurs,vomissements,,,,,,,,,,paludisme
confusion,fievre,maux_de_tete_intense,nausees,photophobie,vomissements,,,,,,,,,,meningite
douleur_dos,douleur_position,fatigue,irradiation_jambe,raideur_dos,spasmes_musculaires,,,,,,,,,,lombalgie
exophtalmie,insomnie,nervosité,palpitations,perte_de_poids,,,,,,,,,,,hyperthyroidie
croutes,demangeaisons,eruption_cutanee,inflammation,peau_seche,sensibilite_peau,,,,,,,,,,eczema
exophtalmie,insomnie,nervosité,palpitations,perte_de_poids,sudation_excessive,tremblements,,,,,,,,,hyperthyroidie
anemie,douleurs_musculaires,frissons,maux_de_tete,sueurs,vomissements,,,,,,,,,,paludisme
douleurs_musculaires,fievre_cyclique,frissons,maux_de_tete,nausees,sueurs,vomissements,,,,,,,,,paludisme
confusion,eruption_cutanee,maux_de_tete_intense,nausees,photophobie,raideur_nuque,vomissements,,,,,,,,,meningite
fatigue,fievre,hemoptysie,sueurs_nocturnes,toux_chronique,,,,,,,,,,,tuberculose
essoufflement,fatigue,oppression_thoracique,sifflement_respiratoire,,,,,,,,,,,,asthme
douleur_bras_gauche,douleur_thoracique,essoufflement,fatigue_extreme,nausees,sueurs_froides,,,,,,,,,,infarctus
fatigue,jaunisse,nausees,perte_appetit,selles_decolorees,urine_foncee,vomissements,,,,,,,,,hepatite
crampes,diarrhee,douleurs_abdominales,fatigue,fievre,nausees,vomissements,,,,,,,,,gastroenterite
diarrhee,fatigue,fievre,mal_gorge,perte_odorat,toux_seche,,,,,,,,,,covid19
diarrhee,essoufflement,fatigue,fievre,maux_de_tete,toux_seche,,,,,,,,,,covid19
alternance_diarrhee_constipation,ballonnements,crampes,douleurs_abdominales,fatigue,gaz,nausees,,,,,,,,,syndrome_colon_irritable
douleur_thoracique,fatigue,fievre,hemoptysie,perte_appetit,perte_de_poids,sueurs_nocturnes,toux_chronique,,,,,,,,tuberculose
confusion,eruption_cutanee,fievre,maux_de_tete_intense,nausees,photophobie,raideur_nuque,vomissements,,,,,,,,meningite
douleurs_musculaires,fatigue,frissons,mal_gorge,maux_de_tete,perte_appetit,,,,,,,,,,grippe
bradycardie,cheveux_cassants,constipation,fatigue,frilosite,oedemes,,,,,,,,,,hypothyroidie
confusion,eruption_cutanee,fievre,maux_de_tete_intense,raideur_nuque,vomissements,,,,,,,,,,meningite
diarrhee,douleur_abdominale_droite,douleur_au_mouvement,fievre,perte_appetit,vomissements,,,,,,,,,,appendicite
douleur_thoracique,essoufflement,fievre,frissons,toux,,,,,,,,,,,pneumonie
anxiete,difficulte_a_parler,essoufflement,fatigue,oppression_thoracique,sifflement_respiratoire,toux_seche,,,,,,,,,asthme
confusion,faiblesse_bras,maux_de_tete_soudain,perte_equilibre,trouble_parole,trouble_vision,vertiges,,,,,,,,,avc
douleur_abdominale_droite,fievre,jaunisse,selles_decolorees,urine_foncee,,,,,,,,,,,hepatite
aura,confusion_post_crise,convulsions,incontinence,,,,,,,,,,,,epilepsie
difficulte_a_avaler,fievre,ganglions_gonfles,mal_gorge,maux_de_tete,,,,,,,,,,,angine
douleur_thoracique,essoufflement,expectorations,fatigue,fievre,frissons,maux_de_tete,toux,,,,,,,,pneumonie
difficulte_a_avaler,fatigue,fievre,ganglions_gonfles,mal_gorge,maux_de_tete,nausees,,,,,,,,,angine
cicatrisation_lente,fatigue,fourmillements,perte_de_poids,soif_excessive,urines_frequentes,,,,,,,,,,diabete_type2
croutes,demangeaisons,eruption_cutanee,peau_qui_suinte,peau_rouge,peau_seche,sensibilite_peau,,,,,,,,,eczema
cicatrisation_lente,faim_excessive,fatigue,fourmillements,soif_excessive,vision_trouble,,,,,,,,,,diabete_type2
douleur_dos,douleur_position,fatigue,irradiation_jambe,limitation_mouvement,raideur_dos,spasmes_musculaires,,,,,,,,,lombalgie
douleur_thoracique,fatigue,fievre,perte_appetit,perte_de_poids,toux_chronique,,,,,,,,,,tuberculose
douleur_thoracique,fatigue,fievre,hemoptysie,perte_appetit,perte_de_poids,sueurs_nocturnes,toux_chronique,,,,,,,,tuberculose
fatigue,fievre,ganglions_gonfles,mal_gorge,toux,,,,,,,,,,,angine
douleur_thoracique,essoufflement,expectorations,sifflement_respiratoire,toux,,,,,,,,,,,bronchite
anemie,fatigue,frissons,maux_de_tete,nausees,sueurs,,,,,,,,,,paludisme
diarrhee,douleur_abdominale_droite,fievre,nausees,vomissements,,,,,,,,,,,appendicite
essoufflement,fatigue,oppression_thoracique,sifflement_respiratoire,toux_seche,,,,,,,,,,,asthme
alternance_diarrhee_constipation,ballonnements,douleurs_abdominales,fatigue,gaz,,,,,,,,,,,syndrome_colon_irritable
aura_visuelle,maux_de_tete_intense,sensibilite_bruit,sensibilite_lumiere,vertiges,vomissements,,,,,,,,,,migraine
bourdonnements_oreilles,epistaxis,essoufflement,fatigue,maux_de_tete,vertiges,,,,,,,,,,hypertension
douleurs_musculaires,fatigue,fievre,nez_qui_coule,perte_appetit,,,,,,,,,,,grippe
confusion,faiblesse_bras,maux_de_tete_soudain,paralysie_faciale,perte_equilibre,trouble_vision,vertiges,,,,,,,,,avc
confusion,eruption_cutanee,fievre,maux_de_tete_intense,nausees,raideur_nuque,,,,,,,,,,meningite
douleurs_musculaires,fatigue,fievre_cyclique,frissons,maux_de_tete,nausees,sueurs,,,,,,,,,paludisme
confusion_post_crise,convulsions,fatigue_post_crise,incontinence,perte_conscience,,,,,,,,,,,epilepsie
douleur_dos,douleur_position,fatigue,irradiation_jambe,limitation_mouvement,raideur_dos,spasmes_musculaires,,,,,,,,,lombalgie
douleur_abdominale_droite,douleur_au_mouvement,fievre,nausees,vomissements,,,,,,,,,,,appendicite
douleur_thoracique,fatigue,fievre,perte_appetit,perte_de_poids,sueurs_nocturnes,toux_chronique,,,,,,,,,tuberculose
aura_visuelle,maux_de_tete_intense,nausees,sensibilite_bruit,sensibilite_lumiere,vertiges,vomissements,,,,,,,,,migraine
abdomen_gonflé,essoufflement,oedemes_jambes,toux_nocturne,vertiges,,,,,,,,,,,insuffisance_cardiaque
bourdonnements_oreilles,epistaxis,maux_de_tete,palpitations,vision_trouble,,,,,,,,,,,hypertension
demangeaisons,inflammation,peau_ecailleuse,sensibilite_peau,,,,,,,,,,,,psoriasis
douleurs_articulaires,inflammation,ongles_epaissis,peau_ecailleuse,plaques_peau,sensibilite_peau,,,,,,,,,,psoriasis
difficulte_a_avaler,fievre,ganglions_gonfles,maux_de_tete,nausees,toux,,,,,,,,,,angine
diarrhee,essoufflement,fatigue,maux_de_tete,perte_odorat,toux_seche,,,,,,,,,,covid19
alternance_diarrhee_constipation,ballonnements,crampes,douleurs_abdominales,fatigue,gaz,nausees,,,,,,,,,syndrome_colon_irritable
douleurs_musculaires,fatigue,maux_de_tete,perte_appetit,toux,,,,,,,,,,,grippe
aura_visuelle,fatigue,maux_de_tete_intense,nausees,sensibilite_bruit,,,,,,,,,,,migraine
douleurs_musculaires,fatigue,fievre,frissons,maux_de_tete,nez_qui_coule,toux,,,,,,,,,grippe
confusion,eruption_cutanee,fievre,maux_de_tete_intense,nausees,photophobie,raideur_nuque,vomissements,,,,,,,,meningite
confusion,eruption_cutanee,fievre,maux_de_tete_intense,photophobie,vomissements,,,,,,,,,,meningite
anxiete,difficulte_a_parler,essoufflement,fatigue,oppression_thoracique,sifflement_respiratoire,toux_seche,,,,,,,,,asthme
alternance_diarrhee_constipation,ballonnements,crampes,douleurs_abdominales,fatigue,,,,,,,,,,,syndrome_colon_irritable
douleur_thoracique,expectorations,fievre,frissons,maux_de_tete,toux,,,,,,,,,,pneumonie
douleur_thoracique,essoufflement,expectorations,fatigue,toux,,,,,,,,,,,bronchite
cicatrisation_lente,fatigue,perte_de_poids,soif_excessive,urines_frequentes,vision_trouble,,,,,,,,,,diabete_type2
exophtalmie,fatigue,insomnie,nervosité,palpitations,sudation_excessive,tremblements,,,,,,,,,hyperthyroidie
bradycardie,cheveux_cassants,constipation,fatigue,frilosite,prise_de_poids,,,,,,,,,,hypothyroidie
alternance_diarrhee_constipation,ballonnements,crampes,douleurs_abdominales,fatigue,gaz,nausees,,,,,,,,,syndrome_colon_irritable
douleur_dos,fatigue,irradiation_jambe,limitation_mouvement,spasmes_musculaires,,,,,,,,,,,lombalgie
anxiete,douleur_thoracique,essoufflement,fatigue_extreme,nausees,sueurs_froides,vertiges,,,,,,,,,infarctus
douleurs_musculaires,fatigue,fievre,mal_gorge,maux_de_tete,nez_qui_coule,,,,,,,,,,grippe
croutes,demangeaisons,eruption_cutanee,peau_qui_suinte,peau_rouge,sensibilite_peau,,,,,,,,,,eczema
douleur_thoracique,essoufflement,expectorations,fievre,frissons,maux_de_tete,sueurs_nocturnes,,,,,,,,,pneumonie
alternance_diarrhee_constipation,ballonnements,crampes,douleurs_abdominales,fatigue,,,,,,,,,,,syndrome_colon_irritable
brulures_estomac,douleurs_abdominales,faim_douloureuse,nausees,sang_dans_selles,vomissements,,,,,,,,,,ulcere_gastrique
cheveux_cassants,constipation,frilosite,oedemes,prise_de_poids,,,,,,,,,,,hypothyroidie
demangeaisons,eruption_cutanee,inflammation,peau_rouge,peau_seche,,,,,,,,,,,eczema
douleurs_musculaires,essoufflement,fievre,mal_gorge,maux_de_tete,perte_odorat,toux_seche,,,,,,,,,covid19
douleur_thoracique,essoufflement,expectorations,fievre,sifflement_respiratoire,toux,,,,,,,,,,bronchite
abdomen_gonflé,essoufflement,oedemes_jambes,palpitations,prise_de_poids,toux_nocturne,vertiges,,,,,,,,,insuffisance_cardiaque
douleur_thoracique,essoufflement,fatigue,fievre,maux_de_tete,toux,,,,,,,,,,pneumonie
douleur_thoracique,essoufflement,palpitations,syncope,vertiges,,,,,,,,,,,arythmie
demangeaisons,douleurs_articulaires,ongles_epaissis,peau_ecailleuse,plaques_peau,sensibilite_peau,,,,,,,,,,psoriasis
douleurs_articulaires,fatigue,fievre,gonflement_articulations,limitation_mouvement,raideur_matinale,,,,,,,,,,arthrite
essoufflement,expectorations,fatigue,fievre,maux_de_tete,toux,,,,,,,,,,pneumonie
confusion,eruption_cutanee,fievre,maux_de_tete_intense,raideur_nuque,vomissements,,,,,,,,,,meningite
douleurs_musculaires,fatigue,fievre,frissons,mal_gorge,maux_de_tete,,,,,,,,,,grippe
douleurs_articulaires,fatigue,fievre,gonflement_articulations,perte_appetit,raideur_matinale,,,,,,,,,,arthrite
brulures_estomac,douleurs_abdominales,faim_douloureuse,nausees,perte_de_poids,sang_dans_selles,vomissements,,,,,,,,,ulcere_gastrique
chaleur_articulaire,douleurs_articulaires,fievre,gonflement_articulations,limitation_mouvement,raideur_matinale,,,,,,,,,,arthrite
cheveux_cassants,constipation,fatigue,frilosite,oedemes,peau_seche,prise_de_poids,,,,,,,,,hypothyroidie
demangeaisons,eruption_cutanee,peau_rouge,peau_seche,sensibilite_peau,,,,,,,,,,,eczema
bourdonnements_oreilles,epistaxis,essoufflement,fatigue,maux_de_tete,vertiges,,,,,,,,,,hypertension
douleur_thoracique,hemoptysie,perte_appetit,perte_de_poids,sueurs_nocturnes,toux_chronique,,,,,,,,,,tuberculose
douleur_thoracique,fatigue,fievre,hemoptysie,perte_appetit,sueurs_nocturnes,toux_chronique,,,,,,,,,tuberculose
confusion,faiblesse_bras,maux_de_tete_soudain,paralysie_faciale,perte_equilibre,trouble_parole,trouble_vision,vertiges,,,,,,,,avc
diarrhee,essoufflement,fatigue,fievre,maux_de_tete,perte_odorat,toux_seche,,,,,,,,,covid19
demangeaisons,douleurs_articulaires,inflammation,ongles_epaissis,peau_ecailleuse,plaques_peau,sensibilite_peau,,,,,,,,,psoriasis
douleur_thoracique,fievre,perte_appetit,perte_de_poids,sueurs_nocturnes,toux_chronique,,,,,,,,,,tuberculose
aura,confusion_post_crise,fatigue_post_crise,incontinence,morsure_langue,perte_conscience,,,,,,,,,,epilepsie
bourdonnements_oreilles,essoufflement,fatigue,maux_de_tete,palpitations,vertiges,,,,,,,,,,hypertension
difficulte_a_avaler,ganglions_gonfles,mal_gorge,toux,,,,,,,,,,,,angine
douleurs_musculaires,essoufflement,fatigue,fievre,maux_de_tete,perte_odorat,toux_seche,,,,,,,,,covid19
anemie,douleurs_musculaires,fatigue,fievre_cyclique,frissons,maux_de_tete,,,,,,,,,,paludisme
cicatrisation_lente,faim_excessive,fourmillements,perte_de_poids,soif_excessive,urines_frequentes,vision_trouble,,,,,,,,,diabete_type2
douleur_thoracique,fievre,hemoptysie,perte_de_poids,sueurs_nocturnes,toux_chronique,,,,,,,,,,tuberculose
crampes,diarrhee,douleurs_abdominales,fatigue,nausees,perte_appetit,vomissements,,,,,,,,,gastroenterite
douleur_dos,fatigue,irradiation_jambe,limitation_mouvement,spasmes_musculaires,,,,,,,,,,,lombalgie
douleur_thoracique,essoufflement,expectorations,sifflement_respiratoire,toux,,,,,,,,,,,bronchite
confusion,faiblesse_bras,maux_de_tete_soudain,paralysie_faciale,trouble_vision,vertiges,,,,,,,,,,avc
croutes,demangeaisons,eruption_cutanee,inflammation,peau_rouge,sensibilite_peau,,,,,,,,,,eczema
fievre,hemoptysie,perte_appetit,perte_de_poids,sueurs_nocturnes,toux_chronique,,,,,,,,,,tuberculose
aura,confusion_post_crise,fatigue_post_crise,morsure_langue,perte_conscience,,,,,,,,,,,epilepsie
abdomen_gonflé,essoufflement,fatigue,oedemes_jambes,palpitations,prise_de_poids,vertiges,,,,,,,,,insuffisance_cardiaque
douleur_thoracique,fatigue,fievre,perte_appetit,perte_de_poids,sueurs_nocturnes,toux_chronique,,,,,,,,,tuberculose
constipation,diarrhee,douleur_abdominale_droite,douleur_au_mouvement,fievre,nausees,vomissements,,,,,,,,,appendicite
bourdonnements_oreilles,epistaxis,essoufflement,fatigue,maux_de_tete,vertiges,vision_trouble,,,,,,,,,hypertension
demangeaisons,eruption_cutanee,inflammation,peau_qui_suinte,peau_rouge,peau_seche,sensibilite_peau,,,,,,,,,eczema
douleur_thoracique,essoufflement,expectorations,fatigue,sueurs_nocturnes,toux,,,,,,,,,,pneumonie
anxiete,difficulte_a_parler,essoufflement,oppression_thoracique,sifflement_respiratoire,,,,,,,,,,,asthme
exophtalmie,fatigue,insomnie,palpitations,perte_de_poids,sudation_excessive,tremblements,,,,,,,,,hyperthyroidie
douleur_abdominale_droite,fatigue,jaunisse,perte_appetit,selles_decolorees,urine_foncee,,,,,,,,,,hepatite
brulures_estomac,douleurs_abdominales,faim_douloureuse,nausees,perte_de_poids,sang_dans_selles,vomissements,,,,,,,,,ulcere_gastrique
cicatrisation_lente,faim_excessive,fatigue,fourmillements,perte_de_poids,urines_frequentes,vision_trouble,,,,,,,,,diabete_type2
douleur_thoracique,essoufflement,expectorations,fatigue,fievre,sifflement_respiratoire,toux,,,,,,,,,bronchite
fatigue,fievre,hemoptysie,perte_appetit,perte_de_poids,sueurs_nocturnes,toux_chronique,,,,,,,,,tuberculose
anxiete,douleur_thoracique,fatigue,palpitations,syncope,vertiges,,,,,,,,,,arythmie
anxiete,douleur_thoracique,essoufflement,fatigue,palpitations,syncope,vertiges,,,,,,,,,arythmie
crampes,diarrhee,douleurs_abdominales,fatigue,perte_appetit,vomissements,,,,,,,,,,gastroenterite
douleur_thoracique,essoufflement,fatigue,syncope,vertiges,,,,,,,,,,,arythmie
douleurs_articulaires,fievre,gonflement_articulations,raideur_matinale,,,,,,,,,,,,arthrite
confusion,eruption_cutanee,fievre,nausees,photophobie,raideur_nuque,vomissements,,,,,,,,,meningite
anxiete,difficulte_a_parler,essoufflement,oppression_thoracique,sifflement_respiratoire,toux_seche,,,,,,,,,,asthme
crampes,diarrhee,douleurs_abdominales,fievre,nausees,vomissements,,,,,,,,,,gastroenterite
douleur_thoracique,fatigue,fievre,hemoptysie,perte_appetit,perte_de_poids,sueurs_nocturnes,toux_chronique,,,,,,,,tuberculose
demangeaisons,inflammation,ongles_epaissis,peau_ecailleuse,plaques_peau,,,,,,,,,,,psoriasis
aura_visuelle,fatigue,maux_de_tete_intense,nausees,sensibilite_bruit,sensibilite_lumiere,vertiges,,,,,,,,,migraine
cicatrisation_lente,faim_excessive,fatigue,fourmillements,perte_de_poids,soif_excessive,urines_frequentes,vision_trouble,,,,,,,,diabete_type2
cicatrisation_lente,faim_excessive,fourmillements,perte_de_poids,soif_excessive,urines_frequentes,vision_trouble,,,,,,,,,diabete_type2
anxiete,douleur_thoracique,fatigue,palpitations,syncope,vertiges,,,,,,,,,,arythmie
douleur_thoracique,fatigue,fievre,hemoptysie,perte_appetit,perte_de_poids,sueurs_nocturnes,toux_chronique,,,,,,,,tuberculose
douleur_thoracique,fatigue,fievre,hemoptysie,perte_appetit,perte_de_poids,toux_chronique,,,,,,,,,tuberculose
difficulte_a_avaler,fatigue,fievre,ganglions_gonfles,mal_gorge,nausees,toux,,,,,,,,,angine
diarrhee,douleurs_abdominales,fatigue,nausees,vomissements,,,,,,,,,,,gastroenterite
douleur_thoracique,fievre,hemoptysie,perte_appetit,perte_de_poids,toux_chronique,,,,,,,,,,tuberculose
confusion,eruption_cutanee,fievre,nausees,photophobie,raideur_nuque,vomissements,,,,,,,,,meningite
cicatrisation_lente,fatigue,perte_de_poids,soif_excessive,urines_frequentes,,,,,,,,,,,diabete_type2
douleur_thoracique,essoufflement,expectorations,fatigue,fievre,maux_de_tete,toux,,,,,,,,,pneumonie
difficulte_a_avaler,fatigue,fievre,ganglions_gonfles,mal_gorge,nausees,toux,,,,,,,,,angine
abdomen_gonflé,essoufflement,fatigue,oedemes_jambes,palpitations,prise_de_poids,toux_nocturne,,,,,,,,,insuffisance_cardiaque
douleur_thoracique,essoufflement,fatigue,vertiges,,,,,,,,,,,,arythmie
eternuements,maux_de_tete,obstruction_nasale,toux,yeux_qui_piquent,,,,,,,,,,,rhinite_allergique
fatigue,maux_de_tete_intense,nausees,sensibilite_bruit,vertiges,vomissements,,,,,,,,,,migraine
douleur_thoracique,essoufflement,expectorations,fievre,frissons,sueurs_nocturnes,toux,,,,,,,,,pneumonie
cheveux_cassants,fatigue,frilosite,oedemes,peau_seche,prise_de_poids,,,,,,,,,,hypothyroidie
cheveux_cassants,depression,fatigue,frilosite,oedemes,prise_de_poids,,,,,,,,,,hypothyroidie
anxiete,douleur_thoracique,essoufflement,fatigue_extreme,nausees,sueurs_froides,vertiges,,,,,,,,,infarctus
fatigue,maux_de_tete_intense,nausees,sensibilite_bruit,sensibilite_lumiere,,,,,,,,,,,migraine
douleur_thoracique,essoufflement,expectorations,fatigue,fievre,sifflement_respiratoire,toux,,,,,,,,,bronchite
crampes,douleurs_abdominales,nausees,perte_appetit,vomissements,,,,,,,,,,,gastroenterite
bourdonnements_oreilles,epistaxis,essoufflement,fatigue,maux_de_tete,palpitations,vertiges,,,,,,,,,hypertension
douleur_abdominale_droite,fatigue,fievre,jaunisse,nausees,selles_decolorees,urine_foncee,vomissements,,,,,,,,hepatite
anxiete,douleur_thoracique,fatigue,palpitations,syncope,vertiges,,,,,,,,,,arythmie
douleur_thoracique,fatigue,fievre,hemoptysie,perte_appetit,perte_de_poids,sueurs_nocturnes,toux_chronique,,,,,,,,tuberculose
demangeaisons,nez_qui_coule,obstruction_nasale,yeux_qui_piquent,,,,,,,,,,,,rhinite_allergique
brulures_estomac,douleurs_abdominales,faim_douloureuse,nausees,perte_de_poids,sang_dans_selles,vomissements,,,,,,,,,ulcere_gastrique
douleur_thoracique,fievre,hemoptysie,perte_appetit,perte_de_poids,sueurs_nocturnes,,,,,,,,,,tuberculose
constipation,depression,frilosite,oedemes,peau_seche,prise_de_poids,,,,,,,,,,hypothyroidie
bourdonnements_oreilles,essoufflement,fatigue,maux_de_tete,palpitations,vertiges,,,,,,,,,,hypertension
difficulte_a_avaler,fievre,ganglions_gonfles,nausees,toux,,,,,,,,,,,angine
alternance_diarrhee_constipation,ballonnements,douleurs_abdominales,fatigue,nausees,,,,,,,,,,,syndrome_colon_irritable
douleurs_musculaires,fatigue,fievre,mal_gorge,maux_de_tete,nez_qui_coule,perte_appetit,toux,,,,,,,,grippe
anxiete,essoufflement,fatigue,palpitations,vertiges,,,,,,,,,,,arythmie
confusion,paralysie_faciale,perte_equilibre,trouble_parole,vertiges,,,,,,,,,,,avc
anxiete,douleur_bras_gauche,douleur_thoracique,essoufflement,fatigue_extreme,nausees,sueurs_froides,vertiges,,,,,,,,infarctus
anxiete,douleur_thoracique,essoufflement,fatigue_extreme,nausees,sueurs_froides,,,,,,,,,,infarctus
anxiete,douleur_bras_gauche,douleur_thoracique,nausees,sueurs_froides,vertiges,,,,,,,,,,infarctus
faim_excessive,fatigue,fourmillements,soif_excessive,urines_frequentes,vision_trouble,,,,,,,,,,diabete_type2
abdomen_gonflé,essoufflement,fatigue,oedemes_jambes,palpitations,prise_de_poids,toux_nocturne,vertiges,,,,,,,,insuffisance_cardiaque
anxiete,douleur_thoracique,essoufflement,fatigue,syncope,vertiges,,,,,,,,,,arythmie
essoufflement,expectorations,fievre,sifflement_respiratoire,toux,,,,,,,,,,,bronchite
demangeaisons,eternuements,nez_qui_coule,obstruction_nasale,toux,yeux_qui_piquent,,,,,,,,,,rhinite_allergique
faim_excessive,fatigue,fourmillements,perte_de_poids,urines_frequentes,vision_trouble,,,,,,,,,,diabete_type2
demangeaisons,eruption_cutanee,inflammation,peau_rouge,peau_seche,,,,,,,,,,,eczema
confusion,faiblesse_bras,maux_de_tete_soudain,paralysie_faciale,perte_equilibre,trouble_parole,trouble_vision,,,,,,,,,avc
diarrhee,douleurs_musculaires,fatigue,fievre,mal_gorge,perte_odorat,,,,,,,,,,covid19
douleur_thoracique,essoufflement,expectorations,fievre,frissons,toux,,,,,,,,,,pneumonie
douleur_dos,fatigue,limitation_mouvement,raideur_dos,spasmes_musculaires,,,,,,,,,,,lombalgie
anxiete,douleur_thoracique,essoufflement,nausees,sueurs_froides,vertiges,,,,,,,,,,infarctus
difficulte_a_parler,essoufflement,oppression_thoracique,sifflement_respiratoire,toux_seche,,,,,,,,,,,asthme
brulures_estomac,douleurs_abdominales,faim_douloureuse,nausees,perte_de_poids,sang_dans_selles,vomissements,,,,,,,,,ulcere_gastrique
croutes,demangeaisons,peau_rouge,peau_seche,,,,,,,,,,,,eczema
diarrhee,douleur_au_mouvement,fievre,nausees,vomissements,,,,,,,,,,,appendicite
anxiete,douleur_bras_gauche,douleur_thoracique,essoufflement,fatigue_extreme,nausees,sueurs_froides,vertiges,,,,,,,,infarctus
anxiete,essoufflement,fatigue,sifflement_respiratoire,toux_seche,,,,,,,,,,,asthme
douleur_thoracique,essoufflement,expectorations,fatigue,fievre,sifflement_respiratoire,toux,,,,,,,,,bronchite
bradycardie,cheveux_cassants,constipation,depression,fatigue,frilosite,oedemes,,,,,,,,,hypothyroidie
croutes,demangeaisons,eruption_cutanee,peau_qui_suinte,peau_rouge,peau_seche,sensibilite_peau,,,,,,,,,eczema
abdomen_gonflé,essoufflement,fatigue,prise_de_poids,toux_nocturne,vertiges,,,,,,,,,,insuffisance_cardiaque
bourdonnements_oreilles,epistaxis,essoufflement,fatigue,maux_de_tete,palpitations,vertiges,,,,,,,,,hypertension
anxiete,essoufflement,oppression_thoracique,sifflement_respiratoire,toux_seche,,,,,,,,,,,asthme
douleurs_musculaires,fatigue,fievre,frissons,maux_de_tete,perte_appetit,,,,,,,,,,grippe
brulures_estomac,douleurs_abdominales,faim_douloureuse,nausees,perte_de_poids,sang_dans_selles,vomissements,,,,,,,,,ulcere_gastrique
demangeaisons,eternuements,fatigue,nez_qui_coule,obstruction_nasale,toux,yeux_qui_piquent,,,,,,,,,rhinite_allergique
douleur_position,irradiation_jambe,limitation_mouvement,raideur_dos,,,,,,,,,,,,lombalgie
douleurs_articulaires,inflammation,peau_ecailleuse,plaques_peau,sensibilite_peau,,,,,,,,,,,psoriasis
anxiete,difficulte_a_parler,essoufflement,fatigue,oppression_thoracique,sifflement_respiratoire,,,,,,,,,,asthme
demangeaisons,eternuements,fatigue,obstruction_nasale,toux,yeux_qui_piquent,,,,,,,,,,rhinite_allergique
anxiete,douleur_bras_gauche,douleur_thoracique,essoufflement,fatigue_extreme,nausees,sueurs_froides,vertiges,,,,,,,,infarctus
brulures_estomac,douleurs_abdominales,nausees,perte_de_poids,sang_dans_selles,vomissements,,,,,,,,,,ulcere_gastrique
aura,confusion_post_crise,convulsions,morsure_langue,perte_conscience,,,,,,,,,,,epilepsie
diarrhee,douleurs_abdominales,fatigue,perte_appetit,vomissements,,,,,,,,,,,gastroenterite
diarrhee,fatigue,nervosité,palpitations,perte_de_poids,tremblements,,,,,,,,,,hyperthyroidie
eruption_cutanee,fievre,nausees,photophobie,raideur_nuque,vomissements,,,,,,,,,,meningite
anxiete,essoufflement,oppression_thoracique,sifflement_respiratoire,toux_seche,,,,,,,,,,,asthme
crampes,diarrhee,douleurs_abdominales,fatigue,fievre,nausees,,,,,,,,,,gastroenterite
diarrhee,fatigue,insomnie,nervosité,palpitations,perte_de_poids,sudation_excessive,tremblements,,,,,,,,hyperthyroidie
essoufflement,expectorations,fatigue,sifflement_respiratoire,toux,,,,,,,,,,,bronchite
fatigue,insomnie,nervosité,palpitations,sudation_excessive,tremblements,,,,,,,,,,hyperthyroidie
confusion,faiblesse_bras,maux_de_tete_soudain,paralysie_faciale,perte_equilibre,vertiges,,,,,,,,,,avc
essoufflement,fatigue,oedemes_jambes,palpitations,toux_nocturne,vertiges,,,,,,,,,,insuffisance_cardiaque
demangeaisons,eternuements,fatigue,maux_de_tete,nez_qui_coule,obstruction_nasale,yeux_qui_piquent,,,,,,,,,rhinite_allergique
crampes,diarrhee,douleurs_abdominales,fatigue,nausees,perte_appetit,vomissements,,,,,,,,,gastroenterite
anxiete,douleur_bras_gauche,douleur_thoracique,essoufflement,fatigue_extreme,nausees,sueurs_froides,vertiges,,,,,,,,infarctus
demangeaisons,inflammation,ongles_epaissis,peau_ecailleuse,sensibilite_peau,,,,,,,,,,,psoriasis
douleur_thoracique,fatigue,fievre,hemoptysie,perte_appetit,perte_de_poids,sueurs_nocturnes,toux_chronique,,,,,,,,tuberculose
alternance_diarrhee_constipation,ballonnements,crampes,douleurs_abdominales,fatigue,gaz,,,,,,,,,,syndrome_colon_irritable
brulures_estomac,douleurs_abdominales,nausees,perte_de_poids,sang_dans_selles,vomissements,,,,,,,,,,ulcere_gastrique
douleur_thoracique,essoufflement,fatigue,palpitations,vertiges,,,,,,,,,,,arythmie
fatigue,fievre_cyclique,frissons,maux_de_tete,nausees,sueurs,,,,,,,,,,paludisme
difficulte_a_avaler,fatigue,fievre,ganglions_gonfles,mal_gorge,maux_de_tete,,,,,,,,,,angine
cicatrisation_lente,faim_excessive,fatigue,perte_de_poids,soif_excessive,urines_frequentes,vision_trouble,,,,,,,,,diabete_type2
anemie,fievre_cyclique,frissons,maux_de_tete,nausees,sueurs,,,,,,,,,,paludisme
essoufflement,expectorations,fatigue,fievre,sifflement_respiratoire,toux,,,,,,,,,,bronchite
douleurs_musculaires,fatigue,fievre_cyclique,frissons,maux_de_tete,nausees,sueurs,,,,,,,,,paludisme
croutes,demangeaisons,eruption_cutanee,peau_rouge,peau_seche,sensibilite_peau,,,,,,,,,,eczema
demangeaisons,eternuements,nez_qui_coule,obstruction_nasale,yeux_qui_piquent,,,,,,,,,,,rhinite_allergique
cicatrisation_lente,faim_excessive,fatigue,fourmillements,perte_de_poids,soif_excessive,urines_frequentes,vision_trouble,,,,,,,,diabete_type2
difficulte_a_avaler,ganglions_gonfles,mal_gorge,maux_de_tete,nausees,toux,,,,,,,,,,angine
constipation,diarrhee,douleur_abdominale_droite,douleur_au_mouvement,fievre,nausees,,,,,,,,,,appendicite
eternuements,fatigue,nez_qui_coule,obstruction_nasale,toux,yeux_qui_piquent,,,,,,,,,,rhinite_allergique
diarrhee,douleur_abdominale_droite,fievre,nausees,perte_appetit,vomissements,,,,,,,,,,appendicite
anemie,douleurs_musculaires,fatigue,fievre_cyclique,frissons,maux_de_tete,sueurs,,,,,,,,,paludisme
constipation,diarrhee,douleur_abdominale_droite,fievre,nausees,perte_appetit,vomissements,,,,,,,,,appendicite
douleurs_musculaires,fatigue,fievre,mal_gorge,perte_appetit,,,,,,,,,,,grippe
bourdonnements_oreilles,essoufflement,fatigue,maux_de_tete,vertiges,,,,,,,,,,,hypertension
demangeaisons,eruption_cutanee,peau_rouge,peau_seche,sensibilite_peau,,,,,,,,,,,eczema
abdomen_gonflé,essoufflement,oedemes_jambes,palpitations,prise_de_poids,toux_nocturne,,,,,,,,,,insuffisance_cardiaque
demangeaisons,fatigue,nez_qui_coule,obstruction_nasale,toux,yeux_qui_piquent,,,,,,,,,,rhinite_allergique
eruption_cutanee,fievre,maux_de_tete_intense,photophobie,raideur_nuque,vomissements,,,,,,,,,,meningite
abdomen_gonflé,essoufflement,fatigue,palpitations,prise_de_poids,toux_nocturne,,,,,,,,,,insuffisance_cardiaque
bourdonnements_oreilles,epistaxis,fatigue,maux_de_tete,palpitations,vertiges,vision_trouble,,,,,,,,,hypertension
abdomen_gonflé,essoufflement,fatigue,oedemes_jambes,palpitations,prise_de_poids,toux_nocturne,vertiges,,,,,,,,insuffisance_cardiaque
faim_excessive,fatigue,fourmillements,soif_excessive,urines_frequentes,vision_trouble,,,,,,,,,,diabete_type2
demangeaisons,ongles_epaissis,peau_ecailleuse,plaques_peau,,,,,,,,,,,,psoriasis
fatigue,fievre_cyclique,frissons,maux_de_tete,nausees,sueurs,vomissements,,,,,,,,,paludisme
anxiete,douleur_thoracique,essoufflement,fatigue_extreme,nausees,sueurs_froides,vertiges,,,,,,,,,infarctus
confusion,eruption_cutanee,maux_de_tete_intense,nausees,photophobie,raideur_nuque,vomissements,,,,,,,,,meningite
douleur_thoracique,essoufflement,expectorations,sifflement_respiratoire,toux,,,,,,,,,,,bronchite
diarrhee,essoufflement,fievre,perte_odorat,toux_seche,,,,,,,,,,,covid19
douleurs_musculaires,fatigue,fievre,frissons,mal_gorge,maux_de_tete,nez_qui_coule,perte_appetit,,,,,,,,grippe
diarrhee,douleurs_musculaires,essoufflement,fatigue,fievre,mal_gorge,toux_seche,,,,,,,,,covid19
aura,confusion_post_crise,convulsions,fatigue_post_crise,incontinence,morsure_langue,perte_conscience,,,,,,,,,epilepsie
fatigue,fievre,hemoptysie,perte_appetit,perte_de_poids,sueurs_nocturnes,toux_chronique,,,,,,,,,tuberculose
douleurs_musculaires,fatigue,fievre,mal_gorge,maux_de_tete,perte_appetit,toux,,,,,,,,,grippe
abdomen_gonflé,essoufflement,oedemes_jambes,palpitations,toux_nocturne,vertiges,,,,,,,,,,insuffisance_cardiaque
faim_excessive,fatigue,fourmillements,soif_excessive,urines_frequentes,vision_trouble,,,,,,,,,,diabete_type2
confusion,eruption_cutanee,fievre,maux_de_tete_intense,photophobie,vomissements,,,,,,,,,,meningite
constipation,diarrhee,douleur_abdominale_droite,fievre,nausees,perte_appetit,vomissements,,,,,,,,,appendicite
bourdonnements_oreilles,essoufflement,fatigue,maux_de_tete,vertiges,vision_trouble,,,,,,,,,,hypertension
anxiete,essoufflement,fatigue,oppression_thoracique,sifflement_respiratoire,toux_seche,,,,,,,,,,asthme
chaleur_articulaire,douleurs_articulaires,gonflement_articulations,limitation_mouvement,raideur_matinale,,,,,,,,,,,arthrite
diarrhee,exophtalmie,fatigue,nervosité,perte_de_poids,sudation_excessive,tremblements,,,,,,,,,hyperthyroidie
aura_visuelle,maux_de_tete_intense,nausees,sensibilite_lumiere,vertiges,vomissements,,,,,,,,,,migraine
douleur_abdominale_droite,fatigue,perte_appetit,urine_foncee,vomissements,,,,,,,,,,,hepatite
douleur_dos,douleur_position,fatigue,irradiation_jambe,limitation_mouvement,spasmes_musculaires,,,,,,,,,,lombalgie
abdomen_gonflé,essoufflement,fatigue,oedemes_jambes,palpitations,prise_de_poids,toux_nocturne,vertiges,,,,,,,,insuffisance_cardiaque
fievre,maux_de_tete_intense,nausees,photophobie,raideur_nuque,vomissements,,,,,,,,,,meningite
essoufflement,fatigue,oedemes_jambes,palpitations,prise_de_poids,toux_nocturne,,,,,,,,,,insuffisance_cardiaque
douleurs_musculaires,fatigue,fievre,frissons,maux_de_tete,nez_qui_coule,perte_appetit,toux,,,,,,,,grippe
demangeaisons,eruption_cutanee,peau_qui_suinte,peau_rouge,,,,,,,,,,,,eczema
bradycardie,depression,fatigue,frilosite,peau_seche,prise_de_poids,,,,,,,,,,hypothyroidie
confusion,eruption_cutanee,fievre,maux_de_tete_intense,nausees,raideur_nuque,vomissements,,,,,,,,,meningite
difficulte_a_parler,essoufflement,oppression_thoracique,sifflement_respiratoire,toux_seche,,,,,,,,,,,asthme
chaleur_articulaire,douleurs_articulaires,fatigue,fievre,gonflement_articulations,limitation_mouvement,,,,,,,,,,arthrite
brulures_estomac,douleurs_abdominales,nausees,sang_dans_selles,vomissements,,,,,,,,,,,ulcere_gastrique
cheveux_cassants,constipation,fatigue,frilosite,oedemes,peau_seche,prise_de_poids,,,,,,,,,hypothyroidie
brulures_estomac,douleurs_abdominales,faim_douloureuse,nausees,perte_de_poids,sang_dans_selles,vomissements,,,,,,,,,ulcere_gastrique
eternuements,maux_de_tete,nez_qui_coule,obstruction_nasale,yeux_qui_piquent,,,,,,,,,,,rhinite_allergique
bradycardie,fatigue,frilosite,oedemes,peau_seche,prise_de_poids,,,,,,,,,,hypothyroidie
douleur_dos,douleur_position,fatigue,irradiation_jambe,limitation_mouvement,raideur_dos,spasmes_musculaires,,,,,,,,,lombalgie
confusion_post_crise,convulsions,fatigue_post_crise,incontinence,perte_conscience,,,,,,,,,,,epilepsie
anxiete,douleur_bras_gauche,douleur_thoracique,essoufflement,fatigue_extreme,,,,,,,,,,,infarctus
aura_visuelle,nausees,sensibilite_bruit,sensibilite_lumiere,vertiges,vomissements,,,,,,,,,,migraine
chaleur_articulaire,douleurs_articulaires,fievre,perte_appetit,raideur_matinale,,,,,,,,,,,arthrite
douleurs_musculaires,fatigue,frissons,maux_de_tete,nausees,sueurs,vomissements,,,,,,,,,paludisme
diarrhee,fievre,mal_gorge,maux_de_tete,perte_odorat,toux_seche,,,,,,,,,,covid19
douleurs_musculaires,fatigue,fievre_cyclique,maux_de_tete,nausees,sueurs,vomissements,,,,,,,,,paludisme
diarrhee,douleur_abdominale_droite,fievre,nausees,perte_appetit,vomissements,,,,,,,,,,appendicite
aura,confusion_post_crise,convulsions,fatigue_post_crise,morsure_langue,perte_conscience,,,,,,,,,,epilepsie
confusion,eruption_cutanee,fievre,maux_de_tete_intense,nausees,photophobie,raideur_nuque,,,,,,,,,meningite
diarrhee,fievre,nausees,perte_appetit,vomissements,,,,,,,,,,,appendicite
diarrhee,douleurs_abdominales,fatigue,fievre,vomissements,,,,,,,,,,,gastroenterite
diarrhee,exophtalmie,insomnie,nervosité,palpitations,perte_de_poids,,,,,,,,,,hyperthyroidie
difficulte_a_avaler,fievre,mal_gorge,maux_de_tete,toux,,,,,,,,,,,angine
douleur_abdominale_droite,fatigue,fievre,jaunisse,selles_decolorees,urine_foncee,vomissements,,,,,,,,,hepatite
alternance_diarrhee_constipation,ballonnements,douleurs_abdominales,gaz,nausees,,,,,,,,,,,syndrome_colon_irritable
essoufflement,fatigue,maux_de_tete,vertiges,,,,,,,,,,,,hypertension
fatigue,fievre,mal_gorge,maux_de_tete,perte_odorat,toux_seche,,,,,,,,,,covid19
douleur_thoracique,essoufflement,expectorations,fievre,frissons,maux_de_tete,sueurs_nocturnes,,,,,,,,,pneumonie
chaleur_articulaire,douleurs_articulaires,fatigue,fievre,gonflement_articulations,perte_appetit,raideur_matinale,,,,,,,,,arthrite
anxiete,douleur_bras_gauche,essoufflement,fatigue_extreme,nausees,sueurs_froides,vertiges,,,,,,,,,infarctus
anxiete,douleur_thoracique,essoufflement,fatigue_extreme,nausees,sueurs_froides,vertiges,,,,,,,,,infarctus
confusion,faiblesse_bras,maux_de_tete_soudain,paralysie_faciale,perte_equilibre,trouble_parole,trouble_vision,vertiges,,,,,,,,avc
croutes,demangeaisons,inflammation,peau_rouge,peau_seche,sensibilite_peau,,,,,,,,,,eczema
chaleur_articulaire,douleurs_articulaires,fatigue,gonflement_articulations,limitation_mouvement,raideur_matinale,,,,,,,,,,arthrite
essoufflement,maux_de_tete,palpitations,vertiges,vision_trouble,,,,,,,,,,,hypertension
eruption_cutanee,fievre,maux_de_tete_intense,nausees,raideur_nuque,vomissements,,,,,,,,,,meningite
confusion,faiblesse_bras,paralysie_faciale,perte_equilibre,trouble_parole,vertiges,,,,,,,,,,avc
difficulte_a_avaler,fatigue,ganglions_gonfles,mal_gorge,nausees,toux,,,,,,,,,,angine
demangeaisons,eternuements,fatigue,nez_qui_coule,toux,yeux_qui_piquent,,,,,,,,,,rhinite_allergique
cicatrisation_lente,fatigue,fourmillements,perte_de_poids,soif_excessive,urines_frequentes,vision_trouble,,,,,,,,,diabete_type2
douleur_abdominale_droite,nausees,perte_appetit,vomissements,,,,,,,,,,,,appendicite
alternance_diarrhee_constipation,ballonnements,crampes,douleurs_abdominales,fatigue,gaz,nausees,,,,,,,,,syndrome_colon_irritable
confusion,faiblesse_bras,perte_equilibre,trouble_parole,trouble_vision,vertiges,,,,,,,,,,avc
anxiete,douleur_thoracique,essoufflement,fatigue_extreme,nausees,sueurs_froides,vertiges,,,,,,,,,infarctus
chaleur_articulaire,douleurs_articulaires,perte_appetit,raideur_matinale,,,,,,,,,,,,arthrite
chaleur_articulaire,douleurs_articulaires,fatigue,gonflement_articulations,raideur_matinale,,,,,,,,,,,arthrite
anemie,fatigue,fievre_cyclique,maux_de_tete,nausees,sueurs,,,,,,,,,,paludisme
anemie,fatigue,fievre_cyclique,frissons,maux_de_tete,nausees,vomissements,,,,,,,,,paludisme
anxiete,essoufflement,palpitations,syncope,vertiges,,,,,,,,,,,arythmie
douleur_dos,douleur_position,irradiation_jambe,limitation_mouvement,,,,,,,,,,,,lombalgie
anemie,douleurs_musculaires,fatigue,fievre_cyclique,frissons,maux_de_tete,nausees,sueurs,,,,,,,,paludisme
difficulte_a_avaler,fievre,ganglions_gonfles,mal_gorge,maux_de_tete,nausees,toux,,,,,,,,,angine
anxiete,essoufflement,fatigue,sifflement_respiratoire,toux_seche,,,,,,,,,,,asthme
demangeaisons,douleurs_articulaires,peau_ecailleuse,plaques_peau,,,,,,,,,,,,psoriasis
douleur_thoracique,essoufflement,expectorations,fievre,sifflement_respiratoire,toux,,,,,,,,,,bronchite
alternance_diarrhee_constipation,ballonnements,douleurs_abdominales,fatigue,gaz,,,,,,,,,,,syndrome_colon_irritable
anxiete,essoufflement,fatigue,oppression_thoracique,toux_seche,,,,,,,,,,,asthme
diarrhee,douleurs_abdominales,fievre,nausees,perte_appetit,,,,,,,,,,,gastroenterite
crampes,douleurs_abdominales,fatigue,fievre,nausees,vomissements,,,,,,,,,,gastroenterite
fatigue,maux_de_tete_intense,nausees,sensibilite_bruit,sensibilite_lumiere,,,,,,,,,,,migraine
cicatrisation_lente,faim_excessive,fatigue,fourmillements,perte_de_poids,soif_excessive,urines_frequentes,vision_trouble,,,,,,,,diabete_type2
exophtalmie,fatigue,nervosité,palpitations,perte_de_poids,tremblements,,,,,,,,,,hyperthyroidie
confusion_post_crise,convulsions,incontinence,morsure_langue,perte_conscience,,,,,,,,,,,epilepsie
douleurs_musculaires,fatigue,fievre,frissons,maux_de_tete,nez_qui_coule,perte_appetit,toux,,,,,,,,grippe
anxiete,douleur_bras_gauche,douleur_thoracique,essoufflement,fatigue_extreme,sueurs_froides,,,,,,,,,,infarctus
douleur_thoracique,essoufflement,fatigue,fievre,maux_de_tete,toux,,,,,,,,,,pneumonie
douleur_abdominale_droite,fatigue,fievre,jaunisse,urine_foncee,vomissements,,,,,,,,,,hepatite
insomnie,nervosité,palpitations,perte_de_poids,sudation_excessive,tremblements,,,,,,,,,,hyperthyroidie
aura,confusion_post_crise,convulsions,fatigue_post_crise,incontinence,morsure_langue,perte_conscience,,,,,,,,,epilepsie
brulures_estomac,douleurs_abdominales,faim_douloureuse,nausees,perte_de_poids,sang_dans_selles,vomissements,,,,,,,,,ulcere_gastrique
bradycardie,cheveux_cassants,constipation,fatigue,frilosite,oedemes,peau_seche,,,,,,,,,hypothyroidie
brulures_estomac,douleurs_abdominales,faim_douloureuse,nausees,perte_de_poids,sang_dans_selles,vomissements,,,,,,,,,ulcere_gastrique
douleur_thoracique,essoufflement,expectorations,fatigue,fievre,frissons,sueurs_nocturnes,toux,,,,,,,,pneumonie
diarrhee,douleur_abdominale_droite,fievre,nausees,vomissements,,,,,,,,,,,appendicite
diarrhee,douleur_abdominale_droite,fievre,nausees,perte_appetit,vomissements,,,,,,,,,,appendicite
crampes,diarrhee,douleurs_abdominales,nausees,perte_appetit,vomissements,,,,,,,,,,gastroenterite
douleur_abdominale_droite,fatigue,jaunisse,nausees,perte_appetit,urine_foncee,,,,,,,,,,hepatite
anxiete,essoufflement,oppression_thoracique,sifflement_respiratoire,toux_seche,,,,,,,,,,,asthme
diarrhee,essoufflement,fatigue,fievre,mal_gorge,maux_de_tete,perte_odorat,toux_seche,,,,,,,,covid19
douleurs_musculaires,fatigue,fievre,mal_gorge,maux_de_tete,nez_qui_coule,,,,,,,,,,grippe
abdomen_gonflé,essoufflement,fatigue,oedemes_jambes,palpitations,prise_de_poids,toux_nocturne,vertiges,,,,,,,,insuffisance_cardiaque
demangeaisons,inflammation,peau_ecailleuse,plaques_peau,sensibilite_peau,,,,,,,,,,,psoriasis
chaleur_articulaire,douleurs_articulaires,gonflement_articulations,perte_appetit,raideur_matinale,,,,,,,,,,,arthrite
douleur_thoracique,essoufflement,fatigue,palpitations,syncope,vertiges,,,,,,,,,,arythmie
douleurs_musculaires,fatigue,maux_de_tete,perte_odorat,toux_seche,,,,,,,,,,,covid19
douleur_thoracique,fatigue,fievre,hemoptysie,perte_appetit,perte_de_poids,sueurs_nocturnes,toux_chronique,,,,,,,,tuberculose
abdomen_gonflé,essoufflement,fatigue,oedemes_jambes,palpitations,prise_de_poids,toux_nocturne,vertiges,,,,,,,,insuffisance_cardiaque
douleur_thoracique,essoufflement,expectorations,fatigue,fievre,maux_de_tete,,,,,,,,,,pneumonie
douleurs_musculaires,fatigue,fievre,mal_gorge,maux_de_tete,nez_qui_coule,perte_appetit,toux,,,,,,,,grippe
cicatrisation_lente,fatigue,perte_de_poids,soif_excessive,urines_frequentes,,,,,,,,,,,diabete_type2
fievre,ganglions_gonfles,mal_gorge,maux_de_tete,nausees,toux,,,,,,,,,,angine
douleur_thoracique,essoufflement,fatigue,palpitations,syncope,vertiges,,,,,,,,,,arythmie
diarrhee,exophtalmie,fatigue,insomnie,palpitations,perte_de_poids,tremblements,,,,,,,,,hyperthyroidie
bradycardie,constipation,depression,frilosite,oedemes,peau_seche,prise_de_poids,,,,,,,,,hypothyroidie
anemie,fatigue,frissons,maux_de_tete,nausees,sueurs,vomissements,,,,,,,,,paludisme
douleur_abdominale_droite,fatigue,jaunisse,nausees,perte_appetit,selles_decolorees,urine_foncee,vomissements,,,,,,,,hepatite
douleurs_musculaires,fatigue,fievre,mal_gorge,maux_de_tete,nez_qui_coule,perte_appetit,toux,,,,,,,,grippe
aura,confusion_post_crise,convulsions,fatigue_post_crise,morsure_langue,perte_conscience,,,,,,,,,,epilepsie
eruption_cutanee,fievre,maux_de_tete_intense,nausees,photophobie,raideur_nuque,,,,,,,,,,meningite
anxiete,douleur_thoracique,essoufflement,palpitations,vertiges,,,,,,,,,,,arythmie
douleur_dos,douleur_position,fatigue,irradiation_jambe,raideur_dos,spasmes_musculaires,,,,,,,,,,lombalgie
difficulte_a_avaler,fatigue,fievre,ganglions_gonfles,mal_gorge,maux_de_tete,nausees,,,,,,,,,angine
fatigue,maux_de_tete_intense,nausees,sensibilite_bruit,sensibilite_lumiere,vertiges,vomissements,,,,,,,,,migraine
douleurs_musculaires,fatigue,fievre_cyclique,frissons,maux_de_tete,nausees,vomissements,,,,,,,,,paludisme
essoufflement,fatigue,fievre,mal_gorge,maux_de_tete,perte_odorat,toux_seche,,,,,,,,,covid19
douleur_bras_gauche,douleur_thoracique,fatigue_extreme,nausees,sueurs_froides,,,,,,,,,,,infarctus
anxiete,douleur_bras_gauche,douleur_thoracique,essoufflement,nausees,vertiges,,,,,,,,,,infarctus
douleurs_musculaires,fatigue,mal_gorge,maux_de_tete,nez_qui_coule,perte_appetit,,,,,,,,,,grippe
aura_visuelle,maux_de_tete_intense,nausees,sensibilite_bruit,sensibilite_lumiere,vertiges,,,,,,,,,,migraine
douleur_dos,irradiation_jambe,limitation_mouvement,spasmes_musculaires,,,,,,,,,,,,lombalgie
douleur_abdominale_droite,fatigue,fievre,jaunisse,vomissements,,,,,,,,,,,hepatite
confusion,maux_de_tete_soudain,paralysie_faciale,perte_equilibre,trouble_parole,trouble_vision,vertiges,,,,,,,,,avc
douleurs_musculaires,fievre,mal_gorge,maux_de_tete,nez_qui_coule,perte_appetit,toux,,,,,,,,,grippe
anemie,fievre_cyclique,frissons,maux_de_tete,nausees,,,,,,,,,,,paludisme
difficulte_a_avaler,fatigue,fievre,ganglions_gonfles,mal_gorge,nausees,,,,,,,,,,angine
eternuements,maux_de_tete,nez_qui_coule,obstruction_nasale,toux,,,,,,,,,,,rhinite_allergique
cicatrisation_lente,faim_excessive,fatigue,fourmillements,perte_de_poids,soif_excessive,urines_frequentes,vision_trouble,,,,,,,,diabete_type2
anxiete,difficulte_a_parler,essoufflement,fatigue,oppression_thoracique,sifflement_respiratoire,toux_seche,,,,,,,,,asthme
difficulte_a_avaler,fievre,ganglions_gonfles,mal_gorge,nausees,,,,,,,,,,,angine
anxiete,douleur_bras_gauche,essoufflement,nausees,sueurs_froides,vertiges,,,,,,,,,,infarctus
anxiete,douleur_thoracique,essoufflement,palpitations,vertiges,,,,,,,,,,,arythmie
diarrhee,exophtalmie,fatigue,nervosité,palpitations,sudation_excessive,tremblements,,,,,,,,,hyperthyroidie
bradycardie,cheveux_cassants,constipation,fatigue,frilosite,oedemes,peau_seche,,,,,,,,,hypothyroidie
confusion,eruption_cutanee,fievre,maux_de_tete_intense,nausees,photophobie,vomissements,,,,,,,,,meningite
anemie,douleurs_musculaires,fatigue,fievre_cyclique,frissons,maux_de_tete,nausees,sueurs,,,,,,,,paludisme
difficulte_a_avaler,fievre,mal_gorge,maux_de_tete,toux,,,,,,,,,,,angine
exophtalmie,fatigue,insomnie,nervosité,palpitations,perte_de_poids,sudation_excessive,,,,,,,,,hyperthyroidie
anxiete,difficulte_a_parler,fatigue,oppression_thoracique,sifflement_respiratoire,toux_seche,,,,,,,,,,asthme
demangeaisons,douleurs_articulaires,peau_ecailleuse,plaques_peau,,,,,,,,,,,,psoriasis
abdomen_gonflé,essoufflement,fatigue,oedemes_jambes,palpitations,toux_nocturne,vertiges,,,,,,,,,insuffisance_cardiaque
cheveux_cassants,constipation,depression,fatigue,frilosite,oedemes,prise_de_poids,,,,,,,,,hypothyroidie
demangeaisons,eruption_cutanee,inflammation,peau_qui_suinte,peau_rouge,peau_seche,sensibilite_peau,,,,,,,,,eczema
alternance_diarrhee_constipation,ballonnements,crampes,douleurs_abdominales,fatigue,gaz,nausees,,,,,,,,,syndrome_colon_irritable
difficulte_a_parler,essoufflement,oppression_thoracique,toux_seche,,,,,,,,,,,,asthme
essoufflement,fatigue,oppression_thoracique,sifflement_respiratoire,toux_seche,,,,,,,,,,,asthme
douleur_dos,douleur_position,fatigue,limitation_mouvement,spasmes_musculaires,,,,,,,,,,,lombalgie
bradycardie,constipation,depression,fatigue,prise_de_poids,,,,,,,,,,,hypothyroidie
douleur_thoracique,essoufflement,fatigue,fievre,maux_de_tete,toux,,,,,,,,,,pneumonie
confusion,faiblesse_bras,maux_de_tete_soudain,paralysie_faciale,perte_equilibre,trouble_parole,,,,,,,,,,avc
alternance_diarrhee_constipation,ballonnements,crampes,douleurs_abdominales,fatigue,gaz,nausees,,,,,,,,,syndrome_colon_irritable
demangeaisons,douleurs_articulaires,inflammation,ongles_epaissis,peau_ecailleuse,,,,,,,,,,,psoriasis
douleur_thoracique,essoufflement,expectorations,fievre,frissons,maux_de_tete,sueurs_nocturnes,toux,,,,,,,,pneumonie
douleur_thoracique,essoufflement,expectorations,fatigue,fievre,sifflement_respiratoire,toux,,,,,,,,,bronchite
douleurs_musculaires,essoufflement,fievre,mal_gorge,maux_de_tete,perte_odorat,toux_seche,,,,,,,,,covid19
fatigue,nausees,sensibilite_bruit,sensibilite_lumiere,vertiges,,,,,,,,,,,migraine
douleur_thoracique,fievre,hemoptysie,perte_de_poids,sueurs_nocturnes,toux_chronique,,,,,,,,,,tuberculose
brulures_estomac,douleurs_abdominales,faim_douloureuse,nausees,perte_de_poids,,,,,,,,,,,ulcere_gastrique
demangeaisons,eruption_cutanee,inflammation,peau_qui_suinte,peau_seche,sensibilite_peau,,,,,,,,,,eczema
demangeaisons,inflammation,ongles_epaissis,plaques_peau,sensibilite_peau,,,,,,,,,,,psoriasis
alternance_diarrhee_constipation,ballonnements,crampes,douleurs_abdominales,gaz,nausees,,,,,,,,,,syndrome_colon_irritable
abdomen_gonflé,essoufflement,fatigue,oedemes_jambes,palpitations,prise_de_poids,toux_nocturne,vertiges,,,,,,,,insuffisance_cardiaque
aura_visuelle,fatigue,maux_de_tete_intense,nausees,sensibilite_bruit,sensibilite_lumiere,,,,,,,,,,migraine
bourdonnements_oreilles,epistaxis,essoufflement,maux_de_tete,palpitations,vertiges,,,,,,,,,,hypertension
croutes,eruption_cutanee,inflammation,peau_qui_suinte,peau_rouge,peau_seche,,,,,,,,,,eczema
alternance_diarrhee_constipation,ballonnements,douleurs_abdominales,fatigue,gaz,nausees,,,,,,,,,,syndrome_colon_irritable
bourdonnements_oreilles,epistaxis,maux_de_tete,vision_trouble,,,,,,,,,,,,hypertension
alternance_diarrhee_constipation,ballonnements,crampes,douleurs_abdominales,fatigue,gaz,nausees,,,,,,,,,syndrome_colon_irritable
douleur_abdominale_droite,fatigue,jaunisse,selles_decolorees,urine_foncee,vomissements,,,,,,,,,,hepatite
demangeaisons,douleurs_articulaires,inflammation,peau_ecailleuse,plaques_peau,,,,,,,,,,,psoriasis
diarrhee,douleurs_abdominales,fievre,nausees,,,,,,,,,,,,gastroenterite
confusion,fievre,maux_de_tete_intense,nausees,photophobie,,,,,,,,,,,meningite
fatigue,oedemes_jambes,prise_de_poids,toux_nocturne,vertiges,,,,,,,,,,,insuffisance_cardiaque
anxiete,douleur_thoracique,essoufflement,fatigue,palpitations,syncope,vertiges,,,,,,,,,arythmie
abdomen_gonflé,essoufflement,fatigue,prise_de_poids,toux_nocturne,vertiges,,,,,,,,,,insuffisance_cardiaque
douleurs_musculaires,fatigue,fievre,frissons,maux_de_tete,nez_qui_coule,toux,,,,,,,,,grippe
essoufflement,expectorations,fatigue,fievre,toux,,,,,,,,,,,bronchite
douleur_abdominale_droite,fatigue,fievre,jaunisse,perte_appetit,urine_foncee,,,,,,,,,,hepatite
bradycardie,cheveux_cassants,constipation,depression,fatigue,prise_de_poids,,,,,,,,,,hypothyroidie
douleur_dos,douleur_position,irradiation_jambe,limitation_mouvement,raideur_dos,,,,,,,,,,,lombalgie
douleur_thoracique,essoufflement,expectorations,fievre,toux,,,,,,,,,,,bronchite
essoufflement,expectorations,fievre,sifflement_respiratoire,toux,,,,,,,,,,,bronchite
fatigue,insomnie,nervosité,palpitations,tremblements,,,,,,,,,,,hyperthyroidie
anxiete,difficulte_a_parler,essoufflement,fatigue,oppression_thoracique,sifflement_respiratoire,toux_seche,,,,,,,,,asthme
croutes,demangeaisons,inflammation,peau_rouge,peau_seche,sensibilite_peau,,,,,,,,,,eczema
diarrhee,douleur_au_mouvement,fievre,nausees,vomissements,,,,,,,,,,,appendicite
confusion_post_crise,convulsions,fatigue_post_crise,morsure_langue,perte_conscience,,,,,,,,,,,epilepsie
douleur_bras_gauche,douleur_thoracique,fatigue_extreme,nausees,sueurs_froides,vertiges,,,,,,,,,,infarctus
difficulte_a_avaler,fatigue,fievre,ganglions_gonfles,nausees,,,,,,,,,,,angine
maux_de_tete,nez_qui_coule,obstruction_nasale,yeux_qui_piquent,,,,,,,,,,,,rhinite_allergique
anxiete,douleur_bras_gauche,essoufflement,nausees,sueurs_froides,vertiges,,,,,,,,,,infarctus
brulures_estomac,douleurs_abdominales,nausees,perte_de_poids,vomissements,,,,,,,,,,,ulcere_gastrique
douleurs_musculaires,fatigue,fievre,frissons,mal_gorge,maux_de_tete,perte_appetit,toux,,,,,,,,grippe
confusion,maux_de_tete_soudain,paralysie_faciale,perte_equilibre,trouble_parole,trouble_vision,vertiges,,,,,,,,,avc
chaleur_articulaire,douleurs_articulaires,fievre,gonflement_articulations,raideur_matinale,,,,,,,,,,,arthrite
anxiete,douleur_bras_gauche,douleur_thoracique,essoufflement,fatigue_extreme,nausees,vertiges,,,,,,,,,infarctus
anxiete,difficulte_a_parler,essoufflement,fatigue,sifflement_respiratoire,toux_seche,,,,,,,,,,asthme
abdomen_gonflé,essoufflement,fatigue,oedemes_jambes,palpitations,prise_de_poids,vertiges,,,,,,,,,insuffisance_cardiaque
confusion,faiblesse_bras,maux_de_tete_soudain,paralysie_faciale,perte_equilibre,trouble_parole,vertiges,,,,,,,,,avc
maux_de_tete_intense,nausees,sensibilite_bruit,sensibilite_lumiere,vertiges,,,,,,,,,,,migraine
aura,confusion_post_crise,convulsions,incontinence,morsure_langue,perte_conscience,,,,,,,,,,epilepsie
douleur_thoracique,essoufflement,expectorations,maux_de_tete,toux,,,,,,,,,,,pneumonie
diarrhee,douleurs_abdominales,fievre,nausees,perte_appetit,,,,,,,,,,,gastroenterite
douleur_abdominale_droite,fatigue,jaunisse,nausees,perte_appetit,urine_foncee,vomissements,,,,,,,,,hepatite
douleur_thoracique,essoufflement,expectorations,fievre,frissons,maux_de_tete,toux,,,,,,,,,pneumonie
fatigue,fievre_cyclique,frissons,maux_de_tete,nausees,sueurs,vomissements,,,,,,,,,paludisme
aura,convulsions,fatigue_post_crise,incontinence,morsure_langue,perte_conscience,,,,,,,,,,epilepsie
bradycardie,cheveux_cassants,fatigue,frilosite,oedemes,peau_seche,prise_de_poids,,,,,,,,,hypothyroidie
aura_visuelle,maux_de_tete_intense,nausees,sensibilite_bruit,sensibilite_lumiere,vertiges,,,,,,,,,,migraine
confusion,faiblesse_bras,paralysie_faciale,perte_equilibre,trouble_parole,trouble_vision,vertiges,,,,,,,,,avc
anxiete,douleur_thoracique,essoufflement,fatigue,palpitations,syncope,vertiges,,,,,,,,,arythmie
demangeaisons,douleurs_articulaires,inflammation,ongles_epaissis,peau_ecailleuse,plaques_peau,sensibilite_peau,,,,,,,,,psoriasis
alternance_diarrhee_constipation,ballonnements,douleurs_abdominales,fatigue,gaz,nausees,,,,,,,,,,syndrome_colon_irritable
douleur_thoracique,essoufflement,expectorations,fievre,maux_de_tete,toux,,,,,,,,,,pneumonie
douleur_dos,douleur_position,limitation_mouvement,raideur_dos,spasmes_musculaires,,,,,,,,,,,lombalgie
anemie,fievre_cyclique,frissons,maux_de_tete,sueurs,vomissements,,,,,,,,,,paludisme
confusion,faiblesse_bras,maux_de_tete_soudain,paralysie_faciale,perte_equilibre,trouble_parole,,,,,,,,,,avc
brulures_estomac,douleurs_abdominales,nausees,sang_dans_selles,vomissements,,,,,,,,,,,ulcere_gastrique
abdomen_gonflé,essoufflement,oedemes_jambes,palpitations,toux_nocturne,vertiges,,,,,,,,,,insuffisance_cardiaque
diarrhee,exophtalmie,insomnie,palpitations,perte_de_poids,tremblements,,,,,,,,,,hyperthyroidie
fatigue,fievre,hemoptysie,perte_de_poids,sueurs_nocturnes,toux_chronique,,,,,,,,,,tuberculose
bourdonnements_oreilles,epistaxis,essoufflement,fatigue,maux_de_tete,vertiges,vision_trouble,,,,,,,,,hypertension
confusion,fievre,maux_de_tete_intense,nausees,photophobie,raideur_nuque,vomissements,,,,,,,,,meningite
douleur_abdominale_droite,fatigue,jaunisse,perte_appetit,selles_decolorees,urine_foncee,vomissements,,,,,,,,,hepatite
alternance_diarrhee_constipation,ballonnements,douleurs_abdominales,gaz,nausees,,,,,,,,,,,syndrome_colon_irritable
douleur_abdominale_droite,fatigue,fievre,jaunisse,perte_appetit,selles_decolorees,urine_foncee,vomissements,,,,,,,,hepatite
douleur_abdominale_droite,fatigue,jaunisse,nausees,selles_decolorees,urine_foncee,,,,,,,,,,hepatite
exophtalmie,fatigue,nervosité,palpitations,perte_de_poids,tremblements,,,,,,,,,,hyperthyroidie
abdomen_gonflé,essoufflement,oedemes_jambes,palpitations,prise_de_poids,toux_nocturne,,,,,,,,,,insuffisance_cardiaque
convulsions,incontinence,morsure_langue,perte_conscience,,,,,,,,,,,,epilepsie
douleur_abdominale_droite,fatigue,perte_appetit,selles_decolorees,urine_foncee,vomissements,,,,,,,,,,hepatite
aura,confusion_post_crise,incontinence,morsure_langue,perte_conscience,,,,,,,,,,,epilepsie
aura,confusion_post_crise,convulsions,fatigue_post_crise,incontinence,morsure_langue,perte_conscience,,,,,,,,,epilepsie
eruption_cutanee,peau_qui_suinte,peau_rouge,peau_seche,sensibilite_peau,,,,,,,,,,,eczema
fatigue,fourmillements,perte_de_poids,soif_excessive,urines_frequentes,vision_trouble,,,,,,,,,,diabete_type2
diarrhee,exophtalmie,nervosité,palpitations,perte_de_poids,sudation_excessive,tremblements,,,,,,,,,hyperthyroidie
confusion,eruption_cutanee,fievre,maux_de_tete_intense,photophobie,raideur_nuque,vomissements,,,,,,,,,meningite
douleur_thoracique,essoufflement,expectorations,fievre,sifflement_respiratoire,toux,,,,,,,,,,bronchite
douleur_dos,fatigue,limitation_mouvement,raideur_dos,spasmes_musculaires,,,,,,,,,,,lombalgie
cicatrisation_lente,faim_excessive,fatigue,perte_de_poids,soif_excessive,urines_frequentes,vision_trouble,,,,,,,,,diabete_type2
confusion,faiblesse_bras,maux_de_tete_soudain,paralysie_faciale,trouble_parole,vertiges,,,,,,,,,,avc
anxiete,douleur_thoracique,essoufflement,palpitations,syncope,vertiges,,,,,,,,,,arythmie
alternance_diarrhee_constipation,ballonnements,crampes,douleurs_abdominales,fatigue,gaz,nausees,,,,,,,,,syndrome_colon_irritable
anxiete,douleur_thoracique,essoufflement,fatigue,palpitations,vertiges,,,,,,,,,,arythmie
douleur_thoracique,fatigue,fievre,hemoptysie,perte_appetit,perte_de_poids,sueurs_nocturnes,toux_chronique,,,,,,,,tuberculose
aura_visuelle,fatigue,maux_de_tete_intense,nausees,sensibilite_bruit,vomissements,,,,,,,,,,migraine
diarrhee,douleurs_abdominales,nausees,perte_appetit,vomissements,,,,,,,,,,,gastroenterite
aura_visuelle,maux_de_tete_intense,sensibilite_bruit,sensibilite_lumiere,vertiges,vomissements,,,,,,,,,,migraine
confusion,faiblesse_bras,maux_de_tete_soudain,paralysie_faciale,perte_equilibre,trouble_vision,vertiges,,,,,,,,,avc
chaleur_articulaire,douleurs_articulaires,fievre,gonflement_articulations,limitation_mouvement,,,,,,,,,,,arthrite
douleurs_articulaires,inflammation,ongles_epaissis,peau_ecailleuse,plaques_peau,sensibilite_peau,,,,,,,,,,psoriasis
douleur_abdominale_droite,fatigue,jaunisse,nausees,perte_appetit,selles_decolorees,urine_foncee,,,,,,,,,hepatite
anxiete,douleur_bras_gauche,douleur_thoracique,sueurs_froides,vertiges,,,,,,,,,,,infarctus
chaleur_articulaire,fievre,gonflement_articulations,raideur_matinale,,,,,,,,,,,,arthrite
douleurs_articulaires,fatigue,gonflement_articulations,limitation_mouvement,perte_appetit,raideur_matinale,,,,,,,,,,arthrite
douleur_dos,fatigue,irradiation_jambe,raideur_dos,spasmes_musculaires,,,,,,,,,,,lombalgie
douleurs_articulaires,fievre,gonflement_articulations,perte_appetit,raideur_matinale,,,,,,,,,,,arthrite
essoufflement,expectorations,fatigue,sifflement_respiratoire,toux,,,,,,,,,,,bronchite
aura,confusion_post_crise,convulsions,fatigue_post_crise,incontinence,morsure_langue,,,,,,,,,,epilepsie
demangeaisons,douleurs_articulaires,inflammation,peau_ecailleuse,plaques_peau,,,,,,,,,,,psoriasis
maux_de_tete_intense,nausees,sensibilite_bruit,sensibilite_lumiere,vertiges,,,,,,,,,,,migraine
confusion,maux_de_tete_soudain,paralysie_faciale,perte_equilibre,trouble_parole,trouble_vision,vertiges,,,,,,,,,avc
essoufflement,fatigue,oedemes_jambes,palpitations,prise_de_poids,toux_nocturne,vertiges,,,,,,,,,insuffisance_cardiaque
constipation,diarrhee,douleur_au_mouvement,fievre,nausees,vomissements,,,,,,,,,,appendicite
brulures_estomac,douleurs_abdominales,nausees,sang_dans_selles,vomissements,,,,,,,,,,,ulcere_gastrique
diarrhee,douleurs_abdominales,fatigue,fievre,nausees,perte_appetit,vomissements,,,,,,,,,gastroenterite
anxiete,difficulte_a_parler,essoufflement,oppression_thoracique,sifflement_respiratoire,toux_seche,,,,,,,,,,asthme
difficulte_a_avaler,fatigue,fievre,ganglions_gonfles,nausees,toux,,,,,,,,,,angine
eternuements,fatigue,nez_qui_coule,obstruction_nasale,yeux_qui_piquent,,,,,,,,,,,rhinite_allergique
diarrhee,douleur_abdominale_droite,douleur_au_mouvement,fievre,nausees,vomissements,,,,,,,,,,appendicite
chaleur_articulaire,douleurs_articulaires,limitation_mouvement,raideur_matinale,,,,,,,,,,,,arthrite
essoufflement,oedemes_jambes,palpitations,toux_nocturne,vertiges,,,,,,,,,,,insuffisance_cardiaque
croutes,demangeaisons,eruption_cutanee,peau_qui_suinte,peau_rouge,peau_seche,,,,,,,,,,eczema
douleurs_musculaires,essoufflement,fatigue,fievre,maux_de_tete,toux_seche,,,,,,,,,,covid19
anxiete,douleur_thoracique,essoufflement,palpitations,syncope,vertiges,,,,,,,,,,arythmie
essoufflement,fatigue,fievre,maux_de_tete,toux_seche,,,,,,,,,,,covid19
diarrhee,fatigue,nervosité,palpitations,perte_de_poids,sudation_excessive,tremblements,,,,,,,,,hyperthyroidie
anemie,douleurs_musculaires,fievre_cyclique,frissons,maux_de_tete,nausees,sueurs,vomissements,,,,,,,,paludisme
demangeaisons,douleurs_articulaires,inflammation,ongles_epaissis,peau_ecailleuse,plaques_peau,sensibilite_peau,,,,,,,,,psoriasis
fatigue,fievre,jaunisse,nausees,selles_decolorees,urine_foncee,,,,,,,,,,hepatite
anxiete,douleur_bras_gauche,douleur_thoracique,essoufflement,fatigue_extreme,nausees,vertiges,,,,,,,,,infarctus
alternance_diarrhee_constipation,ballonnements,crampes,douleurs_abdominales,fatigue,gaz,,,,,,,,,,syndrome_colon_irritable
eruption_cutanee,inflammation,peau_rouge,peau_seche,,,,,,,,,,,,eczema
douleurs_musculaires,fatigue,fievre,frissons,nez_qui_coule,perte_appetit,,,,,,,,,,grippe
brulures_estomac,douleurs_abdominales,nausees,perte_de_poids,sang_dans_selles,vomissements,,,,,,,,,,ulcere_gastrique
douleur_thoracique,essoufflement,expectorations,fatigue,fievre,sifflement_respiratoire,toux,,,,,,,,,bronchite
crampes,diarrhee,douleurs_abdominales,nausees,vomissements,,,,,,,,,,,gastroenterite
maux_de_tete_intense,nausees,sensibilite_bruit,sensibilite_lumiere,vomissements,,,,,,,,,,,migraine
bourdonnements_oreilles,essoufflement,fatigue,maux_de_tete,vertiges,,,,,,,,,,,hypertension
anxiete,douleur_thoracique,essoufflement,fatigue,syncope,vertiges,,,,,,,,,,arythmie
constipation,douleur_abdominale_droite,fievre,vomissements,,,,,,,,,,,,appendicite
douleur_thoracique,essoufflement,expectorations,sifflement_respiratoire,toux,,,,,,,,,,,bronchite
confusion_post_crise,convulsions,fatigue_post_crise,morsure_langue,perte_conscience,,,,,,,,,,,epilepsie
abdomen_gonflé,essoufflement,fatigue,oedemes_jambes,palpitations,prise_de_poids,vertiges,,,,,,,,,insuffisance_cardiaque
eruption_cutanee,fievre,maux_de_tete_intense,photophobie,raideur_nuque,vomissements,,,,,,,,,,meningite
maux_de_tete,palpitations,vertiges,vision_trouble,,,,,,,,,,,,hypertension
confusion,faiblesse_bras,paralysie_faciale,perte_equilibre,trouble_parole,vertiges,,,,,,,,,,avc
aura,confusion_post_crise,convulsions,fatigue_post_crise,incontinence,morsure_langue,perte_conscience,,,,,,,,,epilepsie
diarrhee,douleurs_abdominales,fatigue,nausees,vomissements,,,,,,,,,,,gastroenterite
abdomen_gonflé,essoufflement,fatigue,oedemes_jambes,prise_de_poids,,,,,,,,,,,insuffisance_cardiaque
confusion,eruption_cutanee,fievre,maux_de_tete_intense,nausees,photophobie,raideur_nuque,,,,,,,,,meningite
anemie,douleurs_musculaires,fievre_cyclique,frissons,maux_de_tete,sueurs,,,,,,,,,,paludisme
difficulte_a_avaler,fievre,ganglions_gonfles,mal_gorge,toux,,,,,,,,,,,angine
douleur_thoracique,essoufflement,expectorations,fievre,sueurs_nocturnes,toux,,,,,,,,,,pneumonie
fievre,nausees,perte_appetit,vomissements,,,,,,,,,,,,appendicite
essoufflement,fatigue,fievre,mal_gorge,perte_odorat,,,,,,,,,,,covid19
anxiete,difficulte_a_parler,fatigue,oppression_thoracique,sifflement_respiratoire,toux_seche,,,,,,,,,,asthme
bourdonnements_oreilles,epistaxis,essoufflement,maux_de_tete,palpitations,vertiges,vision_trouble,,,,,,,,,hypertension
diarrhee,nervosité,palpitations,sudation_excessive,tremblements,,,,,,,,,,,hyperthyroidie
diarrhee,douleurs_musculaires,essoufflement,fatigue,mal_gorge,perte_odorat,toux_seche,,,,,,,,,covid19
difficulte_a_avaler,fatigue,fievre,ganglions_gonfles,maux_de_tete,toux,,,,,,,,,,angine
cicatrisation_lente,faim_excessive,fatigue,soif_excessive,urines_frequentes,vision_trouble,,,,,,,,,,diabete_type2
chaleur_articulaire,douleurs_articulaires,gonflement_articulations,perte_appetit,raideur_matinale,,,,,,,,,,,arthrite
douleur_thoracique,fatigue,fievre,hemoptysie,perte_appetit,perte_de_poids,sueurs_nocturnes,toux_chronique,,,,,,,,tuberculose
difficulte_a_parler,essoufflement,fatigue,oppression_thoracique,sifflement_respiratoire,,,,,,,,,,,asthme
douleur_dos,douleur_position,fatigue,irradiation_jambe,limitation_mouvement,raideur_dos,,,,,,,,,,lombalgie
anxiete,essoufflement,fatigue,oppression_thoracique,sifflement_respiratoire,toux_seche,,,,,,,,,,asthme
douleur_thoracique,essoufflement,expectorations,fievre,maux_de_tete,toux,,,,,,,,,,pneumonie
constipation,diarrhee,douleur_abdominale_droite,fievre,nausees,vomissements,,,,,,,,,,appendicite
fatigue,maux_de_tete,palpitations,vertiges,,,,,,,,,,,,hypertension
confusion,fievre,photophobie,raideur_nuque,vomissements,,,,,,,,,,,meningite
bourdonnements_oreilles,epistaxis,essoufflement,maux_de_tete,palpitations,,,,,,,,,,,hypertension
brulures_estomac,douleurs_abdominales,faim_douloureuse,nausees,perte_de_poids,sang_dans_selles,vomissements,,,,,,,,,ulcere_gastrique
anxiete,douleur_thoracique,essoufflement,palpitations,syncope,vertiges,,,,,,,,,,arythmie
douleur_thoracique,essoufflement,expectorations,fatigue,sifflement_respiratoire,toux,,,,,,,,,,bronchite
cheveux_cassants,constipation,frilosite,oedemes,peau_seche,prise_de_poids,,,,,,,,,,hypothyroidie
anxiete,douleur_thoracique,essoufflement,vertiges,,,,,,,,,,,,arythmie
alternance_diarrhee_constipation,ballonnements,crampes,douleurs_abdominales,fatigue,gaz,nausees,,,,,,,,,syndrome_colon_irritable
bradycardie,cheveux_cassants,constipation,fatigue,frilosite,oedemes,peau_seche,,,,,,,,,hypothyroidie
douleur_abdominale_droite,fatigue,fievre,jaunisse,nausees,urine_foncee,,,,,,,,,,hepatite
douleurs_musculaires,fatigue,fievre,frissons,mal_gorge,nez_qui_coule,toux,,,,,,,,,grippe
douleurs_musculaires,fatigue,fievre,maux_de_tete,perte_appetit,toux,,,,,,,,,,grippe
alternance_diarrhee_constipation,ballonnements,crampes,douleurs_abdominales,fatigue,gaz,nausees,,,,,,,,,syndrome_colon_irritable
douleur_dos,douleur_position,fatigue,irradiation_jambe,limitation_mouvement,raideur_dos,spasmes_musculaires,,,,,,,,,lombalgie
demangeaisons,inflammation,ongles_epaissis,peau_ecailleuse,plaques_peau,sensibilite_peau,,,,,,,,,,psoriasis
anxiete,essoufflement,fatigue,oppression_thoracique,toux_seche,,,,,,,,,,,asthme
confusion,eruption_cutanee,fievre,maux_de_tete_intense,nausees,photophobie,raideur_nuque,vomissements,,,,,,,,meningite
anxiete,douleur_bras_gauche,essoufflement,fatigue_extreme,nausees,sueurs_froides,vertiges,,,,,,,,,infarctus
abdomen_gonflé,essoufflement,fatigue,oedemes_jambes,palpitations,prise_de_poids,toux_nocturne,vertiges,,,,,,,,insuffisance_cardiaque
crampes,diarrhee,nausees,vomissements,,,,,,,,,,,,gastroenterite
maux_de_tete_intense,nausees,sensibilite_bruit,sensibilite_lumiere,vertiges,vomissements,,,,,,,,,,migraine
aura,convulsions,fatigue_post_crise,perte_conscience,,,,,,,,,,,,epilepsie
bourdonnements_oreilles,epistaxis,essoufflement,maux_de_tete,palpitations,vertiges,vision_trouble,,,,,,,,,hypertension
douleurs_musculaires,essoufflement,fatigue,fievre,perte_odorat,toux_seche,,,,,,,,,,covid19
alternance_diarrhee_constipation,ballonnements,crampes,douleurs_abdominales,fatigue,gaz,nausees,,,,,,,,,syndrome_colon_irritable
difficulte_a_avaler,fievre,ganglions_gonfles,mal_gorge,maux_de_tete,nausees,toux,,,,,,,,,angine
epistaxis,fatigue,maux_de_tete,palpitations,vertiges,vision_trouble,,,,,,,,,,hypertension
douleur_thoracique,fatigue,fievre,sueurs_nocturnes,toux_chronique,,,,,,,,,,,tuberculose
essoufflement,expectorations,fatigue,fievre,sifflement_respiratoire,toux,,,,,,,,,,bronchite
douleur_bras_gauche,essoufflement,fatigue_extreme,nausees,sueurs_froides,vertiges,,,,,,,,,,infarctus
douleur_thoracique,fatigue,fievre,hemoptysie,perte_appetit,perte_de_poids,sueurs_nocturnes,toux_chronique,,,,,,,,tuberculose
faiblesse_bras,maux_de_tete_soudain,paralysie_faciale,perte_equilibre,trouble_parole,vertiges,,,,,,,,,,avc
bourdonnements_oreilles,epistaxis,essoufflement,fatigue,maux_de_tete,palpitations,vertiges,,,,,,,,,hypertension
difficulte_a_avaler,fievre,ganglions_gonfles,mal_gorge,maux_de_tete,nausees,toux,,,,,,,,,angine
fatigue,nervosité,palpitations,perte_de_poids,sudation_excessive,tremblements,,,,,,,,,,hyperthyroidie
cicatrisation_lente,faim_excessive,fatigue,fourmillements,perte_de_poids,urines_frequentes,vision_trouble,,,,,,,,,diabete_type2
aura,confusion_post_crise,fatigue_post_crise,incontinence,perte_conscience,,,,,,,,,,,epilepsie
difficulte_a_parler,essoufflement,oppression_thoracique,sifflement_respiratoire,toux_seche,,,,,,,,,,,asthme
douleurs_musculaires,fatigue,fievre,maux_de_tete,perte_odorat,toux_seche,,,,,,,,,,covid19
bradycardie,cheveux_cassants,constipation,fatigue,frilosite,oedemes,peau_seche,prise_de_poids,,,,,,,,hypothyroidie
brulures_estomac,douleurs_abdominales,nausees,perte_de_poids,sang_dans_selles,vomissements,,,,,,,,,,ulcere_gastrique
chaleur_articulaire,douleurs_articulaires,limitation_mouvement,raideur_matinale,,,,,,,,,,,,arthrite
croutes,demangeaisons,eruption_cutanee,peau_qui_suinte,peau_seche,sensibilite_peau,,,,,,,,,,eczema
douleur_thoracique,essoufflement,expectorations,fatigue,fievre,sifflement_respiratoire,toux,,,,,,,,,bronchite
anxiete,douleur_bras_gauche,douleur_thoracique,sueurs_froides,vertiges,,,,,,,,,,,infarctus
bourdonnements_oreilles,fatigue,maux_de_tete,vision_trouble,,,,,,,,,,,,hypertension
aura,confusion_post_crise,convulsions,fatigue_post_crise,incontinence,morsure_langue,perte_conscience,,,,,,,,,epilepsie
douleur_au_mouvement,fievre,nausees,perte_appetit,vomissements,,,,,,,,,,,appendicite
chaleur_articulaire,douleurs_articulaires,fatigue,gonflement_articulations,limitation_mouvement,perte_appetit,raideur_matinale,,,,,,,,,arthrite
difficulte_a_avaler,fatigue,fievre,ganglions_gonfles,mal_gorge,maux_de_tete,nausees,,,,,,,,,angine
anxiete,fatigue,palpitations,vertiges,,,,,,,,,,,,arythmie
bourdonnements_oreilles,epistaxis,essoufflement,fatigue,vertiges,vision_trouble,,,,,,,,,,hypertension
douleurs_musculaires,fatigue,fievre,mal_gorge,maux_de_tete,nez_qui_coule,perte_appetit,toux,,,,,,,,grippe
douleur_thoracique,expectorations,fievre,frissons,maux_de_tete,toux,,,,,,,,,,pneumonie
essoufflement,fatigue,maux_de_tete,vertiges,vision_trouble,,,,,,,,,,,hypertension
douleur_dos,douleur_position,fatigue,raideur_dos,spasmes_musculaires,,,,,,,,,,,lombalgie
douleur_thoracique,essoufflement,expectorations,fatigue,fievre,sueurs_nocturnes,,,,,,,,,,pneumonie
bourdonnements_oreilles,epistaxis,essoufflement,maux_de_tete,palpitations,vertiges,vision_trouble,,,,,,,,,hypertension
confusion,eruption_cutanee,fievre,maux_de_tete_intense,nausees,photophobie,raideur_nuque,vomissements,,,,,,,,meningite
constipation,depression,frilosite,oedemes,peau_seche,prise_de_poids,,,,,,,,,,hypothyroidie
aura_visuelle,maux_de_tete_intense,nausees,sensibilite_bruit,vertiges,vomissements,,,,,,,,,,migraine
douleurs_musculaires,fievre_cyclique,frissons,maux_de_tete,nausees,,,,,,,,,,,paludisme
exophtalmie,insomnie,palpitations,perte_de_poids,sudation_excessive,tremblements,,,,,,,,,,hyperthyroidie
abdomen_gonflé,essoufflement,fatigue,oedemes_jambes,prise_de_poids,toux_nocturne,vertiges,,,,,,,,,insuffisance_cardiaque
fatigue,irradiation_jambe,limitation_mouvement,raideur_dos,spasmes_musculaires,,,,,,,,,,,lombalgie
fatigue,fievre,jaunisse,nausees,perte_appetit,urine_foncee,vomissements,,,,,,,,,hepatite
brulures_estomac,douleurs_abdominales,nausees,perte_de_poids,sang_dans_selles,vomissements,,,,,,,,,,ulcere_gastrique
brulures_estomac,douleurs_abdominales,nausees,perte_de_poids,sang_dans_selles,,,,,,,,,,,ulcere_gastrique
cheveux_cassants,constipation,depression,fatigue,frilosite,oedemes,prise_de_poids,,,,,,,,,hypothyroidie
diarrhee,fatigue,fievre,mal_gorge,perte_odorat,toux_seche,,,,,,,,,,covid19
douleur_abdominale_droite,fatigue,fievre,jaunisse,nausees,perte_appetit,selles_decolorees,urine_foncee,,,,,,,,hepatite
douleurs_musculaires,fatigue,fievre,maux_de_tete,perte_appetit,toux,,,,,,,,,,grippe
aura,confusion_post_crise,convulsions,fatigue_post_crise,incontinence,morsure_langue,perte_conscience,,,,,,,,,epilepsie
douleur_thoracique,essoufflement,fatigue,palpitations,syncope,vertiges,,,,,,,,,,arythmie
eternuements,nez_qui_coule,obstruction_nasale,toux,yeux_qui_piquent,,,,,,,,,,,rhinite_allergique
douleur_thoracique,essoufflement,expectorations,fatigue,fievre,maux_de_tete,toux,,,,,,,,,pneumonie
nausees,sensibilite_bruit,sensibilite_lumiere,vertiges,vomissements,,,,,,,,,,,migraine
confusion,eruption_cutanee,fievre,maux_de_tete_intense,photophobie,raideur_nuque,vomissements,,,,,,,,,meningite
faim_excessive,fatigue,fourmillements,perte_de_poids,soif_excessive,urines_frequentes,vision_trouble,,,,,,,,,diabete_type2
anxiete,difficulte_a_parler,essoufflement,fatigue,sifflement_respiratoire,toux_seche,,,,,,,,,,asthme
bourdonnements_oreilles,epistaxis,essoufflement,maux_de_tete,palpitations,vertiges,vision_trouble,,,,,,,,,hypertension
fatigue,fievre,mal_gorge,maux_de_tete,nez_qui_coule,perte_appetit,,,,,,,,,,grippe
essoufflement,expectorations,fatigue,fievre,toux,,,,,,,,,,,pneumonie
bourdonnements_oreilles,essoufflement,fatigue,maux_de_tete,vertiges,vision_trouble,,,,,,,,,,hypertension
aura_visuelle,fatigue,maux_de_tete_intense,nausees,sensibilite_bruit,vomissements,,,,,,,,,,migraine
fatigue,maux_de_tete_intense,nausees,sensibilite_lumiere,,,,,,,,,,,,migraine
abdomen_gonflé,fatigue,oedemes_jambes,palpitations,prise_de_poids,toux_nocturne,vertiges,,,,,,,,,insuffisance_cardiaque
difficulte_a_avaler,fievre,mal_gorge,maux_de_tete,nausees,,,,,,,,,,,angine
anxiete,douleur_thoracique,essoufflement,fatigue,palpitations,vertiges,,,,,,,,,,arythmie
bourdonnements_oreilles,epistaxis,essoufflement,fatigue,maux_de_tete,palpitations,vertiges,,,,,,,,,hypertension
demangeaisons,eternuements,fatigue,nez_qui_coule,obstruction_nasale,toux,yeux_qui_piquent,,,,,,,,,rhinite_allergique
chaleur_articulaire,douleurs_articulaires,fatigue,gonflement_articulations,perte_appetit,raideur_matinale,,,,,,,,,,arthrite
alternance_diarrhee_constipation,ballonnements,crampes,douleurs_abdominales,gaz,nausees,,,,,,,,,,syndrome_colon_irritable
eruption_cutanee,fievre,maux_de_tete_intense,nausees,photophobie,raideur_nuque,vomissements,,,,,,,,,meningite
constipation,douleur_abdominale_droite,douleur_au_mouvement,fievre,vomissements,,,,,,,,,,,appendicite
douleur_thoracique,essoufflement,expectorations,fatigue,maux_de_tete,sueurs_nocturnes,toux,,,,,,,,,pneumonie
anxiete,difficulte_a_parler,essoufflement,oppression_thoracique,sifflement_respiratoire,toux_seche,,,,,,,,,,asthme
anxiete,difficulte_a_parler,essoufflement,oppression_thoracique,sifflement_respiratoire,,,,,,,,,,,asthme
confusion,faiblesse_bras,maux_de_tete_soudain,paralysie_faciale,perte_equilibre,vertiges,,,,,,,,,,avc
difficulte_a_avaler,fatigue,fievre,ganglions_gonfles,mal_gorge,maux_de_tete,nausees,,,,,,,,,angine
alternance_diarrhee_constipation,ballonnements,crampes,douleurs_abdominales,fatigue,gaz,nausees,,,,,,,,,syndrome_colon_irritable
anxiete,difficulte_a_parler,essoufflement,fatigue,oppression_thoracique,sifflement_respiratoire,toux_seche,,,,,,,,,asthme
douleur_thoracique,essoufflement,expectorations,fatigue,fievre,sifflement_respiratoire,toux,,,,,,,,,bronchite
bradycardie,cheveux_cassants,constipation,depression,fatigue,frilosite,prise_de_poids,,,,,,,,,hypothyroidie
fatigue,maux_de_tete_intense,nausees,sensibilite_lumiere,vertiges,vomissements,,,,,,,,,,migraine
douleur_thoracique,essoufflement,expectorations,fatigue,fievre,toux,,,,,,,,,,pneumonie
fatigue,fievre_cyclique,frissons,maux_de_tete,nausees,sueurs,vomissements,,,,,,,,,paludisme
faiblesse_bras,maux_de_tete_soudain,paralysie_faciale,perte_equilibre,trouble_parole,vertiges,,,,,,,,,,avc
chaleur_articulaire,douleurs_articulaires,fatigue,gonflement_articulations,raideur_matinale,,,,,,,,,,,arthrite
anxiete,fatigue,palpitations,vertiges,,,,,,,,,,,,arythmie
douleur_thoracique,essoufflement,expectorations,fatigue,fievre,maux_de_tete,toux,,,,,,,,,pneumonie
confusion,faiblesse_bras,maux_de_tete_soudain,paralysie_faciale,perte_equilibre,trouble_parole,trouble_vision,vertiges,,,,,,,,avc
demangeaisons,eruption_cutanee,inflammation,peau_rouge,peau_seche,,,,,,,,,,,eczema
bradycardie,constipation,depression,fatigue,frilosite,oedemes,peau_seche,prise_de_poids,,,,,,,,hypothyroidie
croutes,eruption_cutanee,peau_rouge,peau_seche,sensibilite_peau,,,,,,,,,,,eczema
fourmillements,perte_de_poids,soif_excessive,urines_frequentes,vision_trouble,,,,,,,,,,,diabete_type2
diarrhee,insomnie,nervosité,palpitations,tremblements,,,,,,,,,,,hyperthyroidie
confusion,faiblesse_bras,maux_de_tete_soudain,paralysie_faciale,perte_equilibre,trouble_parole,trouble_vision,vertiges,,,,,,,,avc
aura_visuelle,maux_de_tete_intense,nausees,sensibilite_bruit,sensibilite_lumiere,vertiges,vomissements,,,,,,,,,migraine
maux_de_tete_intense,nausees,sensibilite_bruit,sensibilite_lumiere,vomissements,,,,,,,,,,,migraine
confusion,eruption_cutanee,fievre,maux_de_tete_intense,nausees,photophobie,,,,,,,,,,meningite
douleur_dos,douleur_position,fatigue,irradiation_jambe,limitation_mouvement,spasmes_musculaires,,,,,,,,,,lombalgie
fatigue,fievre,frissons,maux_de_tete,toux,,,,,,,,,,,grippe
anxiete,douleur_thoracique,essoufflement,syncope,vertiges,,,,,,,,,,,arythmie
douleurs_musculaires,fatigue,fievre,frissons,mal_gorge,nez_qui_coule,toux,,,,,,,,,grippe
exophtalmie,fatigue,insomnie,palpitations,perte_de_poids,sudation_excessive,tremblements,,,,,,,,,hyperthyroidie
chaleur_articulaire,douleurs_articulaires,gonflement_articulations,limitation_mouvement,perte_appetit,raideur_matinale,,,,,,,,,,arthrite
fatigue,fievre,jaunisse,nausees,perte_appetit,selles_decolorees,urine_foncee,,,,,,,,,hepatite
constipation,douleur_abdominale_droite,fievre,nausees,vomissements,,,,,,,,,,,appendicite
confusion,faiblesse_bras,paralysie_faciale,perte_equilibre,trouble_parole,trouble_vision,vertiges,,,,,,,,,avc
difficulte_a_avaler,fievre,ganglions_gonfles,mal_gorge,maux_de_tete,nausees,toux,,,,,,,,,angine
cicatrisation_lente,faim_excessive,fatigue,soif_excessive,vision_trouble,,,,,,,,,,,diabete_type2
douleur_thoracique,fievre,hemoptysie,perte_de_poids,sueurs_nocturnes,toux_chronique,,,,,,,,,,tuberculose
difficulte_a_avaler,fatigue,fievre,ganglions_gonfles,toux,,,,,,,,,,,angine
bourdonnements_oreilles,epistaxis,fatigue,maux_de_tete,vertiges,vision_trouble,,,,,,,,,,hypertension
exophtalmie,insomnie,nervosité,palpitations,perte_de_poids,,,,,,,,,,,hyperthyroidie
diarrhee,fatigue,insomnie,nervosité,perte_de_poids,sudation_excessive,tremblements,,,,,,,,,hyperthyroidie
douleur_thoracique,essoufflement,expectorations,fatigue,fievre,sifflement_respiratoire,toux,,,,,,,,,bronchite
douleur_thoracique,essoufflement,expectorations,frissons,toux,,,,,,,,,,,pneumonie
brulures_estomac,douleurs_abdominales,faim_douloureuse,nausees,perte_de_poids,sang_dans_selles,vomissements,,,,,,,,,ulcere_gastrique
demangeaisons,douleurs_articulaires,inflammation,ongles_epaissis,peau_ecailleuse,plaques_peau,sensibilite_peau,,,,,,,,,psoriasis
cicatrisation_lente,faim_excessive,fourmillements,perte_de_poids,soif_excessive,urines_frequentes,vision_trouble,,,,,,,,,diabete_type2
douleur_thoracique,fatigue,fievre,sueurs_nocturnes,toux_chronique,,,,,,,,,,,tuberculose
confusion,faiblesse_bras,maux_de_tete_soudain,paralysie_faciale,trouble_parole,vertiges,,,,,,,,,,avc
alternance_diarrhee_constipation,ballonnements,douleurs_abdominales,fatigue,gaz,,,,,,,,,,,syndrome_colon_irritable
douleur_thoracique,essoufflement,expectorations,fievre,toux,,,,,,,,,,,bronchite
bourdonnements_oreilles,epistaxis,fatigue,maux_de_tete,palpitations,vertiges,vision_trouble,,,,,,,,,hypertension
douleur_thoracique,palpitations,syncope,vertiges,,,,,,,,,,,,arythmie
croutes,demangeaisons,eruption_cutanee,peau_qui_suinte,peau_rouge,,,,,,,,,,,eczema
maux_de_tete,nez_qui_coule,obstruction_nasale,yeux_qui_piquent,,,,,,,,,,,,rhinite_allergique
difficulte_a_avaler,fievre,ganglions_gonfles,nausees,,,,,,,,,,,,angine
demangeaisons,douleurs_articulaires,inflammation,ongles_epaissis,peau_ecailleuse,sensibilite_peau,,,,,,,,,,psoriasis
constipation,douleur_abdominale_droite,fievre,nausees,perte_appetit,vomissements,,,,,,,,,,appendicite
bourdonnements_oreilles,essoufflement,fatigue,palpitations,vertiges,vision_trouble,,,,,,,,,,hypertension
fatigue,fievre,jaunisse,nausees,perte_appetit,urine_foncee,vomissements,,,,,,,,,hepatite
fatigue,maux_de_tete_intense,nausees,sensibilite_lumiere,vomissements,,,,,,,,,,,migraine
diarrhee,exophtalmie,fatigue,insomnie,nervosité,palpitations,perte_de_poids,,,,,,,,,hyperthyroidie
aura_visuelle,maux_de_tete_intense,nausees,sensibilite_bruit,sensibilite_lumiere,vertiges,vomissements,,,,,,,,,migraine
bradycardie,cheveux_cassants,constipation,fatigue,frilosite,peau_seche,prise_de_poids,,,,,,,,,hypothyroidie
alternance_diarrhee_constipation,ballonnements,douleurs_abdominales,fatigue,gaz,nausees,,,,,,,,,,syndrome_colon_irritable
difficulte_a_avaler,fatigue,ganglions_gonfles,mal_gorge,,,,,,,,,,,,angine
anemie,douleurs_musculaires,fatigue,fievre_cyclique,frissons,maux_de_tete,nausees,sueurs,,,,,,,,paludisme
aura,confusion_post_crise,convulsions,fatigue_post_crise,incontinence,morsure_langue,perte_conscience,,,,,,,,,epilepsie
douleur_abdominale_droite,fatigue,fievre,jaunisse,nausees,perte_appetit,urine_foncee,,,,,,,,,hepatite
difficulte_a_avaler,fievre,ganglions_gonfles,maux_de_tete,nausees,,,,,,,,,,,angine
abdomen_gonflé,essoufflement,fatigue,toux_nocturne,vertiges,,,,,,,,,,,insuffisance_cardiaque
anemie,douleurs_musculaires,fievre_cyclique,frissons,sueurs,,,,,,,,,,,paludisme
confusion,eruption_cutanee,maux_de_tete_intense,nausees,photophobie,raideur_nuque,,,,,,,,,,meningite
anemie,douleurs_musculaires,fatigue,fievre_cyclique,frissons,maux_de_tete,nausees,sueurs,,,,,,,,paludisme
bradycardie,cheveux_cassants,constipation,depression,fatigue,frilosite,peau_seche,prise_de_poids,,,,,,,,hypothyroidie
diarrhee,douleurs_abdominales,fatigue,nausees,perte_appetit,,,,,,,,,,,gastroenterite
bourdonnements_oreilles,essoufflement,maux_de_tete,palpitations,vertiges,vision_trouble,,,,,,,,,,hypertension
bradycardie,cheveux_cassants,constipation,depression,fatigue,frilosite,oedemes,prise_de_poids,,,,,,,,hypothyroidie
essoufflement,expectorations,fievre,frissons,sueurs_nocturnes,toux,,,,,,,,,,pneumonie
bourdonnements_oreilles,essoufflement,fatigue,maux_de_tete,vision_trouble,,,,,,,,,,,hypertension
brulures_estomac,douleurs_abdominales,faim_douloureuse,nausees,perte_de_poids,sang_dans_selles,vomissements,,,,,,,,,ulcere_gastrique
douleur_abdominale_droite,fatigue,fievre,jaunisse,perte_appetit,selles_decolorees,,,,,,,,,,hepatite
confusion,faiblesse_bras,paralysie_faciale,perte_equilibre,trouble_parole,trouble_vision,vertiges,,,,,,,,,avc
douleur_thoracique,essoufflement,expectorations,fatigue,fievre,sueurs_nocturnes,toux,,,,,,,,,pneumonie
bourdonnements_oreilles,epistaxis,maux_de_tete,palpitations,vertiges,vision_trouble,,,,,,,,,,hypertension
chaleur_articulaire,douleurs_articulaires,fatigue,gonflement_articulations,raideur_matinale,,,,,,,,,,,arthrite
cicatrisation_lente,faim_excessive,fatigue,fourmillements,perte_de_poids,soif_excessive,urines_frequentes,vision_trouble,,,,,,,,diabete_type2
douleur_thoracique,fatigue,fievre,perte_de_poids,toux_chronique,,,,,,,,,,,tuberculose
anemie,fatigue,fievre_cyclique,frissons,maux_de_tete,sueurs,,,,,,,,,,paludisme
fievre,ganglions_gonfles,mal_gorge,nausees,,,,,,,,,,,,angine
brulures_estomac,douleurs_abdominales,faim_douloureuse,nausees,perte_de_poids,sang_dans_selles,,,,,,,,,,ulcere_gastrique
bradycardie,constipation,depression,fatigue,frilosite,oedemes,peau_seche,prise_de_poids,,,,,,,,hypothyroidie
alternance_diarrhee_constipation,ballonnements,crampes,douleurs_abdominales,fatigue,nausees,,,,,,,,,,syndrome_colon_irritable
douleur_abdominale_droite,fatigue,jaunisse,perte_appetit,urine_foncee,vomissements,,,,,,,,,,hepatite
douleurs_abdominales,fatigue,fievre,nausees,perte_appetit,vomissements,,,,,,,,,,gastroenterite
douleur_abdominale_droite,fatigue,jaunisse,perte_appetit,urine_foncee,vomissements,,,,,,,,,,hepatite
essoufflement,fatigue,oedemes_jambes,prise_de_poids,toux_nocturne,vertiges,,,,,,,,,,insuffisance_cardiaque
aura_visuelle,fatigue,maux_de_tete_intense,nausees,sensibilite_bruit,sensibilite_lumiere,,,,,,,,,,migraine
confusion,eruption_cutanee,fievre,maux_de_tete_intense,nausees,photophobie,vomissements,,,,,,,,,meningite
demangeaisons,douleurs_articulaires,inflammation,ongles_epaissis,plaques_peau,,,,,,,,,,,psoriasis
alternance_diarrhee_constipation,ballonnements,crampes,douleurs_abdominales,fatigue,gaz,nausees,,,,,,,,,syndrome_colon_irritable
exophtalmie,fatigue,nervosité,palpitations,perte_de_poids,sudation_excessive,tremblements,,,,,,,,,hyperthyroidie
fatigue,maux_de_tete_intense,sensibilite_bruit,sensibilite_lumiere,vertiges,vomissements,,,,,,,,,,migraine
douleur_dos,douleur_position,fatigue,irradiation_jambe,limitation_mouvement,raideur_dos,spasmes_musculaires,,,,,,,,,lombalgie
eruption_cutanee,fievre,maux_de_tete_intense,photophobie,raideur_nuque,vomissements,,,,,,,,,,meningite
demangeaisons,eternuements,fatigue,maux_de_tete,nez_qui_coule,yeux_qui_piquent,,,,,,,,,,rhinite_allergique
abdomen_gonflé,fatigue,oedemes_jambes,palpitations,prise_de_poids,toux_nocturne,,,,,,,,,,insuffisance_cardiaque
confusion_post_crise,convulsions,fatigue_post_crise,incontinence,morsure_langue,perte_conscience,,,,,,,,,,epilepsie
constipation,douleur_abdominale_droite,fievre,nausees,vomissements,,,,,,,,,,,appendicite
alternance_diarrhee_constipation,ballonnements,douleurs_abdominales,fatigue,gaz,,,,,,,,,,,syndrome_colon_irritable
alternance_diarrhee_constipation,ballonnements,crampes,douleurs_abdominales,fatigue,nausees,,,,,,,,,,syndrome_colon_irritable
douleur_abdominale_droite,douleur_au_mouvement,nausees,perte_appetit,vomissements,,,,,,,,,,,appendicite
exophtalmie,fatigue,nervosité,palpitations,perte_de_poids,tremblements,,,,,,,,,,hyperthyroidie
douleur_dos,douleur_position,fatigue,limitation_mouvement,raideur_dos,,,,,,,,,,,lombalgie
fievre,maux_de_tete_intense,nausees,photophobie,raideur_nuque,vomissements,,,,,,,,,,meningite
douleurs_musculaires,essoufflement,fatigue,fievre,mal_gorge,maux_de_tete,perte_odorat,toux_seche,,,,,,,,covid19
anxiete,douleur_bras_gauche,douleur_thoracique,fatigue_extreme,nausees,sueurs_froides,vertiges,,,,,,,,,infarctus
brulures_estomac,douleurs_abdominales,nausees,perte_de_poids,vomissements,,,,,,,,,,,ulcere_gastrique
brulures_estomac,douleurs_abdominales,nausees,perte_de_poids,sang_dans_selles,vomissements,,,,,,,,,,ulcere_gastrique
douleur_thoracique,essoufflement,fatigue,syncope,vertiges,,,,,,,,,,,arythmie
douleur_abdominale_droite,fatigue,jaunisse,nausees,selles_decolorees,urine_foncee,vomissements,,,,,,,,,hepatite
douleurs_articulaires,inflammation,ongles_epaissis,peau_ecailleuse,plaques_peau,sensibilite_peau,,,,,,,,,,psoriasis
confusion,maux_de_tete_intense,photophobie,raideur_nuque,vomissements,,,,,,,,,,,meningite
brulures_estomac,douleurs_abdominales,faim_douloureuse,nausees,perte_de_poids,sang_dans_selles,vomissements,,,,,,,,,ulcere_gastrique
douleurs_musculaires,fatigue,fievre,frissons,maux_de_tete,perte_appetit,toux,,,,,,,,,grippe
aura_visuelle,maux_de_tete_intense,nausees,sensibilite_bruit,sensibilite_lumiere,vertiges,vomissements,,,,,,,,,migraine
essoufflement,fatigue,oedemes_jambes,prise_de_poids,toux_nocturne,vertiges,,,,,,,,,,insuffisance_cardiaque
douleur_thoracique,essoufflement,expectorations,fatigue,fievre,toux,,,,,,,,,,pneumonie
douleur_thoracique,essoufflement,nausees,sueurs_froides,vertiges,,,,,,,,,,,infarctus
crampes,diarrhee,douleurs_abdominales,nausees,perte_appetit,vomissements,,,,,,,,,,gastroenterite
anemie,douleurs_musculaires,fievre_cyclique,frissons,nausees,sueurs,,,,,,,,,,paludisme
douleurs_musculaires,fatigue,fievre,mal_gorge,maux_de_tete,nez_qui_coule,toux,,,,,,,,,grippe
douleur_abdominale_droite,fievre,jaunisse,perte_appetit,selles_decolorees,urine_foncee,,,,,,,,,,hepatite
douleur_thoracique,fievre,hemoptysie,perte_appetit,perte_de_poids,toux_chronique,,,,,,,,,,tuberculose
demangeaisons,eruption_cutanee,inflammation,peau_qui_suinte,peau_rouge,peau_seche,sensibilite_peau,,,,,,,,,eczema
constipation,douleur_abdominale_droite,fievre,vomissements,,,,,,,,,,,,appendicite
douleurs_musculaires,fatigue,fievre_cyclique,frissons,maux_de_tete,nausees,,,,,,,,,,paludisme
douleur_thoracique,essoufflement,expectorations,fievre,frissons,maux_de_tete,toux,,,,,,,,,pneumonie
douleurs_musculaires,fievre,maux_de_tete,perte_odorat,toux_seche,,,,,,,,,,,covid19
chaleur_articulaire,douleurs_articulaires,fievre,gonflement_articulations,,,,,,,,,,,,arthrite
brulures_estomac,douleurs_abdominales,faim_douloureuse,nausees,vomissements,,,,,,,,,,,ulcere_gastrique
cicatrisation_lente,fatigue,fourmillements,perte_de_poids,soif_excessive,urines_frequentes,,,,,,,,,,diabete_type2
anemie,douleurs_musculaires,fatigue,fievre_cyclique,frissons,maux_de_tete,nausees,sueurs,,,,,,,,paludisme
anxiete,difficulte_a_parler,essoufflement,fatigue,oppression_thoracique,sifflement_respiratoire,toux_seche,,,,,,,,,asthme
douleur_dos,douleur_position,fatigue,limitation_mouvement,,,,,,,,,,,,lombalgie
alternance_diarrhee_constipation,ballonnements,crampes,douleurs_abdominales,fatigue,gaz,,,,,,,,,,syndrome_colon_irritable
bradycardie,constipation,frilosite,oedemes,prise_de_poids,,,,,,,,,,,hypothyroidie
difficulte_a_avaler,ganglions_gonfles,mal_gorge,maux_de_tete,,,,,,,,,,,,angine
douleur_thoracique,essoufflement,fatigue,syncope,vertiges,,,,,,,,,,,arythmie
cicatrisation_lente,faim_excessive,fatigue,fourmillements,soif_excessive,urines_frequentes,,,,,,,,,,diabete_type2
douleur_abdominale_droite,douleur_au_mouvement,fievre,nausees,perte_appetit,vomissements,,,,,,,,,,appendicite
demangeaisons,inflammation,peau_qui_suinte,peau_rouge,peau_seche,sensibilite_peau,,,,,,,,,,eczema
bourdonnements_oreilles,maux_de_tete,palpitations,vertiges,vision_trouble,,,,,,,,,,,hypertension
cheveux_cassants,constipation,depression,fatigue,frilosite,peau_seche,,,,,,,,,,hypothyroidie
diarrhee,douleurs_abdominales,fatigue,fievre,nausees,perte_appetit,vomissements,,,,,,,,,gastroenterite
douleurs_abdominales,nausees,perte_appetit,vomissements,,,,,,,,,,,,gastroenterite
diarrhee,exophtalmie,insomnie,nervosité,perte_de_poids,tremblements,,,,,,,,,,hyperthyroidie
maux_de_tete_intense,nausees,sensibilite_bruit,sensibilite_lumiere,vertiges,,,,,,,,,,,migraine
douleurs_musculaires,fatigue,fievre,frissons,mal_gorge,maux_de_tete,perte_appetit,toux,,,,,,,,grippe
constipation,depression,fatigue,oedemes,prise_de_poids,,,,,,,,,,,hypothyroidie
chaleur_articulaire,douleurs_articulaires,fievre,gonflement_articulations,raideur_matinale,,,,,,,,,,,arthrite
douleur_dos,fatigue,irradiation_jambe,limitation_mouvement,,,,,,,,,,,,lombalgie
difficulte_a_avaler,fatigue,ganglions_gonfles,mal_gorge,toux,,,,,,,,,,,angine
anxiete,douleur_thoracique,essoufflement,fatigue,palpitations,vertiges,,,,,,,,,,arythmie
chaleur_articulaire,douleurs_articulaires,fatigue,gonflement_articulations,limitation_mouvement,raideur_matinale,,,,,,,,,,arthrite
alternance_diarrhee_constipation,ballonnements,douleurs_abdominales,fatigue,gaz,,,,,,,,,,,syndrome_colon_irritable
diarrhee,douleurs_abdominales,fievre,nausees,perte_appetit,vomissements,,,,,,,,,,gastroenterite
douleurs_musculaires,fatigue,frissons,maux_de_tete,nausees,sueurs,vomissements,,,,,,,,,paludisme
douleur_thoracique,essoufflement,expectorations,fatigue,fievre,toux,,,,,,,,,,bronchite
diarrhee,douleurs_abdominales,fatigue,fievre,perte_appetit,vomissements,,,,,,,,,,gastroenterite
diarrhee,nervosité,palpitations,sudation_excessive,tremblements,,,,,,,,,,,hyperthyroidie
bradycardie,constipation,fatigue,frilosite,oedemes,prise_de_poids,,,,,,,,,,hypothyroidie
brulures_estomac,douleurs_abdominales,faim_douloureuse,nausees,perte_de_poids,sang_dans_selles,vomissements,,,,,,,,,ulcere_gastrique
douleur_abdominale_droite,fatigue,fievre,jaunisse,nausees,urine_foncee,,,,,,,,,,hepatite
anemie,fievre_cyclique,frissons,sueurs,vomissements,,,,,,,,,,,paludisme
anxiete,douleur_thoracique,essoufflement,fatigue_extreme,nausees,sueurs_froides,vertiges,,,,,,,,,infarctus
chaleur_articulaire,douleurs_articulaires,fatigue,gonflement_articulations,,,,,,,,,,,,arthrite
croutes,demangeaisons,eruption_cutanee,peau_qui_suinte,peau_seche,sensibilite_peau,,,,,,,,,,eczema
brulures_estomac,douleurs_abdominales,nausees,sang_dans_selles,vomissements,,,,,,,,,,,ulcere_gastrique
douleurs_articulaires,inflammation,peau_ecailleuse,plaques_peau,,,,,,,,,,,,psoriasis
douleur_dos,douleur_position,fatigue,irradiation_jambe,limitation_mouvement,spasmes_musculaires,,,,,,,,,,lombalgie
anxiete,difficulte_a_parler,essoufflement,fatigue,oppression_thoracique,sifflement_respiratoire,toux_seche,,,,,,,,,asthme
douleurs_musculaires,fievre,frissons,maux_de_tete,toux,,,,,,,,,,,grippe
essoufflement,fatigue,oppression_thoracique,sifflement_respiratoire,toux_seche,,,,,,,,,,,asthme
anxiete,essoufflement,fatigue,palpitations,vertiges,,,,,,,,,,,arythmie
brulures_estomac,douleurs_abdominales,faim_douloureuse,nausees,vomissements,,,,,,,,,,,ulcere_gastrique
eruption_cutanee,fievre,maux_de_tete_intense,photophobie,raideur_nuque,vomissements,,,,,,,,,,meningite
douleur_thoracique,essoufflement,expectorations,fatigue,sifflement_respiratoire,toux,,,,,,,,,,bronchite
douleurs_musculaires,fatigue,fievre_cyclique,frissons,maux_de_tete,sueurs,vomissements,,,,,,,,,paludisme
douleurs_musculaires,frissons,maux_de_tete,sueurs,vomissements,,,,,,,,,,,paludisme
diarrhee,essoufflement,fatigue,fievre,mal_gorge,maux_de_tete,perte_odorat,,,,,,,,,covid19
demangeaisons,eternuements,maux_de_tete,nez_qui_coule,obstruction_nasale,toux,yeux_qui_piquent,,,,,,,,,rhinite_allergique
bourdonnements_oreilles,fatigue,vertiges,vision_trouble,,,,,,,,,,,,hypertension
anxiete,douleur_bras_gauche,douleur_thoracique,essoufflement,nausees,sueurs_froides,vertiges,,,,,,,,,infarctus
douleur_thoracique,fatigue,fievre,perte_de_poids,sueurs_nocturnes,,,,,,,,,,,tuberculose
douleurs_musculaires,fatigue,fievre_cyclique,frissons,maux_de_tete,nausees,sueurs,vomissements,,,,,,,,paludisme
anxiete,douleur_bras_gauche,douleur_thoracique,essoufflement,fatigue_extreme,nausees,sueurs_froides,vertiges,,,,,,,,infarctus
anxiete,douleur_bras_gauche,essoufflement,sueurs_froides,vertiges,,,,,,,,,,,infarctus
essoufflement,expectorations,fatigue,fievre,toux,,,,,,,,,,,bronchite
faiblesse_bras,maux_de_tete_soudain,paralysie_faciale,perte_equilibre,trouble_parole,trouble_vision,vertiges,,,,,,,,,avc
difficulte_a_avaler,fatigue,fievre,ganglions_gonfles,mal_gorge,maux_de_tete,,,,,,,,,,angine
difficulte_a_avaler,fatigue,fievre,ganglions_gonfles,mal_gorge,maux_de_tete,,,,,,,,,,angine
demangeaisons,eruption_cutanee,peau_rouge,peau_seche,sensibilite_peau,,,,,,,,,,,eczema
anemie,douleurs_musculaires,fatigue,fievre_cyclique,frissons,maux_de_tete,sueurs,,,,,,,,,paludisme
cicatrisation_lente,faim_excessive,fatigue,fourmillements,perte_de_poids,soif_excessive,urines_frequentes,vision_trouble,,,,,,,,diabete_type2
fievre_cyclique,frissons,maux_de_tete,nausees,sueurs,vomissements,,,,,,,,,,paludisme
chaleur_articulaire,fatigue,gonflement_articulations,raideur_matinale,,,,,,,,,,,,arthrite
bourdonnements_oreilles,epistaxis,fatigue,maux_de_tete,palpitations,vertiges,vision_trouble,,,,,,,,,hypertension
aura,confusion_post_crise,convulsions,incontinence,perte_conscience,,,,,,,,,,,epilepsie
douleur_bras_gauche,douleur_thoracique,essoufflement,fatigue_extreme,sueurs_froides,vertiges,,,,,,,,,,infarctus
eternuements,fatigue,obstruction_nasale,yeux_qui_piquent,,,,,,,,,,,,rhinite_allergique
douleur_abdominale_droite,fatigue,fievre,jaunisse,nausees,selles_decolorees,,,,,,,,,,hepatite
bradycardie,constipation,depression,fatigue,frilosite,oedemes,peau_seche,prise_de_poids,,,,,,,,hypothyroidie
insomnie,nervosité,palpitations,perte_de_poids,sudation_excessive,tremblements,,,,,,,,,,hyperthyroidie
douleur_thoracique,essoufflement,fievre,frissons,maux_de_tete,sueurs_nocturnes,toux,,,,,,,,,pneumonie
douleur_abdominale_droite,fatigue,perte_appetit,selles_decolorees,urine_foncee,,,,,,,,,,,hepatite
maux_de_tete_intense,nausees,sensibilite_bruit,sensibilite_lumiere,vomissements,,,,,,,,,,,migraine
epistaxis,maux_de_tete,palpitations,vertiges,vision_trouble,,,,,,,,,,,hypertension
essoufflement,fatigue,sifflement_respiratoire,toux_seche,,,,,,,,,,,,asthme
douleurs_musculaires,fievre,frissons,maux_de_tete,nez_qui_coule,perte_appetit,toux,,,,,,,,,grippe
douleurs_articulaires,inflammation,peau_ecailleuse,plaques_peau,sensibilite_peau,,,,,,,,,,,psoriasis
confusion,eruption_cutanee,fievre,maux_de_tete_intense,nausees,photophobie,raideur_nuque,vomissements,,,,,,,,meningite
douleurs_musculaires,fatigue,fievre,mal_gorge,perte_appetit,,,,,,,,,,,grippe
fatigue,fievre,perte_appetit,perte_de_poids,sueurs_nocturnes,,,,,,,,,,,tuberculose
eternuements,fatigue,maux_de_tete,obstruction_nasale,toux,yeux_qui_piquent,,,,,,,,,,rhinite_allergique
diarrhee,douleurs_musculaires,essoufflement,fatigue,fievre,maux_de_tete,toux_seche,,,,,,,,,covid19
bourdonnements_oreilles,epistaxis,maux_de_tete,palpitations,vertiges,vision_trouble,,,,,,,,,,hypertension
aura_visuelle,fatigue,maux_de_tete_intense,nausees,sensibilite_bruit,vomissements,,,,,,,,,,migraine
maux_de_tete_intense,nausees,sensibilite_bruit,sensibilite_lumiere,vomissements,,,,,,,,,,,migraine
anxiete,douleur_bras_gauche,douleur_thoracique,essoufflement,fatigue_extreme,nausees,sueurs_froides,vertiges,,,,,,,,infarctus
douleur_dos,fatigue,irradiation_jambe,limitation_mouvement,raideur_dos,spasmes_musculaires,,,,,,,,,,lombalgie
demangeaisons,douleurs_articulaires,ongles_epaissis,peau_ecailleuse,plaques_peau,sensibilite_peau,,,,,,,,,,psoriasis
douleur_thoracique,essoufflement,expectorations,fievre,maux_de_tete,toux,,,,,,,,,,pneumonie
essoufflement,fatigue,prise_de_poids,toux_nocturne,vertiges,,,,,,,,,,,insuffisance_cardiaque
alternance_diarrhee_constipation,ballonnements,crampes,douleurs_abdominales,fatigue,gaz,nausees,,,,,,,,,syndrome_colon_irritable
douleur_abdominale_droite,fatigue,fievre,jaunisse,nausees,selles_decolorees,urine_foncee,vomissements,,,,,,,,hepatite
diarrhee,douleurs_musculaires,essoufflement,fatigue,fievre,mal_gorge,perte_odorat,,,,,,,,,covid19
crampes,diarrhee,douleurs_abdominales,nausees,vomissements,,,,,,,,,,,gastroenterite
douleur_thoracique,essoufflement,expectorations,fatigue,fievre,sifflement_respiratoire,toux,,,,,,,,,bronchite
douleurs_musculaires,fatigue,fievre,frissons,maux_de_tete,nez_qui_coule,toux,,,,,,,,,grippe
douleurs_musculaires,fievre,frissons,mal_gorge,maux_de_tete,nez_qui_coule,,,,,,,,,,grippe
diarrhee,fatigue,fievre,nausees,perte_appetit,vomissements,,,,,,,,,,gastroenterite
douleur_abdominale_droite,fatigue,jaunisse,perte_appetit,urine_foncee,vomissements,,,,,,,,,,hepatite
chaleur_articulaire,douleurs_articulaires,fievre,gonflement_articulations,limitation_mouvement,raideur_matinale,,,,,,,,,,arthrite
anxiete,douleur_bras_gauche,douleur_thoracique,essoufflement,fatigue_extreme,vertiges,,,,,,,,,,infarctus
chaleur_articulaire,douleurs_articulaires,fievre,gonflement_articulations,limitation_mouvement,perte_appetit,raideur_matinale,,,,,,,,,arthrite
fatigue,fievre,jaunisse,nausees,perte_appetit,urine_foncee,,,,,,,,,,hepatite
douleur_abdominale_droite,fatigue,fievre,jaunisse,nausees,selles_decolorees,urine_foncee,vomissements,,,,,,,,hepatite
douleur_bras_gauche,douleur_thoracique,essoufflement,nausees,sueurs_froides,vertiges,,,,,,,,,,infarctus
douleurs_musculaires,fatigue,fievre,perte_appetit,toux,,,,,,,,,,,grippe
demangeaisons,eternuements,nez_qui_coule,obstruction_nasale,yeux_qui_piquent,,,,,,,,,,,rhinite_allergique
faim_excessive,fatigue,fourmillements,soif_excessive,urines_frequentes,vision_trouble,,,,,,,,,,diabete_type2
douleur_position,limitation_mouvement,raideur_dos,spasmes_musculaires,,,,,,,,,,,,lombalgie
douleur_thoracique,essoufflement,expectorations,fatigue,frissons,maux_de_tete,toux,,,,,,,,,pneumonie
anxiete,douleur_bras_gauche,essoufflement,fatigue_extreme,nausees,sueurs_froides,vertiges,,,,,,,,,infarctus
douleur_bras_gauche,douleur_thoracique,essoufflement,fatigue_extreme,nausees,sueurs_froides,,,,,,,,,,infarctus
maux_de_tete_intense,nausees,sensibilite_bruit,sensibilite_lumiere,vertiges,,,,,,,,,,,migraine
alternance_diarrhee_constipation,ballonnements,douleurs_abdominales,gaz,nausees,,,,,,,,,,,syndrome_colon_irritable
demangeaisons,eruption_cutanee,peau_rouge,peau_seche,sensibilite_peau,,,,,,,,,,,eczema
brulures_estomac,douleurs_abdominales,faim_douloureuse,nausees,sang_dans_selles,,,,,,,,,,,ulcere_gastrique
alternance_diarrhee_constipation,ballonnements,crampes,douleurs_abdominales,fatigue,nausees,,,,,,,,,,syndrome_colon_irritable
douleurs_musculaires,fatigue,fievre,frissons,mal_gorge,maux_de_tete,nez_qui_coule,,,,,,,,,grippe
aura_visuelle,maux_de_tete_intense,nausees,sensibilite_bruit,sensibilite_lumiere,,,,,,,,,,,migraine
difficulte_a_parler,essoufflement,oppression_thoracique,sifflement_respiratoire,toux_seche,,,,,,,,,,,asthme
constipation,douleur_abdominale_droite,fievre,nausees,vomissements,,,,,,,,,,,appendicite
difficulte_a_avaler,fievre,mal_gorge,toux,,,,,,,,,,,,angine
confusion,eruption_cutanee,fievre,maux_de_tete_intense,nausees,photophobie,raideur_nuque,,,,,,,,,meningite
douleurs_musculaires,fatigue,fievre_cyclique,frissons,maux_de_tete,nausees,sueurs,,,,,,,,,paludisme
douleurs_musculaires,essoufflement,fatigue,fievre,maux_de_tete,perte_odorat,,,,,,,,,,covid19
chaleur_articulaire,douleurs_articulaires,fatigue,fievre,gonflement_articulations,perte_appetit,raideur_matinale,,,,,,,,,arthrite
douleur_abdominale_droite,fatigue,fievre,jaunisse,nausees,perte_appetit,selles_decolorees,urine_foncee,,,,,,,,hepatite
croutes,demangeaisons,eruption_cutanee,inflammation,peau_qui_suinte,peau_rouge,,,,,,,,,,eczema
crampes,diarrhee,douleurs_abdominales,nausees,perte_appetit,vomissements,,,,,,,,,,gastroenterite
douleurs_musculaires,fatigue,fievre,perte_appetit,toux,,,,,,,,,,,grippe
douleurs_articulaires,inflammation,peau_ecailleuse,plaques_peau,,,,,,,,,,,,psoriasis
demangeaisons,douleurs_articulaires,inflammation,ongles_epaissis,peau_ecailleuse,plaques_peau,sensibilite_peau,,,,,,,,,psoriasis
douleur_thoracique,fatigue,hemoptysie,perte_de_poids,sueurs_nocturnes,toux_chronique,,,,,,,,,,tuberculose
anxiete,douleur_bras_gauche,douleur_thoracique,essoufflement,fatigue_extreme,nausees,sueurs_froides,vertiges,,,,,,,,infarctus
brulures_estomac,douleurs_abdominales,faim_douloureuse,nausees,perte_de_poids,,,,,,,,,,,ulcere_gastrique
difficulte_a_avaler,fievre,mal_gorge,maux_de_tete,nausees,,,,,,,,,,,angine
douleur_thoracique,expectorations,fatigue,fievre,maux_de_tete,toux,,,,,,,,,,pneumonie
anxiete,douleur_bras_gauche,douleur_thoracique,essoufflement,fatigue_extreme,nausees,sueurs_froides,vertiges,,,,,,,,infarctus
demangeaisons,inflammation,plaques_peau,sensibilite_peau,,,,,,,,,,,,psoriasis
douleur_abdominale_droite,douleur_au_mouvement,nausees,vomissements,,,,,,,,,,,,appendicite
douleurs_musculaires,fatigue,fievre,frissons,maux_de_tete,toux,,,,,,,,,,grippe
aura,confusion_post_crise,convulsions,fatigue_post_crise,incontinence,morsure_langue,perte_conscience,,,,,,,,,epilepsie
douleur_thoracique,fievre,hemoptysie,perte_appetit,perte_de_poids,sueurs_nocturnes,toux_chronique,,,,,,,,,tuberculose
douleur_thoracique,fatigue,fievre,hemoptysie,perte_appetit,perte_de_poids,sueurs_nocturnes,toux_chronique,,,,,,,,tuberculose
diarrhee,douleurs_musculaires,fatigue,maux_de_tete,perte_odorat,toux_seche,,,,,,,,,,covid19
aura,confusion_post_crise,convulsions,morsure_langue,,,,,,,,,,,,epilepsie
douleur_thoracique,expectorations,fatigue,fievre,sueurs_nocturnes,toux,,,,,,,,,,pneumonie
confusion,faiblesse_bras,maux_de_tete_soudain,paralysie_faciale,perte_equilibre,trouble_parole,trouble_vision,vertiges,,,,,,,,avc
maux_de_tete_intense,nausees,sensibilite_bruit,sensibilite_lumiere,vertiges,,,,,,,,,,,migraine
brulures_estomac,douleurs_abdominales,nausees,perte_de_poids,vomissements,,,,,,,,,,,ulcere_gastrique
confusion_post_crise,convulsions,fatigue_post_crise,incontinence,morsure_langue,perte_conscience,,,,,,,,,,epilepsie
croutes,eruption_cutanee,inflammation,peau_rouge,peau_seche,sensibilite_peau,,,,,,,,,,eczema
diarrhee,douleur_abdominale_droite,fievre,nausees,perte_appetit,vomissements,,,,,,,,,,appendicite
diarrhee,douleur_abdominale_droite,douleur_au_mouvement,fievre,nausees,vomissements,,,,,,,,,,appendicite
anxiete,essoufflement,oppression_thoracique,sifflement_respiratoire,toux_seche,,,,,,,,,,,asthme
chaleur_articulaire,fievre,gonflement_articulations,perte_appetit,raideur_matinale,,,,,,,,,,,arthrite
confusion,fievre,nausees,photophobie,raideur_nuque,vomissements,,,,,,,,,,meningite
chaleur_articulaire,douleurs_articulaires,fatigue,raideur_matinale,,,,,,,,,,,,arthrite
chaleur_articulaire,douleurs_articulaires,fatigue,fievre,gonflement_articulations,limitation_mouvement,raideur_matinale,,,,,,,,,arthrite
demangeaisons,eternuements,maux_de_tete,nez_qui_coule,obstruction_nasale,toux,yeux_qui_piquent,,,,,,,,,rhinite_allergique
douleurs_musculaires,fievre,frissons,maux_de_tete,nez_qui_coule,perte_appetit,toux,,,,,,,,,grippe
bourdonnements_oreilles,epistaxis,fatigue,palpitations,vertiges,vision_trouble,,,,,,,,,,hypertension
brulures_estomac,douleurs_abdominales,nausees,perte_de_poids,sang_dans_selles,,,,,,,,,,,ulcere_gastrique
fatigue,fievre_cyclique,frissons,sueurs,vomissements,,,,,,,,,,,paludisme
aura,confusion_post_crise,convulsions,fatigue_post_crise,morsure_langue,,,,,,,,,,,epilepsie
confusion,faiblesse_bras,paralysie_faciale,perte_equilibre,trouble_parole,vertiges,,,,,,,,,,avc
demangeaisons,eternuements,maux_de_tete,nez_qui_coule,toux,yeux_qui_piquent,,,,,,,,,,rhinite_allergique
douleurs_musculaires,essoufflement,fatigue,mal_gorge,maux_de_tete,perte_odorat,toux_seche,,,,,,,,,covid19
douleur_position,fatigue,limitation_mouvement,raideur_dos,,,,,,,,,,,,lombalgie
diarrhee,exophtalmie,fatigue,nervosité,perte_de_poids,sudation_excessive,tremblements,,,,,,,,,hyperthyroidie
diarrhee,fatigue,insomnie,nervosité,palpitations,perte_de_poids,sudation_excessive,tremblements,,,,,,,,hyperthyroidie
croutes,demangeaisons,eruption_cutanee,peau_qui_suinte,peau_seche,,,,,,,,,,,eczema
bradycardie,cheveux_cassants,constipation,depression,fatigue,peau_seche,prise_de_poids,,,,,,,,,hypothyroidie
douleur_thoracique,essoufflement,expectorations,fievre,sifflement_respiratoire,toux,,,,,,,,,,bronchite
douleur_dos,douleur_position,irradiation_jambe,raideur_dos,spasmes_musculaires,,,,,,,,,,,lombalgie
douleur_abdominale_droite,fatigue,jaunisse,nausees,perte_appetit,urine_foncee,vomissements,,,,,,,,,hepatite
anemie,fievre_cyclique,frissons,maux_de_tete,sueurs,vomissements,,,,,,,,,,paludisme
douleur_thoracique,fatigue,fievre,hemoptysie,perte_appetit,perte_de_poids,toux_chronique,,,,,,,,,tuberculose
confusion,faiblesse_bras,maux_de_tete_soudain,paralysie_faciale,vertiges,,,,,,,,,,,avc
cicatrisation_lente,faim_excessive,fatigue,perte_de_poids,soif_excessive,urines_frequentes,vision_trouble,,,,,,,,,diabete_type2
bradycardie,cheveux_cassants,constipation,fatigue,frilosite,oedemes,prise_de_poids,,,,,,,,,hypothyroidie
abdomen_gonflé,essoufflement,fatigue,oedemes_jambes,palpitations,prise_de_poids,toux_nocturne,,,,,,,,,insuffisance_cardiaque
anxiete,douleur_bras_gauche,douleur_thoracique,nausees,sueurs_froides,,,,,,,,,,,infarctus
demangeaisons,eruption_cutanee,peau_qui_suinte,peau_rouge,peau_seche,sensibilite_peau,,,,,,,,,,eczema
demangeaisons,douleurs_articulaires,inflammation,plaques_peau,sensibilite_peau,,,,,,,,,,,psoriasis
aura_visuelle,maux_de_tete_intense,nausees,sensibilite_bruit,sensibilite_lumiere,vomissements,,,,,,,,,,migraine
diarrhee,exophtalmie,fatigue,nervosité,palpitations,perte_de_poids,sudation_excessive,tremblements,,,,,,,,hyperthyroidie
douleurs_musculaires,fatigue,fievre,mal_gorge,maux_de_tete,nez_qui_coule,toux,,,,,,,,,grippe
douleur_thoracique,essoufflement,expectorations,fievre,toux,,,,,,,,,,,bronchite
anemie,fatigue,fievre_cyclique,frissons,maux_de_tete,nausees,sueurs,vomissements,,,,,,,,paludisme
bourdonnements_oreilles,epistaxis,essoufflement,fatigue,maux_de_tete,vision_trouble,,,,,,,,,,hypertension
demangeaisons,eruption_cutanee,peau_rouge,peau_seche,sensibilite_peau,,,,,,,,,,,eczema
fatigue,fievre,frissons,maux_de_tete,toux,,,,,,,,,,,grippe
confusion,eruption_cutanee,fievre,maux_de_tete_intense,nausees,photophobie,raideur_nuque,vomissements,,,,,,,,meningite
anxiete,douleur_thoracique,essoufflement,fatigue,syncope,vertiges,,,,,,,,,,arythmie
demangeaisons,inflammation,ongles_epaissis,peau_ecailleuse,plaques_peau,,,,,,,,,,,psoriasis
aura,confusion_post_crise,fatigue_post_crise,incontinence,morsure_langue,perte_conscience,,,,,,,,,,epilepsie
douleur_thoracique,essoufflement,expectorations,fievre,frissons,sueurs_nocturnes,toux,,,,,,,,,pneumonie
alternance_diarrhee_constipation,ballonnements,crampes,douleurs_abdominales,fatigue,nausees,,,,,,,,,,syndrome_colon_irritable
diarrhee,exophtalmie,palpitations,perte_de_poids,tremblements,,,,,,,,,,,hyperthyroidie
douleur_thoracique,essoufflement,expectorations,fatigue,fievre,sifflement_respiratoire,toux,,,,,,,,,bronchite
constipation,diarrhee,douleur_abdominale_droite,fievre,nausees,perte_appetit,vomissements,,,,,,,,,appendicite
anxiete,essoufflement,syncope,vertiges,,,,,,,,,,,,arythmie
douleur_bras_gauche,douleur_thoracique,essoufflement,fatigue_extreme,nausees,sueurs_froides,vertiges,,,,,,,,,infarctus
demangeaisons,eternuements,maux_de_tete,nez_qui_coule,obstruction_nasale,toux,yeux_qui_piquent,,,,,,,,,rhinite_allergique
diarrhee,douleur_abdominale_droite,douleur_au_mouvement,fievre,nausees,,,,,,,,,,,appendicite
anxiete,douleur_bras_gauche,douleur_thoracique,essoufflement,fatigue_extreme,nausees,sueurs_froides,,,,,,,,,infarctus
alternance_diarrhee_constipation,ballonnements,crampes,douleurs_abdominales,gaz,,,,,,,,,,,syndrome_colon_irritable
cicatrisation_lente,faim_excessive,fourmillements,perte_de_poids,soif_excessive,urines_frequentes,vision_trouble,,,,,,,,,diabete_type2
fievre,ganglions_gonfles,mal_gorge,nausees,toux,,,,,,,,,,,angine
douleur_au_mouvement,fievre,nausees,vomissements,,,,,,,,,,,,appendicite
demangeaisons,eternuements,fatigue,nez_qui_coule,obstruction_nasale,toux,yeux_qui_piquent,,,,,,,,,rhinite_allergique
alternance_diarrhee_constipation,ballonnements,douleurs_abdominales,fatigue,nausees,,,,,,,,,,,syndrome_colon_irritable
abdomen_gonflé,essoufflement,fatigue,oedemes_jambes,palpitations,toux_nocturne,vertiges,,,,,,,,,insuffisance_cardiaque
alternance_diarrhee_constipation,ballonnements,crampes,douleurs_abdominales,nausees,,,,,,,,,,,syndrome_colon_irritable
chaleur_articulaire,douleurs_articulaires,fatigue,gonflement_articulations,perte_appetit,raideur_matinale,,,,,,,,,,arthrite
constipation,fatigue,oedemes,peau_seche,prise_de_poids,,,,,,,,,,,hypothyroidie
constipation,douleur_abdominale_droite,douleur_au_mouvement,fievre,perte_appetit,vomissements,,,,,,,,,,appendicite
anxiete,douleur_thoracique,essoufflement,fatigue,palpitations,syncope,vertiges,,,,,,,,,arythmie
faim_excessive,fatigue,perte_de_poids,soif_excessive,urines_frequentes,vision_trouble,,,,,,,,,,diabete_type2
diarrhee,douleurs_musculaires,essoufflement,fatigue,mal_gorge,perte_odorat,toux_seche,,,,,,,,,covid19
douleur_thoracique,fatigue,fievre,hemoptysie,perte_appetit,sueurs_nocturnes,toux_chronique,,,,,,,,,tuberculose
essoufflement,expectorations,fatigue,fievre,toux,,,,,,,,,,,bronchite
anxiete,douleur_thoracique,fatigue,palpitations,syncope,vertiges,,,,,,,,,,arythmie
brulures_estomac,douleurs_abdominales,faim_douloureuse,nausees,sang_dans_selles,vomissements,,,,,,,,,,ulcere_gastrique
chaleur_articulaire,douleurs_articulaires,fievre,gonflement_articulations,limitation_mouvement,raideur_matinale,,,,,,,,,,arthrite
brulures_estomac,douleurs_abdominales,faim_douloureuse,nausees,perte_de_poids,sang_dans_selles,,,,,,,,,,ulcere_gastrique
difficulte_a_avaler,fievre,mal_gorge,toux,,,,,,,,,,,,angine
eternuements,fatigue,maux_de_tete,nez_qui_coule,yeux_qui_piquent,,,,,,,,,,,rhinite_allergique
brulures_estomac,douleurs_abdominales,faim_douloureuse,nausees,perte_de_poids,sang_dans_selles,,,,,,,,,,ulcere_gastrique
douleurs_articulaires,inflammation,ongles_epaissis,peau_ecailleuse,plaques_peau,,,,,,,,,,,psoriasis
confusion_post_crise,incontinence,morsure_langue,perte_conscience,,,,,,,,,,,,epilepsie
alternance_diarrhee_constipation,ballonnements,douleurs_abdominales,gaz,nausees,,,,,,,,,,,syndrome_colon_irritable
demangeaisons,eruption_cutanee,inflammation,peau_qui_suinte,peau_rouge,peau_seche,sensibilite_peau,,,,,,,,,eczema
fatigue,fievre_cyclique,frissons,maux_de_tete,nausees,sueurs,vomissements,,,,,,,,,paludisme
anxiete,difficulte_a_parler,essoufflement,fatigue,oppression_thoracique,sifflement_respiratoire,toux_seche,,,,,,,,,asthme
bradycardie,cheveux_cassants,constipation,fatigue,frilosite,oedemes,peau_seche,,,,,,,,,hypothyroidie
bourdonnements_oreilles,essoufflement,fatigue,maux_de_tete,palpitations,vision_trouble,,,,,,,,,,hypertension
brulures_estomac,douleurs_abdominales,faim_douloureuse,nausees,perte_de_poids,sang_dans_selles,,,,,,,,,,ulcere_gastrique
demangeaisons,eruption_cutanee,inflammation,peau_qui_suinte,peau_rouge,peau_seche,,,,,,,,,,eczema
diarrhee,douleurs_musculaires,essoufflement,fatigue,fievre,perte_odorat,toux_seche,,,,,,,,,covid19
chaleur_articulaire,douleurs_articulaires,fievre,gonflement_articulations,raideur_matinale,,,,,,,,,,,arthrite
anxiete,difficulte_a_parler,essoufflement,oppression_thoracique,sifflement_respiratoire,toux_seche,,,,,,,,,,asthme
douleur_abdominale_droite,fatigue,jaunisse,nausees,perte_appetit,selles_decolorees,,,,,,,,,,hepatite
aura_visuelle,maux_de_tete_intense,nausees,sensibilite_lumiere,vomissements,,,,,,,,,,,migraine
demangeaisons,eternuements,fatigue,nez_qui_coule,obstruction_nasale,toux,,,,,,,,,,rhinite_allergique
epistaxis,essoufflement,maux_de_tete,vertiges,vision_trouble,,,,,,,,,,,hypertension
douleur_bras_gauche,douleur_thoracique,essoufflement,fatigue_extreme,sueurs_froides,vertiges,,,,,,,,,,infarctus
douleur_thoracique,fievre,hemoptysie,sueurs_nocturnes,toux_chronique,,,,,,,,,,,tuberculose
diarrhee,fievre,nausees,vomissements,,,,,,,,,,,,gastroenterite
douleurs_musculaires,fatigue,frissons,maux_de_tete,sueurs,vomissements,,,,,,,,,,paludisme
exophtalmie,insomnie,nervosité,palpitations,perte_de_poids,,,,,,,,,,,hyperthyroidie
chaleur_articulaire,gonflement_articulations,limitation_mouvement,raideur_matinale,,,,,,,,,,,,arthrite
demangeaisons,eruption_cutanee,inflammation,peau_rouge,peau_seche,sensibilite_peau,,,,,,,,,,eczema
douleur_abdominale_droite,fatigue,fievre,jaunisse,perte_appetit,selles_decolorees,urine_foncee,,,,,,,,,hepatite
confusion_post_crise,convulsions,fatigue_post_crise,incontinence,perte_conscience,,,,,,,,,,,epilepsie
crampes,diarrhee,douleurs_abdominales,fievre,nausees,perte_appetit,vomissements,,,,,,,,,gastroenterite
fatigue,fievre,perte_appetit,perte_de_poids,sueurs_nocturnes,toux_chronique,,,,,,,,,,tuberculose
croutes,demangeaisons,eruption_cutanee,peau_rouge,peau_seche,,,,,,,,,,,eczema
cicatrisation_lente,faim_excessive,fourmillements,perte_de_poids,soif_excessive,urines_frequentes,vision_trouble,,,,,,,,,diabete_type2
exophtalmie,fatigue,nervosité,palpitations,perte_de_poids,sudation_excessive,tremblements,,,,,,,,,hyperthyroidie
exophtalmie,fatigue,insomnie,nervosité,palpitations,perte_de_poids,sudation_excessive,tremblements,,,,,,,,hyperthyroidie
douleur_dos,fatigue,irradiation_jambe,limitation_mouvement,spasmes_musculaires,,,,,,,,,,,lombalgie
alternance_diarrhee_constipation,ballonnements,crampes,douleurs_abdominales,fatigue,gaz,nausees,,,,,,,,,syndrome_colon_irritable
aura_visuelle,maux_de_tete_intense,nausees,sensibilite_bruit,sensibilite_lumiere,vertiges,vomissements,,,,,,,,,migraine
essoufflement,fievre,maux_de_tete,perte_odorat,toux_seche,,,,,,,,,,,covid19
bourdonnements_oreilles,essoufflement,maux_de_tete,palpitations,vertiges,,,,,,,,,,,hypertension
diarrhee,douleur_abdominale_droite,douleur_au_mouvement,fievre,nausees,perte_appetit,vomissements,,,,,,,,,appendicite
confusion,eruption_cutanee,fievre,maux_de_tete_intense,photophobie,raideur_nuque,vomissements,,,,,,,,,meningite
bourdonnements_oreilles,epistaxis,essoufflement,maux_de_tete,palpitations,vertiges,vision_trouble,,,,,,,,,hypertension
eruption_cutanee,fievre,maux_de_tete_intense,nausees,photophobie,raideur_nuque,vomissements,,,,,,,,,meningite
abdomen_gonflé,essoufflement,fatigue,oedemes_jambes,palpitations,toux_nocturne,,,,,,,,,,insuffisance_cardiaque
anxiete,douleur_bras_gauche,douleur_thoracique,essoufflement,sueurs_froides,vertiges,,,,,,,,,,infarctus
croutes,demangeaisons,eruption_cutanee,peau_qui_suinte,peau_rouge,peau_seche,sensibilite_peau,,,,,,,,,eczema
abdomen_gonflé,essoufflement,fatigue,oedemes_jambes,vertiges,,,,,,,,,,,insuffisance_cardiaque
diarrhee,fatigue,insomnie,nervosité,perte_de_poids,sudation_excessive,tremblements,,,,,,,,,hyperthyroidie
diarrhee,douleurs_abdominales,fatigue,perte_appetit,vomissements,,,,,,,,,,,gastroenterite
fatigue,fievre,maux_de_tete,nez_qui_coule,perte_appetit,toux,,,,,,,,,,grippe
aura,confusion_post_crise,convulsions,incontinence,morsure_langue,perte_conscience,,,,,,,,,,epilepsie
alternance_diarrhee_constipation,ballonnements,crampes,douleurs_abdominales,fatigue,,,,,,,,,,,syndrome_colon_irritable
douleur_thoracique,essoufflement,expectorations,fatigue,fievre,toux,,,,,,,,,,bronchite
diarrhee,exophtalmie,fatigue,nervosité,palpitations,perte_de_poids,tremblements,,,,,,,,,hyperthyroidie
douleurs_musculaires,essoufflement,fatigue,maux_de_tete,perte_odorat,toux_seche,,,,,,,,,,covid19
anxiete,douleur_bras_gauche,douleur_thoracique,fatigue_extreme,nausees,sueurs_froides,vertiges,,,,,,,,,infarctus
douleur_thoracique,essoufflement,expectorations,fatigue,sifflement_respiratoire,toux,,,,,,,,,,bronchite
demangeaisons,eruption_cutanee,inflammation,peau_qui_suinte,peau_rouge,peau_seche,,,,,,,,,,eczema
douleur_thoracique,essoufflement,expectorations,fatigue,sifflement_respiratoire,toux,,,,,,,,,,bronchite
cheveux_cassants,constipation,depression,fatigue,oedemes,peau_seche,prise_de_poids,,,,,,,,,hypothyroidie
douleur_abdominale_droite,fatigue,fievre,jaunisse,perte_appetit,urine_foncee,,,,,,,,,,hepatite
bourdonnements_oreilles,epistaxis,essoufflement,fatigue,maux_de_tete,vertiges,vision_trouble,,,,,,,,,hypertension
eruption_cutanee,fievre,maux_de_tete_intense,nausees,photophobie,raideur_nuque,vomissements,,,,,,,,,meningite
diarrhee,fatigue,insomnie,nervosité,perte_de_poids,sudation_excessive,tremblements,,,,,,,,,hyperthyroidie
aura,confusion_post_crise,fatigue_post_crise,incontinence,morsure_langue,perte_conscience,,,,,,,,,,epilepsie
demangeaisons,douleurs_articulaires,inflammation,ongles_epaissis,peau_ecailleuse,plaques_peau,sensibilite_peau,,,,,,,,,psoriasis
alternance_diarrhee_constipation,ballonnements,crampes,douleurs_abdominales,fatigue,,,,,,,,,,,syndrome_colon_irritable
douleur_thoracique,fievre,hemoptysie,perte_appetit,perte_de_poids,toux_chronique,,,,,,,,,,tuberculose
douleur_dos,douleur_position,fatigue,raideur_dos,,,,,,,,,,,,lombalgie
brulures_estomac,douleurs_abdominales,faim_douloureuse,nausees,perte_de_poids,sang_dans_selles,vomissements,,,,,,,,,ulcere_gastrique
diarrhee,douleurs_musculaires,fatigue,fievre,mal_gorge,maux_de_tete,perte_odorat,toux_seche,,,,,,,,covid19
constipation,diarrhee,douleur_abdominale_droite,fievre,nausees,vomissements,,,,,,,,,,appendicite
douleur_thoracique,palpitations,syncope,vertiges,,,,,,,,,,,,arythmie
eternuements,fatigue,maux_de_tete,nez_qui_coule,obstruction_nasale,toux,,,,,,,,,,rhinite_allergique
crampes,diarrhee,douleurs_abdominales,fatigue,perte_appetit,vomissements,,,,,,,,,,gastroenterite
diarrhee,douleurs_musculaires,fatigue,perte_odorat,toux_seche,,,,,,,,,,,covid19
douleurs_musculaires,essoufflement,fatigue,fievre,perte_odorat,toux_seche,,,,,,,,,,covid19
brulures_estomac,douleurs_abdominales,faim_douloureuse,nausees,perte_de_poids,,,,,,,,,,,ulcere_gastrique
bourdonnements_oreilles,epistaxis,essoufflement,fatigue,maux_de_tete,vision_trouble,,,,,,,,,,hypertension
aura,confusion_post_crise,morsure_langue,perte_conscience,,,,,,,,,,,,epilepsie
aura_visuelle,fatigue,maux_de_tete_intense,nausees,sensibilite_lumiere,vertiges,,,,,,,,,,migraine
difficulte_a_parler,oppression_thoracique,sifflement_respiratoire,toux_seche,,,,,,,,,,,,asthme
confusion,maux_de_tete_intense,photophobie,raideur_nuque,vomissements,,,,,,,,,,,meningite
douleur_thoracique,essoufflement,expectorations,sueurs_nocturnes,toux,,,,,,,,,,,pneumonie
fievre_cyclique,frissons,maux_de_tete,nausees,sueurs,vomissements,,,,,,,,,,paludisme
douleur_dos,fatigue,irradiation_jambe,limitation_mouvement,spasmes_musculaires,,,,,,,,,,,lombalgie
demangeaisons,peau_ecailleuse,plaques_peau,sensibilite_peau,,,,,,,,,,,,psoriasis
demangeaisons,eternuements,fatigue,maux_de_tete,nez_qui_coule,obstruction_nasale,yeux_qui_piquent,,,,,,,,,rhinite_allergique
douleur_thoracique,essoufflement,expectorations,fievre,sifflement_respiratoire,toux,,,,,,,,,,bronchite
diarrhee,essoufflement,fatigue,fievre,maux_de_tete,perte_odorat,toux_seche,,,,,,,,,covid19
crampes,diarrhee,douleurs_abdominales,fatigue,nausees,perte_appetit,vomissements,,,,,,,,,gastroenterite
cicatrisation_lente,faim_excessive,fatigue,fourmillements,perte_de_poids,soif_excessive,urines_frequentes,vision_trouble,,,,,,,,diabete_type2
anxiete,douleur_thoracique,essoufflement,fatigue,syncope,vertiges,,,,,,,,,,arythmie
douleur_thoracique,essoufflement,expectorations,fatigue,toux,,,,,,,,,,,bronchite
bradycardie,depression,fatigue,frilosite,oedemes,prise_de_poids,,,,,,,,,,hypothyroidie
bradycardie,constipation,depression,fatigue,frilosite,oedemes,peau_seche,prise_de_poids,,,,,,,,hypothyroidie
douleurs_musculaires,fatigue,fievre,frissons,mal_gorge,maux_de_tete,nez_qui_coule,perte_appetit,,,,,,,,grippe
exophtalmie,fatigue,insomnie,nervosité,palpitations,perte_de_poids,tremblements,,,,,,,,,hyperthyroidie
fatigue,fievre,ganglions_gonfles,mal_gorge,nausees,toux,,,,,,,,,,angine
douleurs_musculaires,essoufflement,fatigue,fievre,mal_gorge,maux_de_tete,toux_seche,,,,,,,,,covid19
eruption_cutanee,fievre,maux_de_tete_intense,nausees,photophobie,raideur_nuque,,,,,,,,,,meningite
chaleur_articulaire,douleurs_articulaires,fievre,perte_appetit,raideur_matinale,,,,,,,,,,,arthrite
cheveux_cassants,constipation,depression,frilosite,prise_de_poids,,,,,,,,,,,hypothyroidie
demangeaisons,eternuements,fatigue,maux_de_tete,nez_qui_coule,yeux_qui_piquent,,,,,,,,,,rhinite_allergique
anxiete,difficulte_a_parler,essoufflement,oppression_thoracique,sifflement_respiratoire,toux_seche,,,,,,,,,,asthme
confusion,eruption_cutanee,fievre,maux_de_tete_intense,nausees,raideur_nuque,vomissements,,,,,,,,,meningite
bradycardie,constipation,depression,fatigue,peau_seche,prise_de_poids,,,,,,,,,,hypothyroidie
aura,confusion_post_crise,convulsions,incontinence,perte_conscience,,,,,,,,,,,epilepsie
diarrhee,douleur_abdominale_droite,fievre,nausees,vomissements,,,,,,,,,,,appendicite
maux_de_tete_intense,nausees,sensibilite_bruit,sensibilite_lumiere,vomissements,,,,,,,,,,,migraine
fatigue,nervosité,palpitations,sudation_excessive,tremblements,,,,,,,,,,,hyperthyroidie
anxiete,douleur_bras_gauche,douleur_thoracique,fatigue_extreme,nausees,sueurs_froides,vertiges,,,,,,,,,infarctus
fatigue,insomnie,palpitations,perte_de_poids,tremblements,,,,,,,,,,,hyperthyroidie
aura_visuelle,maux_de_tete_intense,nausees,sensibilite_bruit,vertiges,vomissements,,,,,,,,,,migraine
eternuements,maux_de_tete,nez_qui_coule,obstruction_nasale,,,,,,,,,,,,rhinite_allergique
fatigue,maux_de_tete_intense,nausees,sensibilite_lumiere,vomissements,,,,,,,,,,,migraine
demangeaisons,eruption_cutanee,inflammation,peau_qui_suinte,peau_rouge,peau_seche,sensibilite_peau,,,,,,,,,eczema
croutes,demangeaisons,eruption_cutanee,peau_rouge,peau_seche,sensibilite_peau,,,,,,,,,,eczema
brulures_estomac,douleurs_abdominales,faim_douloureuse,nausees,sang_dans_selles,,,,,,,,,,,ulcere_gastrique
confusion,faiblesse_bras,paralysie_faciale,perte_equilibre,trouble_parole,trouble_vision,vertiges,,,,,,,,,avc
essoufflement,fatigue,oedemes_jambes,palpitations,toux_nocturne,vertiges,,,,,,,,,,insuffisance_cardiaque
abdomen_gonflé,essoufflement,fatigue,oedemes_jambes,palpitations,vertiges,,,,,,,,,,insuffisance_cardiaque
confusion,faiblesse_bras,maux_de_tete_soudain,perte_equilibre,trouble_parole,trouble_vision,vertiges,,,,,,,,,avc
diarrhee,exophtalmie,nervosité,palpitations,tremblements,,,,,,,,,,,hyperthyroidie
diarrhee,douleurs_abdominales,fatigue,nausees,vomissements,,,,,,,,,,,gastroenterite
chaleur_articulaire,douleurs_articulaires,fatigue,fievre,limitation_mouvement,raideur_matinale,,,,,,,,,,arthrite
brulures_estomac,douleurs_abdominales,faim_douloureuse,nausees,perte_de_poids,sang_dans_selles,vomissements,,,,,,,,,ulcere_gastrique
douleur_thoracique,essoufflement,palpitations,syncope,,,,,,,,,,,,arythmie
eternuements,fatigue,maux_de_tete,nez_qui_coule,yeux_qui_piquent,,,,,,,,,,,rhinite_allergique
alternance_diarrhee_constipation,ballonnements,douleurs_abdominales,fatigue,gaz,nausees,,,,,,,,,,syndrome_colon_irritable
anxiete,douleur_thoracique,essoufflement,fatigue,palpitations,syncope,vertiges,,,,,,,,,arythmie
anxiete,douleur_bras_gauche,douleur_thoracique,essoufflement,sueurs_froides,vertiges,,,,,,,,,,infarctus
difficulte_a_avaler,fatigue,fievre,ganglions_gonfles,mal_gorge,maux_de_tete,nausees,,,,,,,,,angine
essoufflement,fatigue,fievre,mal_gorge,maux_de_tete,perte_odorat,toux_seche,,,,,,,,,covid19
anemie,douleurs_musculaires,fievre_cyclique,frissons,maux_de_tete,,,,,,,,,,,paludisme
douleur_au_mouvement,fievre,nausees,vomissements,,,,,,,,,,,,appendicite
confusion_post_crise,convulsions,fatigue_post_crise,incontinence,morsure_langue,perte_conscience,,,,,,,,,,epilepsie
anxiete,difficulte_a_parler,fatigue,oppression_thoracique,sifflement_respiratoire,toux_seche,,,,,,,,,,asthme
aura_visuelle,fatigue,nausees,sensibilite_bruit,sensibilite_lumiere,,,,,,,,,,,migraine
douleur_thoracique,essoufflement,expectorations,fievre,frissons,maux_de_tete,sueurs_nocturnes,,,,,,,,,pneumonie
eternuements,fatigue,maux_de_tete,nez_qui_coule,obstruction_nasale,yeux_qui_piquent,,,,,,,,,,rhinite_allergique
douleurs_musculaires,fatigue,fievre,mal_gorge,maux_de_tete,perte_appetit,,,,,,,,,,grippe
cicatrisation_lente,faim_excessive,fatigue,fourmillements,perte_de_poids,soif_excessive,vision_trouble,,,,,,,,,diabete_type2
fievre_cyclique,maux_de_tete,nausees,sueurs,vomissements,,,,,,,,,,,paludisme
faim_excessive,fatigue,fourmillements,perte_de_poids,soif_excessive,urines_frequentes,vision_trouble,,,,,,,,,diabete_type2
maux_de_tete,nez_qui_coule,obstruction_nasale,yeux_qui_piquent,,,,,,,,,,,,rhinite_allergique
demangeaisons,eruption_cutanee,inflammation,peau_rouge,peau_seche,,,,,,,,,,,eczema
confusion,eruption_cutanee,fievre,maux_de_tete_intense,raideur_nuque,,,,,,,,,,,meningite
essoufflement,fatigue,oedemes_jambes,palpitations,prise_de_poids,toux_nocturne,vertiges,,,,,,,,,insuffisance_cardiaque
fatigue,maux_de_tete_intense,nausees,sensibilite_bruit,sensibilite_lumiere,,,,,,,,,,,migraine
bourdonnements_oreilles,essoufflement,maux_de_tete,vertiges,vision_trouble,,,,,,,,,,,hypertension
demangeaisons,douleurs_articulaires,inflammation,ongles_epaissis,peau_ecailleuse,plaques_peau,,,,,,,,,,psoriasis
anxiete,essoufflement,palpitations,syncope,,,,,,,,,,,,arythmie
cicatrisation_lente,faim_excessive,fatigue,perte_de_poids,soif_excessive,urines_frequentes,vision_trouble,,,,,,,,,diabete_type2
fatigue,jaunisse,nausees,urine_foncee,vomissements,,,,,,,,,,,hepatite
douleur_dos,douleur_position,fatigue,irradiation_jambe,raideur_dos,spasmes_musculaires,,,,,,,,,,lombalgie
chaleur_articulaire,douleurs_articulaires,fatigue,gonflement_articulations,perte_appetit,raideur_matinale,,,,,,,,,,arthrite
aura,confusion_post_crise,convulsions,fatigue_post_crise,incontinence,morsure_langue,perte_conscience,,,,,,,,,epilepsie
douleur_position,fatigue,irradiation_jambe,limitation_mouvement,raideur_dos,,,,,,,,,,,lombalgie
fatigue,fievre,perte_appetit,perte_de_poids,toux_chronique,,,,,,,,,,,tuberculose
diarrhee,douleurs_abdominales,fievre,nausees,vomissements,,,,,,,,,,,gastroenterite
anxiete,douleur_bras_gauche,douleur_thoracique,essoufflement,fatigue_extreme,nausees,sueurs_froides,vertiges,,,,,,,,infarctus
douleur_thoracique,essoufflement,expectorations,fatigue,fievre,sifflement_respiratoire,toux,,,,,,,,,bronchite
exophtalmie,palpitations,perte_de_poids,sudation_excessive,tremblements,,,,,,,,,,,hyperthyroidie
fievre_cyclique,frissons,maux_de_tete,nausees,vomissements,,,,,,,,,,,paludisme
confusion,faiblesse_bras,maux_de_tete_soudain,paralysie_faciale,trouble_parole,trouble_vision,vertiges,,,,,,,,,avc
insomnie,palpitations,perte_de_poids,sudation_excessive,tremblements,,,,,,,,,,,hyperthyroidie
cheveux_cassants,constipation,frilosite,peau_seche,prise_de_poids,,,,,,,,,,,hypothyroidie
douleur_abdominale_droite,fatigue,jaunisse,nausees,selles_decolorees,urine_foncee,,,,,,,,,,hepatite
aura,confusion_post_crise,convulsions,fatigue_post_crise,incontinence,perte_conscience,,,,,,,,,,epilepsie
douleur_dos,douleur_position,fatigue,irradiation_jambe,limitation_mouvement,raideur_dos,spasmes_musculaires,,,,,,,,,lombalgie
alternance_diarrhee_constipation,ballonnements,crampes,douleurs_abdominales,fatigue,gaz,nausees,,,,,,,,,syndrome_colon_irritable
fatigue,fievre,frissons,maux_de_tete,nez_qui_coule,perte_appetit,toux,,,,,,,,,grippe
maux_de_tete_intense,nausees,photophobie,raideur_nuque,vomissements,,,,,,,,,,,meningite
difficulte_a_avaler,fatigue,fievre,mal_gorge,maux_de_tete,,,,,,,,,,,angine
demangeaisons,douleurs_articulaires,inflammation,peau_ecailleuse,plaques_peau,,,,,,,,,,,psoriasis
difficulte_a_avaler,fievre,ganglions_gonfles,mal_gorge,maux_de_tete,nausees,toux,,,,,,,,,angine
diarrhee,exophtalmie,fatigue,insomnie,nervosité,perte_de_poids,tremblements,,,,,,,,,hyperthyroidie
eruption_cutanee,fievre,maux_de_tete_intense,nausees,photophobie,,,,,,,,,,,meningite
confusion,faiblesse_bras,maux_de_tete_soudain,paralysie_faciale,perte_equilibre,trouble_parole,trouble_vision,,,,,,,,,avc
essoufflement,fatigue,fievre,mal_gorge,perte_odorat,toux_seche,,,,,,,,,,covid19
bourdonnements_oreilles,fatigue,vertiges,vision_trouble,,,,,,,,,,,,hypertension
convulsions,fatigue_post_crise,morsure_langue,perte_conscience,,,,,,,,,,,,epilepsie
douleur_thoracique,essoufflement,expectorations,fatigue,fievre,toux,,,,,,,,,,bronchite
douleurs_musculaires,fatigue,fievre,mal_gorge,nez_qui_coule,perte_appetit,toux,,,,,,,,,grippe
anxiete,essoufflement,fatigue,syncope,vertiges,,,,,,,,,,,arythmie
demangeaisons,inflammation,peau_ecailleuse,plaques_peau,sensibilite_peau,,,,,,,,,,,psoriasis
bradycardie,cheveux_cassants,constipation,depression,fatigue,frilosite,oedemes,prise_de_poids,,,,,,,,hypothyroidie
essoufflement,fatigue,fievre,mal_gorge,maux_de_tete,perte_odorat,,,,,,,,,,covid19
confusion,faiblesse_bras,maux_de_tete_soudain,paralysie_faciale,perte_equilibre,trouble_parole,trouble_vision,,,,,,,,,avc
eternuements,maux_de_tete,nez_qui_coule,obstruction_nasale,yeux_qui_piquent,,,,,,,,,,,rhinite_allergique
cicatrisation_lente,faim_excessive,fatigue,perte_de_poids,soif_excessive,urines_frequentes,vision_trouble,,,,,,,,,diabete_type2
anxiete,essoufflement,oppression_thoracique,sifflement_respiratoire,toux_seche,,,,,,,,,,,asthme
douleur_thoracique,essoufflement,fievre,maux_de_tete,sueurs_nocturnes,toux,,,,,,,,,,pneumonie
brulures_estomac,douleurs_abdominales,faim_douloureuse,nausees,perte_de_poids,sang_dans_selles,vomissements,,,,,,,,,ulcere_gastrique
confusion,eruption_cutanee,fievre,maux_de_tete_intense,nausees,photophobie,raideur_nuque,vomissements,,,,,,,,meningite
douleur_thoracique,fatigue,fievre,hemoptysie,perte_appetit,perte_de_poids,sueurs_nocturnes,,,,,,,,,tuberculose
aura,convulsions,incontinence,perte_conscience,,,,,,,,,,,,epilepsie
fatigue,fievre,jaunisse,nausees,selles_decolorees,urine_foncee,vomissements,,,,,,,,,hepatite
crampes,diarrhee,douleurs_abdominales,fatigue,nausees,perte_appetit,vomissements,,,,,,,,,gastroenterite
confusion,eruption_cutanee,fievre,maux_de_tete_intense,nausees,photophobie,raideur_nuque,vomissements,,,,,,,,meningite
douleur_thoracique,fievre,hemoptysie,perte_de_poids,sueurs_nocturnes,toux_chronique,,,,,,,,,,tuberculose
diarrhee,fatigue,fievre,nausees,perte_appetit,vomissements,,,,,,,,,,gastroenterite
confusion,faiblesse_bras,maux_de_tete_soudain,paralysie_faciale,trouble_parole,vertiges,,,,,,,,,,avc
cicatrisation_lente,faim_excessive,fatigue,fourmillements,perte_de_poids,soif_excessive,urines_frequentes,vision_trouble,,,,,,,,diabete_type2
difficulte_a_parler,essoufflement,oppression_thoracique,sifflement_respiratoire,toux_seche,,,,,,,,,,,asthme
eternuements,fatigue,nez_qui_coule,yeux_qui_piquent,,,,,,,,,,,,rhinite_allergique
cheveux_cassants,constipation,fatigue,frilosite,peau_seche,prise_de_poids,,,,,,,,,,hypothyroidie
douleur_thoracique,fatigue,fievre,hemoptysie,perte_appetit,sueurs_nocturnes,toux_chronique,,,,,,,,,tuberculose
diarrhee,douleurs_musculaires,fatigue,fievre,mal_gorge,toux_seche,,,,,,,,,,covid19
demangeaisons,eruption_cutanee,inflammation,peau_rouge,,,,,,,,,,,,eczema
douleur_dos,douleur_position,fatigue,irradiation_jambe,limitation_mouvement,spasmes_musculaires,,,,,,,,,,lombalgie
douleur_thoracique,essoufflement,expectorations,fatigue,fievre,toux,,,,,,,,,,bronchite
douleur_abdominale_droite,fatigue,jaunisse,nausees,selles_decolorees,urine_foncee,vomissements,,,,,,,,,hepatite
essoufflement,expectorations,fatigue,fievre,sifflement_respiratoire,toux,,,,,,,,,,bronchite
anxiete,essoufflement,fatigue,oppression_thoracique,sifflement_respiratoire,toux_seche,,,,,,,,,,asthme
douleur_abdominale_droite,fatigue,fievre,jaunisse,nausees,urine_foncee,,,,,,,,,,hepatite
diarrhee,douleur_au_mouvement,fievre,nausees,perte_appetit,vomissements,,,,,,,,,,appendicite
fatigue,nervosité,palpitations,perte_de_poids,sudation_excessive,tremblements,,,,,,,,,,hyperthyroidie
bourdonnements_oreilles,epistaxis,essoufflement,maux_de_tete,palpitations,vertiges,vision_trouble,,,,,,,,,hypertension
douleur_thoracique,fatigue,palpitations,syncope,vertiges,,,,,,,,,,,arythmie
douleur_thoracique,essoufflement,expectorations,fatigue,toux,,,,,,,,,,,bronchite
aura,confusion_post_crise,convulsions,fatigue_post_crise,incontinence,perte_conscience,,,,,,,,,,epilepsie
crampes,diarrhee,douleurs_abdominales,fatigue,nausees,perte_appetit,vomissements,,,,,,,,,gastroenterite
anemie,fatigue,fievre_cyclique,frissons,maux_de_tete,sueurs,,,,,,,,,,paludisme
douleurs_musculaires,fatigue,fievre,mal_gorge,maux_de_tete,perte_appetit,toux,,,,,,,,,grippe
eternuements,fatigue,maux_de_tete,nez_qui_coule,obstruction_nasale,,,,,,,,,,,rhinite_allergique
fatigue,insomnie,palpitations,perte_de_poids,sudation_excessive,tremblements,,,,,,,,,,hyperthyroidie
difficulte_a_avaler,fatigue,fievre,ganglions_gonfles,mal_gorge,maux_de_tete,,,,,,,,,,angine
douleur_dos,fatigue,limitation_mouvement,spasmes_musculaires,,,,,,,,,,,,lombalgie
fatigue,fievre,hemoptysie,perte_appetit,perte_de_poids,sueurs_nocturnes,toux_chronique,,,,,,,,,tuberculose
demangeaisons,eruption_cutanee,inflammation,peau_seche,,,,,,,,,,,,eczema
brulures_estomac,douleurs_abdominales,faim_douloureuse,nausees,perte_de_poids,sang_dans_selles,,,,,,,,,,ulcere_gastrique
bradycardie,constipation,frilosite,oedemes,prise_de_poids,,,,,,,,,,,hypothyroidie
bourdonnements_oreilles,epistaxis,maux_de_tete,palpitations,vertiges,vision_trouble,,,,,,,,,,hypertension
demangeaisons,inflammation,ongles_epaissis,peau_ecailleuse,plaques_peau,sensibilite_peau,,,,,,,,,,psoriasis
anxiete,difficulte_a_parler,essoufflement,fatigue,oppression_thoracique,toux_seche,,,,,,,,,,asthme
douleurs_musculaires,essoufflement,fatigue,mal_gorge,perte_odorat,toux_seche,,,,,,,,,,covid19
constipation,diarrhee,douleur_abdominale_droite,fievre,nausees,perte_appetit,vomissements,,,,,,,,,appendicite
difficulte_a_avaler,fatigue,fievre,ganglions_gonfles,mal_gorge,toux,,,,,,,,,,angine
anxiete,essoufflement,fatigue,palpitations,syncope,vertiges,,,,,,,,,,arythmie
diarrhee,fievre,nausees,perte_appetit,vomissements,,,,,,,,,,,appendicite
anemie,fievre_cyclique,frissons,maux_de_tete,nausees,,,,,,,,,,,paludisme
diarrhee,exophtalmie,insomnie,nervosité,palpitations,perte_de_poids,sudation_excessive,tremblements,,,,,,,,hyperthyroidie
essoufflement,fatigue,fievre,mal_gorge,maux_de_tete,perte_odorat,toux_seche,,,,,,,,,covid19
aura,convulsions,fatigue_post_crise,incontinence,morsure_langue,perte_conscience,,,,,,,,,,epilepsie
constipation,diarrhee,douleur_abdominale_droite,fievre,nausees,vomissements,,,,,,,,,,appendicite
cicatrisation_lente,fatigue,fourmillements,urines_frequentes,vision_trouble,,,,,,,,,,,diabete_type2
douleur_abdominale_droite,fatigue,fievre,jaunisse,selles_decolorees,urine_foncee,,,,,,,,,,hepatite
douleur_thoracique,essoufflement,expectorations,fatigue,fievre,frissons,,,,,,,,,,pneumonie
douleur_thoracique,essoufflement,expectorations,fatigue,fievre,maux_de_tete,toux,,,,,,,,,pneumonie
douleur_abdominale_droite,douleur_au_mouvement,fievre,nausees,perte_appetit,vomissements,,,,,,,,,,appendicite
demangeaisons,douleurs_articulaires,inflammation,peau_ecailleuse,sensibilite_peau,,,,,,,,,,,psoriasis
bradycardie,constipation,fatigue,oedemes,prise_de_poids,,,,,,,,,,,hypothyroidie
cicatrisation_lente,fatigue,fourmillements,urines_frequentes,vision_trouble,,,,,,,,,,,diabete_type2
abdomen_gonflé,essoufflement,oedemes_jambes,palpitations,prise_de_poids,toux_nocturne,vertiges,,,,,,,,,insuffisance_cardiaque
douleur_abdominale_droite,douleur_au_mouvement,fievre,perte_appetit,vomissements,,,,,,,,,,,appendicite
douleur_thoracique,essoufflement,expectorations,fievre,sueurs_nocturnes,toux,,,,,,,,,,pneumonie
aura,confusion_post_crise,convulsions,fatigue_post_crise,incontinence,morsure_langue,perte_conscience,,,,,,,,,epilepsie
maux_de_tete_intense,nausees,photophobie,raideur_nuque,vomissements,,,,,,,,,,,meningite
diarrhee,exophtalmie,nervosité,palpitations,perte_de_poids,sudation_excessive,,,,,,,,,,hyperthyroidie
anxiete,essoufflement,fatigue,palpitations,vertiges,,,,,,,,,,,arythmie
bradycardie,constipation,fatigue,frilosite,oedemes,prise_de_poids,,,,,,,,,,hypothyroidie
cicatrisation_lente,fatigue,fourmillements,perte_de_poids,soif_excessive,urines_frequentes,vision_trouble,,,,,,,,,diabete_type2
abdomen_gonflé,essoufflement,fatigue,oedemes_jambes,toux_nocturne,vertiges,,,,,,,,,,insuffisance_cardiaque
anxiete,douleur_thoracique,essoufflement,fatigue_extreme,nausees,sueurs_froides,vertiges,,,,,,,,,infarctus
anxiete,douleur_thoracique,essoufflement,fatigue,syncope,vertiges,,,,,,,,,,arythmie
alternance_diarrhee_constipation,ballonnements,crampes,douleurs_abdominales,gaz,nausees,,,,,,,,,,syndrome_colon_irritable
douleur_thoracique,essoufflement,expectorations,fievre,frissons,sueurs_nocturnes,toux,,,,,,,,,pneumonie
aura,confusion_post_crise,convulsions,fatigue_post_crise,incontinence,morsure_langue,,,,,,,,,,epilepsie
alternance_diarrhee_constipation,ballonnements,crampes,douleurs_abdominales,fatigue,gaz,,,,,,,,,,syndrome_colon_irritable
fatigue,maux_de_tete_intense,nausees,sensibilite_bruit,vomissements,,,,,,,,,,,migraine
diarrhee,douleur_abdominale_droite,douleur_au_mouvement,fievre,perte_appetit,vomissements,,,,,,,,,,appendicite
fatigue,maux_de_tete_intense,nausees,sensibilite_bruit,vertiges,,,,,,,,,,,migraine
demangeaisons,eruption_cutanee,inflammation,peau_rouge,,,,,,,,,,,,eczema
cicatrisation_lente,faim_excessive,fatigue,soif_excessive,urines_frequentes,vision_trouble,,,,,,,,,,diabete_type2
anxiete,douleur_thoracique,fatigue,palpitations,syncope,vertiges,,,,,,,,,,arythmie
diarrhee,exophtalmie,nervosité,palpitations,perte_de_poids,tremblements,,,,,,,,,,hyperthyroidie
demangeaisons,eternuements,maux_de_tete,nez_qui_coule,obstruction_nasale,yeux_qui_piquent,,,,,,,,,,rhinite_allergique
constipation,diarrhee,douleur_abdominale_droite,douleur_au_mouvement,fievre,nausees,vomissements,,,,,,,,,appendicite
confusion,eruption_cutanee,maux_de_tete_intense,nausees,photophobie,raideur_nuque,vomissements,,,,,,,,,meningite
anxiete,douleur_bras_gauche,douleur_thoracique,essoufflement,nausees,,,,,,,,,,,infarctus
brulures_estomac,douleurs_abdominales,faim_douloureuse,nausees,perte_de_poids,sang_dans_selles,,,,,,,,,,ulcere_gastrique
abdomen_gonflé,essoufflement,fatigue,oedemes_jambes,palpitations,prise_de_poids,toux_nocturne,vertiges,,,,,,,,insuffisance_cardiaque
demangeaisons,eternuements,maux_de_tete,nez_qui_coule,obstruction_nasale,toux,yeux_qui_piquent,,,,,,,,,rhinite_allergique
fatigue,fievre,mal_gorge,maux_de_tete,nez_qui_coule,perte_appetit,,,,,,,,,,grippe
fievre_cyclique,frissons,maux_de_tete,nausees,sueurs,vomissements,,,,,,,,,,paludisme
crampes,diarrhee,douleurs_abdominales,fatigue,fievre,nausees,vomissements,,,,,,,,,gastroenterite
anxiete,douleur_bras_gauche,douleur_thoracique,essoufflement,nausees,,,,,,,,,,,infarctus
diarrhee,douleurs_musculaires,essoufflement,fatigue,fievre,maux_de_tete,perte_odorat,toux_seche,,,,,,,,covid19
demangeaisons,eternuements,nez_qui_coule,obstruction_nasale,,,,,,,,,,,,rhinite_allergique
demangeaisons,douleurs_articulaires,inflammation,ongles_epaissis,peau_ecailleuse,plaques_peau,sensibilite_peau,,,,,,,,,psoriasis
maux_de_tete_intense,nausees,sensibilite_lumiere,vertiges,,,,,,,,,,,,migraine
confusion,faiblesse_bras,maux_de_tete_soudain,paralysie_faciale,perte_equilibre,trouble_vision,vertiges,,,,,,,,,avc
chaleur_articulaire,douleurs_articulaires,gonflement_articulations,limitation_mouvement,raideur_matinale,,,,,,,,,,,arthrite
difficulte_a_parler,essoufflement,oppression_thoracique,sifflement_respiratoire,toux_seche,,,,,,,,,,,asthme
demangeaisons,eternuements,nez_qui_coule,obstruction_nasale,,,,,,,,,,,,rhinite_allergique
diarrhee,essoufflement,fatigue,fievre,mal_gorge,perte_odorat,toux_seche,,,,,,,,,covid19
anxiete,douleur_bras_gauche,essoufflement,nausees,sueurs_froides,vertiges,,,,,,,,,,infarctus
douleur_thoracique,essoufflement,expectorations,fatigue,fievre,frissons,toux,,,,,,,,,pneumonie
diarrhee,douleur_abdominale_droite,douleur_au_mouvement,fievre,nausees,vomissements,,,,,,,,,,appendicite
difficulte_a_avaler,fatigue,ganglions_gonfles,mal_gorge,maux_de_tete,nausees,,,,,,,,,,angine
brulures_estomac,douleurs_abdominales,faim_douloureuse,nausees,perte_de_poids,sang_dans_selles,,,,,,,,,,ulcere_gastrique
fatigue,maux_de_tete_intense,sensibilite_bruit,sensibilite_lumiere,,,,,,,,,,,,migraine
aura,confusion_post_crise,fatigue_post_crise,incontinence,morsure_langue,perte_conscience,,,,,,,,,,epilepsie
brulures_estomac,douleurs_abdominales,faim_douloureuse,nausees,perte_de_poids,sang_dans_selles,vomissements,,,,,,,,,ulcere_gastrique
anxiete,essoufflement,fatigue,syncope,vertiges,,,,,,,,,,,arythmie
anxiete,douleur_thoracique,essoufflement,fatigue,palpitations,syncope,vertiges,,,,,,,,,arythmie
douleurs_articulaires,inflammation,peau_ecailleuse,plaques_peau,sensibilite_peau,,,,,,,,,,,psoriasis
anxiete,douleur_bras_gauche,douleur_thoracique,essoufflement,fatigue_extreme,sueurs_froides,,,,,,,,,,infarctus
anxiete,douleur_bras_gauche,douleur_thoracique,essoufflement,fatigue_extreme,nausees,sueurs_froides,vertiges,,,,,,,,infarctus
difficulte_a_parler,essoufflement,oppression_thoracique,toux_seche,,,,,,,,,,,,asthme
abdomen_gonflé,fatigue,oedemes_jambes,palpitations,prise_de_poids,toux_nocturne,,,,,,,,,,insuffisance_cardiaque
douleurs_musculaires,fievre,maux_de_tete,nez_qui_coule,perte_appetit,toux,,,,,,,,,,grippe
douleur_abdominale_droite,fatigue,jaunisse,perte_appetit,urine_foncee,vomissements,,,,,,,,,,hepatite
croutes,demangeaisons,eruption_cutanee,peau_rouge,peau_seche,,,,,,,,,,,eczema
difficulte_a_avaler,fievre,ganglions_gonfles,nausees,,,,,,,,,,,,angine
douleurs_musculaires,fatigue,fievre,frissons,mal_gorge,,,,,,,,,,,grippe
douleurs_musculaires,essoufflement,fatigue,fievre,mal_gorge,maux_de_tete,toux_seche,,,,,,,,,covid19
constipation,douleur_abdominale_droite,nausees,vomissements,,,,,,,,,,,,appendicite
fievre,hemoptysie,perte_appetit,perte_de_poids,toux_chronique,,,,,,,,,,,tuberculose
difficulte_a_avaler,fievre,ganglions_gonfles,mal_gorge,toux,,,,,,,,,,,angine
diarrhee,fatigue,fievre,nausees,perte_appetit,vomissements,,,,,,,,,,gastroenterite
essoufflement,expectorations,fatigue,fievre,toux,,,,,,,,,,,bronchite
douleur_dos,douleur_position,fatigue,irradiation_jambe,limitation_mouvement,raideur_dos,spasmes_musculaires,,,,,,,,,lombalgie
douleur_abdominale_droite,fatigue,fievre,jaunisse,perte_appetit,selles_decolorees,vomissements,,,,,,,,,hepatite
demangeaisons,eruption_cutanee,inflammation,peau_rouge,peau_seche,sensibilite_peau,,,,,,,,,,eczema
confusion_post_crise,convulsions,fatigue_post_crise,incontinence,perte_conscience,,,,,,,,,,,epilepsie
confusion,eruption_cutanee,fievre,maux_de_tete_intense,nausees,photophobie,raideur_nuque,vomissements,,,,,,,,meningite
cicatrisation_lente,fatigue,fourmillements,perte_de_poids,soif_excessive,urines_frequentes,vision_trouble,,,,,,,,,diabete_type2
brulures_estomac,douleurs_abdominales,nausees,perte_de_poids,sang_dans_selles,vomissements,,,,,,,,,,ulcere_gastrique
demangeaisons,eternuements,fatigue,obstruction_nasale,toux,yeux_qui_piquent,,,,,,,,,,rhinite_allergique
confusion,faiblesse_bras,paralysie_faciale,perte_equilibre,trouble_parole,vertiges,,,,,,,,,,avc
constipation,douleur_abdominale_droite,douleur_au_mouvement,fievre,nausees,vomissements,,,,,,,,,,appendicite
aura,convulsions,fatigue_post_crise,incontinence,perte_conscience,,,,,,,,,,,epilepsie
abdomen_gonflé,essoufflement,fatigue,oedemes_jambes,palpitations,prise_de_poids,toux_nocturne,vertiges,,,,,,,,insuffisance_cardiaque
abdomen_gonflé,essoufflement,fatigue,oedemes_jambes,palpitations,prise_de_poids,toux_nocturne,vertiges,,,,,,,,insuffisance_cardiaque
douleur_thoracique,essoufflement,expectorations,fatigue,fievre,frissons,sueurs_nocturnes,toux,,,,,,,,pneumonie
diarrhee,douleur_au_mouvement,fievre,nausees,perte_appetit,vomissements,,,,,,,,,,appendicite
cicatrisation_lente,faim_excessive,fatigue,fourmillements,perte_de_poids,soif_excessive,urines_frequentes,,,,,,,,,diabete_type2
confusion,paralysie_faciale,perte_equilibre,trouble_parole,trouble_vision,,,,,,,,,,,avc
demangeaisons,douleurs_articulaires,inflammation,peau_ecailleuse,plaques_peau,sensibilite_peau,,,,,,,,,,psoriasis
douleur_thoracique,essoufflement,palpitations,syncope,vertiges,,,,,,,,,,,arythmie
douleur_dos,douleur_position,fatigue,irradiation_jambe,raideur_dos,spasmes_musculaires,,,,,,,,,,lombalgie
douleurs_articulaires,inflammation,peau_ecailleuse,plaques_peau,sensibilite_peau,,,,,,,,,,,psoriasis
anxiete,essoufflement,fatigue,palpitations,syncope,,,,,,,,,,,arythmie
croutes,demangeaisons,eruption_cutanee,peau_rouge,peau_seche,sensibilite_peau,,,,,,,,,,eczema
fatigue,fievre,perte_appetit,perte_de_poids,toux_chronique,,,,,,,,,,,tuberculose
demangeaisons,eternuements,fatigue,maux_de_tete,nez_qui_coule,obstruction_nasale,,,,,,,,,,rhinite_allergique
douleur_thoracique,essoufflement,fatigue,palpitations,vertiges,,,,,,,,,,,arythmie
